Y,T,year,PV,Wind_Onshore,Wind_Offshore
25,1,2004.0,0.008416666666666668,0.5032249999999999,0.7682916666666667
25,2,2004.0,0.0156,0.52995,0.41841999999999996
25,3,2004.0,0.00027272727272727274,0.27548181818181816,0.37835454545454544
25,4,2004.0,0.04230769230769231,0.13190000000000002,0.2725230769230769
25,5,2004.0,0.011782608695652175,0.3436695652173913,0.339804347826087
25,6,2004.0,0.0,0.16639000000000004,0.40332999999999997
25,7,2004.0,0.013208333333333336,0.1535958333333333,0.22344166666666673
25,8,2004.0,0.010133333333333334,0.4449933333333333,0.4070133333333334
25,9,2004.0,0.040105263157894734,0.4913894736842106,0.6528578947368421
25,10,2004.0,0.0009411764705882353,0.3064823529411765,0.37870000000000004
25,11,2004.0,0.014571428571428572,0.6625666666666666,0.7474809523809525
25,12,2004.0,0.011307692307692307,0.5086923076923078,0.8677230769230768
25,13,2004.0,0.0,0.4807636363636364,0.5549818181818181
25,14,2004.0,0.025437500000000002,0.38719999999999993,0.6311687500000001
25,15,2004.0,0.016733333333333333,0.42793333333333333,0.40535999999999994
25,16,2004.0,0.0027777777777777775,0.666511111111111,0.642411111111111
25,17,2004.0,0.0,0.7399375,0.810875
25,18,2004.0,0.031,0.7226714285714287,0.8860285714285714
25,19,2004.0,0.0,0.5745399999999999,0.8093
25,20,2004.0,0.038,0.4293866666666667,0.47827333333333333
25,21,2004.0,0.01634375,0.42974062500000004,0.837746875
25,22,2004.0,0.025500000000000005,0.3119166666666666,0.33089166666666664
25,23,2004.0,0.0,0.35979999999999995,0.6051692307692307
25,24,2004.0,0.03575,0.23485,0.47363749999999993
25,25,2004.0,0.000125,0.37716249999999996,0.74906875
25,26,2004.0,0.053785714285714284,0.26350714285714283,0.7095214285714286
25,27,2004.0,0.0,0.15292,0.40336000000000005
25,28,2004.0,0.06026666666666667,0.17072000000000004,0.4447933333333333
25,29,2004.0,0.0,0.23703333333333332,0.39537777777777783
25,30,2004.0,0.0453,0.40736,0.33704999999999996
25,31,2004.0,0.0,0.6208642857142858,0.7268357142857143
25,32,2004.0,0.023,0.6773999999999999,0.8715533333333332
25,33,2004.0,0.0,0.31731999999999994,0.6809999999999999
25,34,2004.0,0.014684210526315791,0.17227105263157894,0.2013921052631579
25,35,2004.0,0.0,0.2855000000000001,0.32047777777777786
25,36,2004.0,0.0206,0.2015733333333333,0.31108666666666657
25,37,2004.0,0.0,0.12945555555555555,0.15187777777777778
25,38,2004.0,0.029449999999999997,0.3687549999999999,0.4665399999999999
25,39,2004.0,0.0,0.269225,0.33891249999999995
25,40,2004.0,0.033166666666666664,0.10267083333333332,0.10602083333333333
25,41,2004.0,0.036230769230769226,0.2800153846153846,0.408725641025641
25,42,2004.0,0.01025,0.5248999999999999,0.6584666666666666
25,43,2004.0,0.054363636363636364,0.6810545454545456,0.840018181818182
25,44,2004.0,0.00375,0.46707499999999996,0.785775
25,45,2004.0,0.10253846153846154,0.4197076923076922,0.7111
25,46,2004.0,0.0,0.4371555555555555,0.6631777777777779
25,47,2004.0,0.016285714285714285,0.3470928571428571,0.7551357142857142
25,48,2004.0,0.0,0.28144,0.75524
25,49,2004.0,0.0166,0.5567799999999998,0.8541000000000002
25,50,2004.0,0.0,0.19844285714285714,0.5304285714285714
25,51,2004.0,0.033878787878787876,0.5183848484848483,0.7825515151515151
25,52,2004.0,0.02071875,0.7881031250000002,0.9136749999999999
25,53,2004.0,0.001090909090909091,0.6448727272727273,0.7040181818181818
25,54,2004.0,0.08916666666666666,0.3901833333333333,0.8623500000000001
25,55,2004.0,0.0018125,0.6498562500000001,0.8407687500000001
25,56,2004.0,0.05515,0.6295774999999999,0.6499075000000001
25,57,2004.0,0.0,0.7289375,0.891475
25,58,2004.0,0.08218749999999998,0.7770812500000001,0.8838625000000001
25,59,2004.0,0.021272727272727273,0.8788181818181818,0.970518181818182
25,60,2004.0,0.19762500000000002,0.6718875000000001,0.8928375000000001
25,61,2004.0,0.0,0.32732,0.65072
25,62,2004.0,0.0,0.197125,0.42869999999999997
25,63,2004.0,0.10378571428571429,0.1491357142857143,0.1782857142857143
25,64,2004.0,0.0,0.3861857142857143,0.27917142857142857
25,65,2004.0,0.031142857142857146,0.5658904761904762,0.6290190476190476
25,66,2004.0,0.0053750000000000004,0.24085,0.418275
25,67,2004.0,0.03615277777777778,0.09677638888888891,0.11041388888888887
25,68,2004.0,0.10708333333333335,0.03591666666666667,0.0626
25,69,2004.0,0.01946153846153846,0.040615384615384616,0.08656153846153848
25,70,2004.0,0.2695,0.028133333333333333,0.09991666666666665
25,71,2004.0,0.040299999999999996,0.05677,0.06741333333333331
25,72,2004.0,0.0004,0.16392999999999996,0.10563
25,73,2004.0,0.22657142857142856,0.14717142857142856,0.17487142857142857
25,74,2004.0,0.02668421052631579,0.11652631578947369,0.3011473684210527
25,75,2004.0,0.34400000000000003,0.08168333333333333,0.33843333333333336
25,76,2004.0,0.011235294117647059,0.11064117647058824,0.4570411764705883
25,77,2004.0,0.34757142857142853,0.11888571428571429,0.4492285714285714
25,78,2004.0,0.005125,0.15746875,0.5669312500000001
25,79,2004.0,0.32375000000000004,0.19757499999999997,0.5968500000000001
25,80,2004.0,0.006714285714285714,0.2154,0.5146428571428572
25,81,2004.0,0.0,0.129725,0.26913750000000003
25,82,2004.0,0.2295,0.1570875,0.36806249999999996
25,83,2004.0,0.010375,0.36691250000000003,0.58341875
25,84,2004.0,0.25333333333333335,0.6008666666666667,0.7826111111111113
25,85,2004.0,0.007666666666666666,0.45164999999999994,0.7331333333333333
25,86,2004.0,0.0026,0.27674,0.5914400000000001
25,87,2004.0,0.25062500000000004,0.2548375,0.376875
25,88,2004.0,0.028097560975609753,0.36406097560975603,0.4323048780487805
25,89,2004.0,0.227,0.49790000000000006,0.5568571428571428
25,90,2004.0,0.0022,0.42626666666666674,0.61028
25,91,2004.0,0.08793333333333334,0.4309466666666666,0.48540666666666665
25,92,2004.0,0.0,0.5115888888888889,0.5825555555555555
25,93,2004.0,0.2035,0.48471250000000005,0.46943749999999995
25,94,2004.0,0.010499999999999999,0.34489375,0.49185625
25,95,2004.0,0.2335,0.2699,0.3387
25,96,2004.0,0.024444444444444442,0.15531111111111112,0.3068833333333333
25,97,2004.0,0.3955714285714285,0.08804285714285716,0.17502857142857145
25,98,2004.0,0.012375,0.09045,0.15984375
25,99,2004.0,0.44999999999999996,0.10730000000000002,0.06764999999999999
25,100,2004.0,0.0148125,0.1531375,0.15218125
25,101,2004.0,0.44025000000000003,0.251925,0.19313750000000002
25,102,2004.0,0.0401,0.35903,0.3609166666666667
25,103,2004.0,0.0,0.1479,0.28320000000000006
25,104,2004.0,0.08253333333333333,0.09857333333333333,0.06302
25,105,2004.0,0.0,0.06293333333333333,0.03607777777777778
25,106,2004.0,0.10312500000000001,0.03944375,0.064675
25,107,2004.0,0.0,0.10467499999999999,0.14959999999999998
25,108,2004.0,0.1981111111111111,0.15487777777777778,0.19261111111111112
25,109,2004.0,0.02488888888888889,0.2919333333333334,0.2699111111111111
25,110,2004.0,0.3786,0.27138,0.29952
25,111,2004.0,0.037722222222222226,0.10136666666666665,0.23212777777777774
25,112,2004.0,0.5028333333333334,0.049449999999999994,0.15945
25,113,2004.0,0.03323529411764706,0.07345294117647058,0.2604588235294118
25,114,2004.0,0.37311111111111117,0.10644444444444444,0.30051111111111106
25,115,2004.0,0.0190625,0.21644375,0.35839375
25,116,2004.0,0.34085714285714286,0.22802857142857144,0.29371428571428565
25,117,2004.0,0.014705882352941176,0.2978470588235294,0.3200882352941176
25,118,2004.0,0.225,0.6726666666666667,0.5608333333333332
25,119,2004.0,0.0094375,0.6607250000000001,0.7417562500000001
25,120,2004.0,0.1388888888888889,0.5302,0.6062555555555555
25,121,2004.0,0.0030666666666666668,0.18144,0.30606666666666676
25,122,2004.0,0.22311111111111112,0.20758888888888885,0.5396666666666667
25,123,2004.0,0.006933333333333333,0.36473333333333335,0.6578666666666666
25,124,2004.0,0.06312499999999999,0.7933687499999998,0.9113937500000001
25,125,2004.0,0.07004347826086957,0.6977478260869564,0.778491304347826
25,126,2004.0,0.005300000000000001,0.51613,0.7067899999999999
25,127,2004.0,0.11538888888888886,0.7442499999999996,0.7395722222222223
25,128,2004.0,0.01,0.59515,0.44668333333333327
25,129,2004.0,0.24333333333333332,0.5832,0.3407666666666666
25,130,2004.0,0.010125,0.2790125,0.22723749999999998
25,131,2004.0,0.20066666666666666,0.6017833333333332,0.52795
25,132,2004.0,0.0115625,0.48080625,0.7247062499999999
25,133,2004.0,0.12990909090909092,0.5995909090909092,0.9261818181818184
25,134,2004.0,0.00015384615384615385,0.4188153846153846,0.6694076923076923
25,135,2004.0,0.0766,0.7782866666666667,0.9683933333333332
25,136,2004.0,0.001,0.5124777777777777,0.9001444444444444
25,137,2004.0,0.1445,0.39734375,0.8139437499999997
25,138,2004.0,0.001,0.344,0.6347
25,139,2004.0,0.1575333333333333,0.36198,0.47143333333333337
25,140,2004.0,0.007999999999999998,0.2411,0.27240999999999993
25,141,2004.0,0.3315714285714286,0.3337428571428572,0.23479999999999998
25,142,2004.0,0.034333333333333334,0.2710444444444444,0.36014999999999997
25,143,2004.0,0.3673333333333333,0.30675,0.47123333333333334
25,144,2004.0,0.020600000000000004,0.2606933333333334,0.29612666666666665
25,145,2004.0,0.23890909090909093,0.31414545454545456,0.26910909090909096
25,146,2004.0,0.0200625,0.12539375000000003,0.14137499999999997
25,147,2004.0,0.33442857142857146,0.15345714285714288,0.10565714285714285
25,148,2004.0,0.008071428571428571,0.18080000000000002,0.11578571428571428
25,149,2004.0,0.12846666666666667,0.09011333333333334,0.09962000000000001
25,150,2004.0,0.021916666666666668,0.22893333333333332,0.2252833333333333
25,151,2004.0,0.36900000000000005,0.4136428571428571,0.3089714285714286
25,152,2004.0,0.03035294117647059,0.13155882352941173,0.13772941176470588
25,153,2004.0,0.4362857142857142,0.07158571428571428,0.02112857142857143
25,154,2004.0,0.03964705882352942,0.09938823529411767,0.20345294117647061
25,155,2004.0,0.49699999999999994,0.23231666666666664,0.46878333333333333
25,156,2004.0,0.03894117647058823,0.31143529411764703,0.5182941176470588
25,157,2004.0,0.44488888888888883,0.4543555555555556,0.47397777777777783
25,158,2004.0,0.023625,0.33621875000000007,0.44266250000000007
25,159,2004.0,0.3457142857142857,0.43351428571428574,0.41795714285714286
25,160,2004.0,0.015444444444444446,0.3963222222222222,0.5821444444444445
25,161,2004.0,0.0,0.29662,0.3070399999999999
25,162,2004.0,0.18791666666666665,0.25618333333333326,0.18915833333333334
25,163,2004.0,0.0013846153846153847,0.3405461538461538,0.424
25,164,2004.0,0.20644444444444446,0.5649,0.7038222222222222
25,165,2004.0,0.020812499999999998,0.3547125,0.70555625
25,166,2004.0,0.305375,0.5035375,0.7329125
25,167,2004.0,0.034944444444444445,0.43212777777777783,0.7440611111111113
25,168,2004.0,0.274,0.6412833333333333,0.81975
25,169,2004.0,0.028705882352941175,0.41607058823529414,0.7250117647058821
25,170,2004.0,0.29857142857142854,0.38617142857142855,0.48522857142857145
25,171,2004.0,0.0243125,0.3086625,0.45780624999999997
25,172,2004.0,0.35577777777777775,0.3280222222222222,0.37704444444444446
25,173,2004.0,0.0162,0.18003333333333338,0.27848666666666666
25,174,2004.0,0.32357142857142857,0.1281,0.2949857142857143
25,175,2004.0,0.03811111111111111,0.11640555555555555,0.15333888888888889
25,176,2004.0,0.36814285714285716,0.16809999999999997,0.1166857142857143
25,177,2004.0,0.0215625,0.11674375000000001,0.1623
25,178,2004.0,0.29600000000000004,0.056787500000000005,0.19995
25,179,2004.0,0.016071428571428573,0.06718571428571428,0.10839285714285715
25,180,2004.0,0.2632,0.05118,0.04706
25,181,2004.0,0.021625000000000002,0.062256250000000006,0.06283750000000002
25,182,2004.0,0.38449999999999995,0.11750000000000001,0.08543750000000001
25,183,2004.0,0.03682352941176471,0.12917058823529412,0.06472941176470588
25,184,2004.0,0.371,0.2617333333333333,0.0626
25,185,2004.0,0.04416666666666666,0.29694444444444446,0.20882222222222227
25,186,2004.0,0.31237499999999996,0.5151125000000001,0.3543125
25,187,2004.0,0.007153846153846154,0.536876923076923,0.41891538461538463
25,188,2004.0,0.23430000000000004,0.3392400000000001,0.39425999999999994
25,189,2004.0,0.0229375,0.12425,0.17046250000000002
25,190,2004.0,0.32825,0.08826250000000001,0.09078750000000001
25,191,2004.0,0.04405882352941176,0.09184117647058825,0.12121176470588235
25,192,2004.0,0.396,0.47285,0.3265
25,193,2004.0,0.11411111111111111,0.6007222222222222,0.6678000000000001
25,194,2004.0,0.07123529411764706,0.23240294117647053,0.6359470588235294
25,195,2004.0,0.3972222222222222,0.5018777777777778,0.35696666666666665
25,196,2004.0,0.044875,0.23612499999999997,0.19546875000000005
25,197,2004.0,0.40771428571428575,0.26921428571428574,0.22822857142857142
25,198,2004.0,0.025375,0.49294374999999996,0.5728750000000001
25,199,2004.0,0.2152,0.69526,0.64096
25,200,2004.0,0.004857142857142858,0.46707142857142864,0.5770142857142858
25,201,2004.0,0.04328571428571428,0.2535142857142857,0.2422
25,202,2004.0,0.47822222222222216,0.36295555555555553,0.1889111111111111
25,203,2004.0,0.029200000000000004,0.16214666666666666,0.17416000000000004
25,204,2004.0,0.35900000000000004,0.18016250000000003,0.1633375
25,205,2004.0,0.035500000000000004,0.15103125,0.13261250000000002
25,206,2004.0,0.44375,0.16178750000000003,0.034325
25,207,2004.0,0.036875000000000005,0.08330625,0.062418749999999995
25,208,2004.0,0.44199999999999995,0.04756250000000001,0.0428125
25,209,2004.0,0.028285714285714286,0.054514285714285696,0.11353571428571431
25,210,2004.0,0.3931111111111111,0.030988888888888892,0.05740000000000001
25,211,2004.0,0.04094117647058824,0.12045294117647058,0.1639235294117647
25,212,2004.0,0.3026666666666667,0.15566666666666665,0.23544444444444446
25,213,2004.0,0.01442857142857143,0.1638928571428572,0.42007857142857147
25,214,2004.0,0.32255555555555554,0.24801111111111115,0.43621111111111116
25,215,2004.0,0.035125,0.3352,0.36550625000000003
25,216,2004.0,0.3432222222222222,0.6119222222222221,0.4127555555555556
25,217,2004.0,0.010153846153846154,0.37328461538461527,0.21320769230769232
25,218,2004.0,0.19619999999999999,0.32017999999999996,0.4006866666666667
25,219,2004.0,0.027181818181818182,0.1962727272727273,0.28564545454545454
25,220,2004.0,0.40700000000000003,0.08882499999999999,0.19855
25,221,2004.0,0.0440625,0.066875,0.11258749999999998
25,222,2004.0,0.46085714285714285,0.15504285714285712,0.09031428571428571
25,223,2004.0,0.056352941176470585,0.28052352941176467,0.2573764705882353
25,224,2004.0,0.41922222222222216,0.26848888888888894,0.25853333333333334
25,225,2004.0,0.0404,0.21302000000000004,0.19864
25,226,2004.0,0.011,0.42084,0.5711899999999999
25,227,2004.0,0.2844285714285715,0.21652857142857143,0.6526857142857142
25,228,2004.0,0.034375,0.13956875000000002,0.38580000000000003
25,229,2004.0,0.3317777777777777,0.1690888888888889,0.31736666666666663
25,230,2004.0,0.04994117647058823,0.14848823529411767,0.23916470588235292
25,231,2004.0,0.4858571428571428,0.17237142857142856,0.11419999999999998
25,232,2004.0,0.06929411764705883,0.0599529411764706,0.045558823529411756
25,233,2004.0,0.43300000000000005,0.08839999999999999,0.22005
25,234,2004.0,0.03952941176470588,0.21457058823529415,0.5668882352941177
25,235,2004.0,0.323375,0.20243750000000002,0.3624
25,236,2004.0,0.023285714285714288,0.10841428571428569,0.16065714285714286
25,237,2004.0,0.22599999999999998,0.056318181818181816,0.10903636363636365
25,238,2004.0,0.015230769230769233,0.07783846153846154,0.12074615384615384
25,239,2004.0,0.3851818181818181,0.0694090909090909,0.09290909090909091
25,240,2004.0,0.03273333333333333,0.07145333333333333,0.09869333333333333
25,241,2004.0,0.38087499999999996,0.0393875,0.1311375
25,242,2004.0,0.044562500000000005,0.05334375,0.15684375
25,243,2004.0,0.3758888888888889,0.03264444444444445,0.16406666666666667
25,244,2004.0,0.03186666666666667,0.07328,0.15332666666666667
25,245,2004.0,0.355375,0.0666625,0.06442500000000001
25,246,2004.0,0.03,0.0882142857142857,0.08427857142857142
25,247,2004.0,0.3119,0.21149999999999997,0.07786
25,248,2004.0,0.03014285714285714,0.21340714285714288,0.15134999999999996
25,249,2004.0,0.4257000000000001,0.19855,0.07239999999999999
25,250,2004.0,0.03878571428571429,0.1240785714285714,0.02650714285714286
25,251,2004.0,0.4513000000000001,0.08869,0.03662
25,252,2004.0,0.04735714285714286,0.16693571428571424,0.12748571428571429
25,253,2004.0,0.4197,0.3424600000000001,0.16892999999999997
25,254,2004.0,0.06231250000000001,0.27573125,0.12366250000000001
25,255,2004.0,0.4635555555555555,0.413888888888889,0.1358222222222222
25,256,2004.0,0.05246666666666666,0.4415133333333333,0.31817333333333336
25,257,2004.0,0.512111111111111,0.40891111111111106,0.3126444444444444
25,258,2004.0,0.02623076923076923,0.16303846153846158,0.1150076923076923
25,259,2004.0,0.4106000000000001,0.14993,0.12272000000000002
25,260,2004.0,0.059875000000000005,0.12155625,0.23346874999999997
25,261,2004.0,0.49,0.077275,0.220425
25,262,2004.0,0.04757142857142858,0.10463571428571429,0.24587142857142852
25,263,2004.0,0.49445454545454554,0.1165181818181818,0.20293636363636364
25,264,2004.0,0.06493333333333333,0.09480666666666666,0.18541333333333332
25,265,2004.0,0.5263333333333333,0.17675555555555558,0.0961
25,266,2004.0,0.06026666666666668,0.19977999999999999,0.11148666666666668
25,267,2004.0,0.5325,0.2561625,0.1325125
25,268,2004.0,0.05566666666666666,0.14594,0.10076666666666667
25,269,2004.0,0.5173333333333334,0.05485555555555555,0.07300000000000001
25,270,2004.0,0.056533333333333324,0.07634000000000002,0.11064666666666668
25,271,2004.0,0.4591111111111112,0.03242222222222222,0.07565555555555555
25,272,2004.0,0.055066666666666673,0.06124666666666667,0.10496666666666667
25,273,2004.0,0.4687272727272726,0.07982727272727272,0.15680000000000002
25,274,2004.0,0.03478571428571429,0.2339571428571428,0.2855857142857143
25,275,2004.0,0.308,0.34076249999999997,0.31408749999999996
25,276,2004.0,0.027142857142857142,0.24685714285714286,0.32615714285714287
25,277,2004.0,0.23,0.21134545454545456,0.2727272727272727
25,278,2004.0,0.02453846153846154,0.13108461538461538,0.18020769230769235
25,279,2004.0,0.33999999999999997,0.05152727272727273,0.09373636363636363
25,280,2004.0,0.03892857142857143,0.03946428571428572,0.09330714285714288
25,281,2004.0,0.4096666666666666,0.05778888888888889,0.05243333333333333
25,282,2004.0,0.0314,0.06910666666666665,0.13407333333333332
25,283,2004.0,0.2742727272727273,0.10857272727272727,0.1619818181818182
25,284,2004.0,0.03023076923076923,0.16503076923076923,0.22941538461538463
25,285,2004.0,0.48512500000000003,0.09757500000000001,0.249875
25,286,2004.0,0.05620000000000001,0.10706666666666664,0.13992666666666667
25,287,2004.0,0.2611818181818182,0.32180000000000003,0.19745454545454547
25,288,2004.0,0.04093333333333333,0.2967133333333333,0.26460666666666666
25,289,2004.0,0.34136363636363637,0.41563636363636364,0.28020909090909085
25,290,2004.0,0.026333333333333334,0.15369166666666667,0.2103083333333334
25,291,2004.0,0.3711,0.13743,0.07329
25,292,2004.0,0.023923076923076922,0.12356923076923075,0.10211538461538462
25,293,2004.0,0.32449999999999996,0.16301000000000004,0.13937
25,294,2004.0,0.039714285714285716,0.1356,0.19051428571428572
25,295,2004.0,0.35975,0.11465833333333332,0.06914166666666666
25,296,2004.0,0.024384615384615387,0.10884615384615384,0.14872307692307693
25,297,2004.0,0.3052,0.20751,0.24026999999999998
25,298,2004.0,0.03933333333333334,0.1471533333333333,0.33447999999999994
25,299,2004.0,0.3846,0.31145999999999996,0.29832000000000003
25,300,2004.0,0.029,0.20343076923076925,0.26637692307692307
25,301,2004.0,0.4181000000000001,0.37136,0.40967000000000003
25,302,2004.0,0.030384615384615392,0.28062307692307686,0.5319153846153847
25,303,2004.0,0.37966666666666665,0.43447499999999994,0.4324833333333334
25,304,2004.0,0.050071428571428565,0.2929857142857143,0.4522714285714286
25,305,2004.0,0.508,0.16488888888888886,0.39303333333333335
25,306,2004.0,0.033846153846153845,0.09353846153846154,0.17436923076923078
25,307,2004.0,0.40358333333333324,0.32659166666666667,0.14125000000000001
25,308,2004.0,0.055,0.33390714285714285,0.25402857142857144
25,309,2004.0,0.5412500000000001,0.5389875,0.2756
25,310,2004.0,0.082375,0.47430625,0.36201874999999994
25,311,2004.0,0.5154285714285713,0.41312857142857146,0.41814285714285715
25,312,2004.0,0.22299999999999998,0.2766,0.279525
25,313,2004.0,0.009909090909090909,0.08079090909090908,0.08709999999999998
25,314,2004.0,0.29450000000000004,0.18075714285714284,0.18597142857142854
25,315,2004.0,0.01,0.3444900000000001,0.60575
25,316,2004.0,0.415875,0.3056875,0.609725
25,317,2004.0,0.09033333333333332,0.17231111111111108,0.3194277777777777
25,318,2004.0,0.4407499999999999,0.18845,0.3020375
25,319,2004.0,0.047214285714285716,0.20179285714285713,0.2469714285714286
25,320,2004.0,0.35518181818181815,0.35790909090909095,0.3122363636363637
25,321,2004.0,0.03528571428571429,0.22909285714285713,0.34472142857142846
25,322,2004.0,0.38550000000000006,0.11565999999999999,0.16467
25,323,2004.0,0.027692307692307697,0.04384615384615384,0.0761923076923077
25,324,2004.0,0.3634545454545454,0.029281818181818183,0.056536363636363635
25,325,2004.0,0.04357142857142858,0.03392142857142857,0.06152857142857144
25,326,2004.0,0.47275,0.06711249999999999,0.1372
25,327,2004.0,0.12380000000000002,0.21768,0.43572
25,328,2004.0,0.00028571428571428574,0.42960000000000004,0.7534
25,329,2004.0,0.17657142857142857,0.5838857142857143,0.5713928571428571
25,330,2004.0,0.03566666666666666,0.6319333333333332,0.9018133333333335
25,331,2004.0,0.34387500000000004,0.6488,0.8903999999999999
25,332,2004.0,0.08166666666666667,0.4543333333333333,0.7593333333333333
25,333,2004.0,0.03622222222222222,0.29517777777777776,0.5506333333333333
25,334,2004.0,0.5373,0.11080000000000001,0.18545000000000003
25,335,2004.0,0.05166666666666666,0.17335333333333333,0.20350666666666667
25,336,2004.0,0.21259999999999998,0.5134399999999999,0.45721
25,337,2004.0,0.03338461538461539,0.25374615384615384,0.3335384615384615
25,338,2004.0,0.481,0.25392000000000003,0.38286
25,339,2004.0,0.03238461538461539,0.26009999999999994,0.4197538461538461
25,340,2004.0,0.430090909090909,0.23351818181818185,0.2668090909090909
25,341,2004.0,0.041285714285714294,0.15814999999999999,0.3232285714285715
25,342,2004.0,0.38012499999999994,0.1945875,0.2708625
25,343,2004.0,0.06111764705882353,0.31918823529411766,0.4172764705882353
25,344,2004.0,0.3593333333333334,0.4129888888888889,0.5458000000000001
25,345,2004.0,0.033615384615384616,0.2657076923076923,0.39879999999999993
25,346,2004.0,0.3928333333333333,0.2889083333333334,0.4143416666666666
25,347,2004.0,0.05035714285714286,0.18437857142857145,0.35782857142857133
25,348,2004.0,0.43311111111111106,0.29682222222222227,0.47781111111111113
25,349,2004.0,0.0516,0.24305333333333332,0.6600266666666668
25,350,2004.0,0.39790000000000003,0.33807,0.7367100000000001
25,351,2004.0,0.018583333333333337,0.17547499999999996,0.41321666666666673
25,352,2004.0,0.38354545454545447,0.09361818181818182,0.23976363636363637
25,353,2004.0,0.061466666666666676,0.12684666666666666,0.21657333333333334
25,354,2004.0,0.4537,0.1477,0.13735
25,355,2004.0,0.03438461538461539,0.12316153846153845,0.07696153846153846
25,356,2004.0,0.4287272727272727,0.0435090909090909,0.04281818181818182
25,357,2004.0,0.028076923076923076,0.06653846153846153,0.2986461538461539
25,358,2004.0,0.3957777777777778,0.21316666666666662,0.5754555555555556
25,359,2004.0,0.03357142857142857,0.35485714285714287,0.6724214285714286
25,360,2004.0,0.3375,0.34863,0.48642
25,361,2004.0,0.04085714285714286,0.19540714285714283,0.38890714285714284
25,362,2004.0,0.4,0.14662727272727272,0.3092181818181818
25,363,2004.0,0.026538461538461542,0.09591538461538462,0.13173076923076923
25,364,2004.0,0.29324999999999996,0.11818333333333332,0.1622916666666667
25,365,2004.0,0.034499999999999996,0.1312142857142857,0.24215714285714288
25,366,2004.0,0.41575,0.1447,0.22089999999999999
25,367,2004.0,0.0553125,0.15751250000000003,0.24499375
25,368,2004.0,0.43499999999999994,0.2543222222222222,0.2534222222222222
25,369,2004.0,0.041499999999999995,0.13920714285714283,0.12910000000000002
25,370,2004.0,0.3811666666666667,0.1163,0.0948
25,371,2004.0,0.012666666666666666,0.23799166666666668,0.36166666666666664
25,372,2004.0,0.31899999999999995,0.4945799999999999,0.5313399999999999
25,373,2004.0,0.02033333333333333,0.193975,0.20744166666666666
25,374,2004.0,0.2949090909090909,0.1109727272727273,0.12046363636363636
25,375,2004.0,0.052625000000000005,0.1106,0.189625
25,376,2004.0,0.402,0.19097777777777777,0.25707777777777774
25,377,2004.0,0.025076923076923077,0.13618461538461538,0.15276923076923074
25,378,2004.0,0.33466666666666667,0.19779166666666667,0.12789166666666665
25,379,2004.0,0.04357142857142857,0.18355714285714284,0.15573571428571428
25,380,2004.0,0.4182,0.2447,0.11682
25,381,2004.0,0.018416666666666668,0.14326666666666665,0.13561666666666666
25,382,2004.0,0.38358333333333333,0.1422,0.09425833333333333
25,383,2004.0,0.02253846153846154,0.1121846153846154,0.19190769230769236
25,384,2004.0,0.34840000000000004,0.25759,0.25764
25,385,2004.0,0.014333333333333335,0.35280000000000006,0.29969166666666675
25,386,2004.0,0.366,0.20065454545454547,0.19395454545454544
25,387,2004.0,0.050562499999999996,0.13078125000000002,0.15230624999999998
25,388,2004.0,0.323125,0.179625,0.11611250000000001
25,389,2004.0,0.05750000000000001,0.1712125,0.20384375000000002
25,390,2004.0,0.5073333333333333,0.40162222222222227,0.28925555555555554
25,391,2004.0,0.03292857142857143,0.24553571428571433,0.16437857142857143
25,392,2004.0,0.3199090909090909,0.5208545454545453,0.3684272727272727
25,393,2004.0,0.029714285714285717,0.3159785714285715,0.39451428571428565
25,394,2004.0,0.408625,0.2475,0.4720625
25,395,2004.0,0.048687499999999995,0.11850000000000001,0.180175
25,396,2004.0,0.382625,0.040987499999999996,0.048674999999999996
25,397,2004.0,0.050312499999999996,0.07365624999999999,0.09011250000000001
25,398,2004.0,0.32588888888888895,0.02814444444444444,0.051588888888888886
25,399,2004.0,0.03546666666666667,0.03591333333333334,0.08081999999999999
25,400,2004.0,0.33855555555555555,0.07173333333333333,0.1379
25,401,2004.0,0.018769230769230767,0.14943846153846158,0.2218076923076923
25,402,2004.0,0.31036363636363634,0.19167272727272727,0.18263636363636368
25,403,2004.0,0.025785714285714283,0.1072142857142857,0.17454999999999998
25,404,2004.0,0.4516666666666667,0.03966666666666667,0.12867777777777778
25,405,2004.0,0.05435294117647058,0.0348,0.08374705882352942
25,406,2004.0,0.4225,0.023837499999999998,0.041262499999999994
25,407,2004.0,0.04766666666666666,0.047593333333333335,0.06804
25,408,2004.0,0.506625,0.0765,0.083175
25,409,2004.0,0.061500000000000006,0.155125,0.22048125000000002
25,410,2004.0,0.4414444444444444,0.23711111111111116,0.30369999999999997
25,411,2004.0,0.021,0.23903076923076924,0.3636538461538461
25,412,2004.0,0.2584,0.12682,0.14815
25,413,2004.0,0.0355625,0.1013875,0.16066875
25,414,2004.0,0.3563333333333334,0.06361111111111112,0.09681111111111113
25,415,2004.0,0.03726666666666667,0.08938,0.19849999999999998
25,416,2004.0,0.3826666666666667,0.15763333333333335,0.16384444444444446
25,417,2004.0,0.038533333333333336,0.16506,0.10553999999999998
25,418,2004.0,0.49087499999999995,0.11069999999999998,0.0707875
25,419,2004.0,0.042333333333333334,0.035853333333333334,0.06491999999999999
25,420,2004.0,0.39675,0.12760000000000002,0.08297500000000001
25,421,2004.0,0.03453846153846153,0.28605384615384616,0.3907307692307692
25,422,2004.0,0.43375,0.5029999999999999,0.506275
25,423,2004.0,0.02542857142857143,0.33267857142857143,0.41724999999999995
25,424,2004.0,0.2031,0.24474999999999997,0.19419
25,425,2004.0,0.022875,0.13452499999999998,0.21638125
25,426,2004.0,0.27430000000000004,0.29088,0.18178
25,427,2004.0,0.01992857142857143,0.13767857142857143,0.0831857142857143
25,428,2004.0,0.33366666666666667,0.16094444444444445,0.11665555555555557
25,429,2004.0,0.0218,0.21530666666666665,0.31592000000000003
25,430,2004.0,0.310125,0.2806375,0.23625
25,431,2004.0,0.035625000000000004,0.20671875,0.1681875
25,432,2004.0,0.3704444444444444,0.18286666666666665,0.20575555555555558
25,433,2004.0,0.0416,0.08777333333333334,0.28322
25,434,2004.0,0.4945,0.033350000000000005,0.0664
25,435,2004.0,0.038599999999999995,0.10238,0.13989333333333334
25,436,2004.0,0.44162500000000005,0.1558875,0.16904999999999998
25,437,2004.0,0.0415,0.10863124999999998,0.20370625
25,438,2004.0,0.3214,0.12169999999999999,0.2464
25,439,2004.0,0.017142857142857144,0.09810714285714286,0.22755
25,440,2004.0,0.37399999999999994,0.1215888888888889,0.20153333333333334
25,441,2004.0,0.03475,0.15637500000000001,0.2011375
25,442,2004.0,0.026000000000000002,0.2886125,0.4826625
25,443,2004.0,0.332,0.47837142857142856,0.6160142857142857
25,444,2004.0,0.042882352941176476,0.23894117647058824,0.4937882352941176
25,445,2004.0,0.33588888888888896,0.2927333333333333,0.7645333333333333
25,446,2004.0,0.03306666666666667,0.3371066666666666,0.53458
25,447,2004.0,0.3826666666666667,0.2834333333333333,0.43076666666666663
25,448,2004.0,0.036533333333333334,0.18727333333333335,0.35696666666666665
25,449,2004.0,0.46487500000000004,0.1061875,0.17698750000000002
25,450,2004.0,0.029800000000000004,0.04438666666666667,0.04608
25,451,2004.0,0.32925,0.11384166666666667,0.15445
25,452,2004.0,0.00036363636363636367,0.3287272727272727,0.4739909090909091
25,453,2004.0,0.2136,0.39669,0.50156
25,454,2004.0,0.04388235294117647,0.2205647058823529,0.2775941176470588
25,455,2004.0,0.34528571428571425,0.1688,0.3569857142857143
25,456,2004.0,0.05294117647058823,0.18029411764705883,0.4093352941176471
25,457,2004.0,0.47266666666666673,0.23061666666666666,0.2948
25,458,2004.0,0.06566666666666666,0.17830000000000001,0.42462777777777766
25,459,2004.0,0.305,0.2149375,0.27870000000000006
25,460,2004.0,0.01275,0.463775,0.396775
25,461,2004.0,0.00044444444444444447,0.6460555555555555,0.6946333333333333
25,462,2004.0,0.30258333333333337,0.6644,0.5545166666666667
25,463,2004.0,0.022857142857142857,0.3285214285714286,0.28390714285714286
25,464,2004.0,0.39912499999999995,0.2066,0.1340375
25,465,2004.0,0.029,0.3031875,0.29785625
25,466,2004.0,0.3405,0.5580375000000001,0.6441125
25,467,2004.0,0.037875,0.4787874999999999,0.690475
25,468,2004.0,0.501,0.48892499999999994,0.655375
25,469,2004.0,0.030666666666666672,0.23292000000000002,0.43060000000000004
25,470,2004.0,0.4696666666666666,0.09896666666666668,0.1537666666666667
25,471,2004.0,0.03246666666666667,0.047146666666666656,0.055159999999999994
25,472,2004.0,0.3833333333333334,0.04496666666666666,0.03833333333333333
25,473,2004.0,0.035,0.15916875000000003,0.12226874999999998
25,474,2004.0,0.43374999999999997,0.1429625,0.11938750000000001
25,475,2004.0,0.019,0.18409999999999999,0.13952857142857142
25,476,2004.0,0.2884545454545454,0.42968181818181816,0.22342727272727278
25,477,2004.0,0.021466666666666665,0.34369333333333335,0.26926666666666665
25,478,2004.0,0.39722222222222225,0.20063333333333333,0.1283
25,479,2004.0,0.011214285714285715,0.11557142857142855,0.07077857142857143
25,480,2004.0,0.3512222222222222,0.03528888888888889,0.046955555555555556
25,481,2004.0,0.0325625,0.11632500000000001,0.1761375
25,482,2004.0,0.45324999999999993,0.24161249999999998,0.40577500000000005
25,483,2004.0,0.026866666666666667,0.1784933333333333,0.48693333333333333
25,484,2004.0,0.48300000000000004,0.13696666666666668,0.4303111111111111
25,485,2004.0,0.03273333333333333,0.17532666666666666,0.46431333333333324
25,486,2004.0,0.5048888888888888,0.1393111111111111,0.35448888888888885
25,487,2004.0,0.045562500000000006,0.1984875,0.38225
25,488,2004.0,0.512,0.15265,0.37431250000000005
25,489,2004.0,0.0316875,0.142125,0.36145625000000003
25,490,2004.0,0.32299999999999995,0.10828750000000001,0.25205
25,491,2004.0,0.024999999999999998,0.18445,0.40314999999999995
25,492,2004.0,0.0125,0.34953,0.59647
25,493,2004.0,0.3525,0.6855375,0.7406375000000001
25,494,2004.0,0.013857142857142856,0.6865428571428572,0.7909285714285713
25,495,2004.0,0.29888888888888887,0.7054555555555555,0.7871444444444445
25,496,2004.0,0.02311764705882353,0.6075294117647059,0.8586
25,497,2004.0,0.282,0.6479444444444443,0.7982111111111111
25,498,2004.0,0.034,0.4748470588235293,0.8441764705882352
25,499,2004.0,0.33714285714285713,0.4831714285714286,0.9050857142857142
25,500,2004.0,0.007714285714285715,0.4075857142857142,0.6870285714285714
25,501,2004.0,0.42100000000000004,0.16365555555555555,0.2584
25,502,2004.0,0.03666666666666667,0.08843333333333332,0.08843333333333332
25,503,2004.0,0.0,0.3179125,0.21214999999999998
25,504,2004.0,0.1346875,0.65649375,0.588225
25,505,2004.0,0.09641666666666669,0.4406166666666667,0.5450833333333333
25,506,2004.0,0.0134,0.63518,0.74552
25,507,2004.0,0.3411111111111111,0.6245222222222222,0.678711111111111
25,508,2004.0,0.005076923076923077,0.5041769230769231,0.510423076923077
25,509,2004.0,0.23411111111111108,0.5297666666666667,0.4852222222222222
25,510,2004.0,0.019,0.7453777777777778,0.7989111111111111
25,511,2004.0,0.28014285714285714,0.8394857142857143,0.9304857142857141
25,512,2004.0,0.02788235294117647,0.7910764705882354,0.913635294117647
25,513,2004.0,0.3904285714285714,0.8178142857142856,0.8851142857142857
25,514,2004.0,0.014375,0.6099687500000001,0.77666875
25,515,2004.0,0.21357142857142855,0.5171714285714286,0.5688
25,516,2004.0,0.02088235294117647,0.37757058823529416,0.5418176470588234
25,517,2004.0,0.4095,0.5498875,0.705
25,518,2004.0,0.021937500000000002,0.41649375,0.6210875000000001
25,519,2004.0,0.3755,0.293775,0.53535
25,520,2004.0,0.008928571428571428,0.20520000000000002,0.4013
25,521,2004.0,0.09866666666666668,0.43014,0.4744333333333334
25,522,2004.0,0.04323076923076923,0.3647076923076923,0.3274153846153846
25,523,2004.0,0.3016666666666667,0.6812166666666667,0.4604333333333333
25,524,2004.0,0.01025,0.5313166666666667,0.5126083333333333
25,525,2004.0,0.17650000000000002,0.24443333333333336,0.22963333333333333
25,526,2004.0,0.012999999999999998,0.2742764705882353,0.3443058823529412
25,527,2004.0,0.2531428571428571,0.2978428571428572,0.4914
25,528,2004.0,0.0066,0.11903999999999998,0.28753333333333336
25,529,2004.0,0.18155555555555558,0.08267777777777778,0.08143333333333334
25,530,2004.0,0.004999999999999999,0.2452428571428571,0.20162857142857143
25,531,2004.0,0.1099375,0.18394375000000002,0.30184374999999997
25,532,2004.0,0.04133333333333333,0.10131666666666665,0.11998333333333334
25,533,2004.0,0.258,0.4039333333333333,0.3546
25,534,2004.0,0.005857142857142857,0.4738428571428571,0.621892857142857
25,535,2004.0,0.14200000000000002,0.5484874999999999,0.680525
25,536,2004.0,0.0,0.4165625,0.5169625
25,537,2004.0,0.18357142857142858,0.33951428571428577,0.37265714285714285
25,538,2004.0,0.03457142857142857,0.40409047619047617,0.7877761904761906
25,539,2004.0,0.4321999999999999,0.60238,0.7488400000000001
25,540,2004.0,0.026823529411764708,0.6364588235294116,0.5448470588235294
25,541,2004.0,0.31342857142857145,0.6745857142857143,0.7649571428571429
25,542,2004.0,0.020058823529411768,0.6912352941176471,0.7721529411764707
25,543,2004.0,0.224,0.610375,0.8176249999999999
25,544,2004.0,0.0076875,0.3481749999999999,0.55755
25,545,2004.0,0.32725000000000004,0.18393749999999998,0.22452499999999997
25,546,2004.0,0.007857142857142856,0.15917857142857142,0.06264285714285714
25,547,2004.0,0.2632,0.14083,0.22088999999999998
25,548,2004.0,0.009187500000000001,0.15654375000000004,0.33251249999999993
25,549,2004.0,0.342375,0.2281,0.47866249999999994
25,550,2004.0,0.027944444444444445,0.2374,0.5966722222222223
25,551,2004.0,0.3612000000000001,0.28725999999999996,0.71936
25,552,2004.0,0.017823529411764707,0.27983529411764707,0.6955764705882354
25,553,2004.0,0.27249999999999996,0.3878,0.7248125
25,554,2004.0,0.04406896551724137,0.28862068965517246,0.5837896551724138
25,555,2004.0,0.06512499999999999,0.19246249999999998,0.4503166666666667
25,556,2004.0,0.0,0.09497777777777779,0.26985555555555557
25,557,2004.0,0.09466666666666668,0.07110666666666667,0.2680266666666667
25,558,2004.0,0.0,0.15154444444444443,0.04118888888888889
25,559,2004.0,0.0795625,0.20506875000000002,0.11861250000000001
25,560,2004.0,0.041861111111111106,0.30551388888888886,0.23449999999999996
25,561,2004.0,0.29860000000000003,0.16494,0.31274
25,562,2004.0,0.02315789473684211,0.12988421052631582,0.2461526315789474
25,563,2004.0,0.2851666666666666,0.1749166666666667,0.17484999999999998
25,564,2004.0,0.004071428571428571,0.24918571428571432,0.26035714285714284
25,565,2004.0,0.09153846153846154,0.3964,0.4997153846153846
25,566,2004.0,0.0,0.1753,0.2732333333333334
25,567,2004.0,0.04729411764705883,0.22451176470588236,0.516570588235294
25,568,2004.0,0.0,0.48048888888888885,0.8544555555555555
25,569,2004.0,0.0890625,0.7654375,0.9344875000000001
25,570,2004.0,0.0,0.7668375000000001,0.8286624999999999
25,571,2004.0,0.126,0.5999625,0.6239374999999999
25,572,2004.0,0.0114375,0.2578125,0.7114562499999999
25,573,2004.0,0.060500000000000005,0.15256875,0.5126875
25,574,2004.0,0.0,0.2519125,0.6717500000000001
25,575,2004.0,0.087,0.37971249999999995,0.6573062499999999
25,576,2004.0,0.0,0.3392,0.722625
25,577,2004.0,0.1767777777777778,0.45426666666666665,0.8588777777777776
25,578,2004.0,0.021875000000000002,0.2649625,0.6661624999999999
25,579,2004.0,0.0,0.0991,0.29774285714285714
25,580,2004.0,0.17370000000000002,0.07488,0.10597999999999999
25,581,2004.0,0.002230769230769231,0.20577692307692308,0.22969230769230767
25,582,2004.0,0.052875,0.34283749999999996,0.6014375000000001
25,583,2004.0,0.015000000000000003,0.6122599999999999,0.7638450000000001
25,584,2004.0,0.17525000000000002,0.2900125,0.4532625
25,585,2004.0,0.0,0.3050785714285714,0.5782714285714287
25,586,2004.0,0.07335714285714286,0.20792857142857146,0.38182142857142853
25,587,2004.0,0.05051724137931034,0.09004827586206897,0.09722586206896552
25,588,2004.0,0.049666666666666665,0.07334666666666667,0.23884666666666668
25,589,2004.0,0.05097560975609757,0.1851121951219512,0.27582926829268284
25,590,2004.0,0.009277777777777777,0.3290666666666666,0.40066111111111113
25,591,2004.0,0.26757142857142857,0.4969428571428572,0.48152857142857136
25,592,2004.0,0.001,0.5094266666666666,0.5897466666666668
25,593,2004.0,0.05740000000000001,0.3296333333333334,0.41968
25,594,2004.0,0.0,0.2320777777777778,0.4172333333333333
25,595,2004.0,0.025296875,0.15606562500000004,0.21312812500000003
25,596,2004.0,0.0015,0.18555000000000002,0.11547
25,597,2004.0,0.06471428571428571,0.32370714285714286,0.3375071428571429
25,598,2004.0,0.0025,0.50779,0.6407999999999999
25,599,2004.0,0.1113846153846154,0.30266923076923075,0.6246153846153846
25,600,2004.0,0.0,0.2725,0.40832222222222225
25,601,2004.0,0.0396875,0.3600875,0.22651875000000002
25,602,2004.0,0.0,0.591275,0.39305
25,603,2004.0,0.07566666666666667,0.6800733333333333,0.7718133333333335
25,604,2004.0,0.0,0.3705555555555555,0.688211111111111
25,605,2004.0,0.11499999999999999,0.26909374999999996,0.47645000000000004
25,606,2004.0,0.0,0.36595,0.3348
25,607,2004.0,0.06737499999999999,0.5021625000000001,0.345625
25,608,2004.0,0.02847058823529412,0.546364705882353,0.5228823529411766
25,609,2004.0,0.02032258064516129,0.19141612903225808,0.458141935483871
25,610,2004.0,0.0010999999999999998,0.53038,0.72203
25,611,2004.0,0.04492857142857143,0.8028785714285716,0.839207142857143
25,612,2004.0,0.0,0.50686,0.8111
25,613,2004.0,0.0006000000000000001,0.22214,0.55244
25,614,2004.0,0.015727272727272725,0.19360909090909093,0.2349727272727273
25,615,2004.0,0.0,0.33952727272727273,0.5550090909090909
25,616,2004.0,0.0786,0.2519133333333334,0.4421999999999999
25,617,2004.0,0.018621621621621624,0.15519459459459461,0.2541243243243242
25,618,2004.0,0.020666666666666667,0.49656666666666666,0.5124666666666667
25,619,2004.0,0.0,0.7324090909090909,0.8063000000000001
25,620,2004.0,0.06661538461538462,0.5673538461538461,0.7930076923076922
25,621,2004.0,0.0,0.21065555555555557,0.5265333333333333
25,622,2004.0,0.0165,0.21522,0.164876
25,623,2004.0,0.034733333333333324,0.33447333333333334,0.2769333333333333
25,624,2004.0,0.0,0.3239666666666667,0.3607222222222222
25,625,2004.0,0.06476923076923077,0.2862,0.40109230769230775
25,626,2004.0,0.009941176470588235,0.1973,0.2048941176470588
25,627,2004.0,0.023,0.296235294117647,0.41290588235294107
25,628,2004.0,0.0,0.13725,0.296525
25,629,2004.0,0.0512,0.21258,0.14357333333333333
25,630,2004.0,0.02675,0.34470625,0.2680625
25,631,2004.0,0.019097560975609756,0.09039999999999998,0.12617317073170733
25,632,2004.0,0.043250000000000004,0.12545,0.1107375
25,633,2004.0,0.012,0.27611562500000003,0.226603125
25,634,2004.0,0.026357142857142857,0.4507285714285714,0.2762142857142857
25,635,2004.0,0.0,0.5519100000000001,0.41033
25,636,2004.0,0.030133333333333335,0.2627,0.18655333333333335
25,637,2004.0,0.0,0.5406111111111112,0.3892555555555555
25,638,2004.0,0.02146666666666667,0.5961733333333333,0.48959333333333344
25,639,2004.0,0.0,0.37445,0.20336999999999997
25,640,2004.0,0.05506666666666667,0.15937333333333334,0.049
25,641,2004.0,0.013160714285714286,0.31836071428571433,0.18771249999999995
25,642,2004.0,0.01925,0.20210624999999993,0.189975
25,643,2004.0,0.0,0.0865125,0.0846375
25,644,2004.0,0.015080645161290323,0.1782370967741935,0.18085645161290315
25,645,2004.0,0.0,0.6384666666666667,0.4270333333333333
25,646,2004.0,0.009384615384615384,0.6768153846153845,0.7105384615384616
25,647,2004.0,0.0025,0.42629166666666674,0.6884416666666665
25,648,2004.0,0.05536363636363637,0.2557,0.2722181818181818
25,649,2004.0,0.0,0.5832333333333333,0.4849666666666667
25,650,2004.0,0.02142307692307692,0.760196153846154,0.8215846153846152
25,651,2004.0,0.021583333333333333,0.4550916666666665,0.5741333333333334
25,652,2004.0,0.0145,0.6889000000000001,0.9184
25,653,2004.0,0.00125,0.40478125000000004,0.7683312499999999
25,654,2004.0,0.0265,0.2368785714285714,0.43009285714285717
25,655,2004.0,0.0107,0.26644,0.6847899999999998
25,656,2004.0,0.28525,0.156925,0.460375
25,657,2004.0,0.011176470588235295,0.28501764705882354,0.21974117647058822
25,658,2004.0,0.021866666666666666,0.23983333333333337,0.4226333333333333
25,659,2004.0,0.02435,0.22268,0.18435499999999996
25,660,2004.0,0.0,0.6565500000000001,0.4863
25,661,2004.0,0.0007,0.7928900000000001,0.8553200000000001
25,662,2004.0,0.013538461538461537,0.5992307692307693,0.7481000000000001
25,663,2004.0,0.0176,0.7858800000000002,0.877116666666667
25,664,2004.0,0.009241379310344829,0.4312034482758621,0.7013310344827585
25,665,2004.0,0.012869565217391306,0.4413565217391305,0.4365391304347826
25,666,2004.0,0.04292857142857143,0.21171428571428572,0.33244285714285715
25,667,2004.0,0.006083333333333333,0.3597000000000001,0.2504083333333333
25,668,2004.0,0.041166666666666664,0.6467666666666666,0.4671166666666667
25,669,2004.0,0.0208,0.6112566666666667,0.8204333333333335
25,670,2004.0,0.0,0.32805,0.5383899999999999
25,671,2004.0,0.0336,0.61535,0.5540733333333333
25,672,2004.0,0.0016666666666666666,0.21028888888888886,0.6606000000000001
