Y,T,value
29,1,0.5709912983
29,2,0.6390180574800001
29,3,0.8339040605000001
29,4,0.6978248805624998
29,5,0.8639109598999999
29,6,0.61174160325
29,7,0.8292732226249999
29,8,0.6568674712727273
29,9,0.8469591550000001
29,10,0.766338482
29,11,0.6679443230869565
29,12,0.5948654385000002
29,13,0.7121325268148148
29,14,0.8522327197999999
29,15,0.7055982878947369
29,16,0.864626672
29,17,0.595287602
29,18,0.7711443894358975
29,19,0.6121575386666667
29,20,0.8254670823999999
29,21,0.6980286034
29,22,0.5951071332727271
29,23,0.7241006271666667
29,24,0.8820848289166667
29,25,0.6556649373333333
29,26,0.8772068058749999
29,27,0.6849474856666666
29,28,0.8054916237333333
29,29,0.5778565066000001
29,30,0.8337079555625
29,31,0.6056307940000001
29,32,0.8517768609999999
29,33,0.6262511396923076
29,34,0.7502935780833333
29,35,0.5755654661666667
29,36,0.7374051924999999
29,37,0.5975904637999999
29,38,0.7978872114358972
29,39,0.7179072660833333
29,40,0.8489091432500002
29,41,0.6236425384444444
29,42,0.8213995107500001
29,43,0.7053071462972973
29,44,0.6779100414074074
29,45,0.8614231130000001
29,46,0.8500072323333333
29,47,0.7959570885609754
29,48,0.926578847
29,49,0.6831699288888889
29,50,0.9072360900769231
29,51,0.8201519386000001
29,52,0.6883428681666666
29,53,0.8407050350769231
29,54,0.7107272291714286
29,55,0.8838330769999999
29,56,0.8228920431666666
29,57,0.6563069876000001
29,58,0.8904450605999998
29,59,0.7024509727777777
29,60,0.9132440942499999
29,61,0.8204972351578949
29,62,0.9232324096666668
29,63,0.7305572760833333
29,64,0.9127851238
29,65,0.7685512691111112
29,66,0.795583697142857
29,67,0.7126405398333333
29,68,0.787301635
29,69,0.7217300633333333
29,70,0.8804466967142857
29,71,0.7493270028823531
29,72,0.8594501318571428
29,73,0.7404044226666665
29,74,0.8348657122
29,75,0.7288641966470587
29,76,0.8132598251250001
29,77,0.7131403708125
29,78,0.8018540278571428
29,79,0.6769230941764705
29,80,0.698319460375
29,81,0.6505221613749999
29,82,0.682095041875
29,83,0.7356298339583333
29,84,0.8729449925
29,85,0.6252232403333333
29,86,0.7761541861842106
29,87,0.6327679425454545
29,88,0.7121806947826086
29,89,0.761572930125
29,90,0.6535455773684212
29,91,0.6910084707499999
29,92,0.6199721452222222
29,93,0.64527411925
29,94,0.660191048090909
29,95,0.5860827988
29,96,0.79657160075
29,97,0.6986780001666668
29,98,0.7806896516
29,99,0.6816828921249999
29,100,0.7643015458333334
29,101,0.6944639352
29,102,0.7641110409999999
29,103,0.7994423623333332
29,104,0.6043501618
29,105,0.7690670974999999
29,106,0.7792273561111112
29,107,0.6187402139444443
29,108,0.60963249475
29,109,0.6817411425
29,110,0.6589060597999999
29,111,0.8016619879999999
29,112,0.7112028633333334
29,113,0.8169711525333334
29,114,0.6444156483636363
29,115,0.817145496
29,116,0.7119484699999998
29,117,0.8064693532000001
29,118,0.606018398
29,119,0.7880026928
29,120,0.5896921329166666
29,121,0.6970077744545455
29,122,0.5513810760000001
29,123,0.6279814085
29,124,0.6204946974705882
29,125,0.7726176055714286
29,126,0.8018925476666667
29,127,0.5788455686666666
29,128,0.7816572696875
29,129,0.578283823625
29,130,0.7731859099999999
29,131,0.7123313144347826
29,132,0.6868774462777778
29,133,0.7755501238333333
29,134,0.76242580575
29,135,0.5560527878
29,136,0.6731816135714285
29,137,0.6006194390588236
29,138,0.6509113878571428
29,139,0.6200993438
29,140,0.765344926111111
29,141,0.7817015462857143
29,142,0.577323239625
29,143,0.7470081022499999
29,144,0.6888674893181818
29,145,0.7576162911666667
29,146,0.6664250416666666
29,147,0.7516989175000001
29,148,0.7717458888333333
29,149,0.5919737949
29,150,0.7291548674444445
29,151,0.6110908266470589
29,152,0.6363760775714286
29,153,0.5679152311875
29,154,0.604001977625
29,155,0.6333062282142857
29,156,0.7153447316666667
29,157,0.6484921857777777
29,158,0.6276644376666667
29,159,0.7130117800000001
29,160,0.7080547463333334
29,161,0.5871000272307693
29,162,0.7038646166666668
29,163,0.5774247415882354
29,164,0.6338589015714285
29,165,0.6224863902857143
29,166,0.502758911
29,167,0.6051860384444444
29,168,0.5694104011999999
29,169,0.6090371673333334
29,170,0.74233864
29,171,0.6221227983333334
29,172,0.7607622587
29,173,0.6313900362307693
29,174,0.776734185
29,175,0.6584618171250001
29,176,0.7674570874444444
29,177,0.6197318160000002
29,178,0.661738762
29,179,0.5811424955
29,180,0.6266163680000001
29,181,0.5477863010714286
29,182,0.59789556475
29,183,0.5478649628750001
29,184,0.6324839171111112
29,185,0.5847990893124999
29,186,0.729787929625
29,187,0.6092223963333334
29,188,0.736229338
29,189,0.6126526559333333
29,190,0.7392213386666666
29,191,0.6040100939230769
29,192,0.7180956216000001
29,193,0.5905581974374999
29,194,0.64551371575
29,195,0.5567992735625
29,196,0.6308270134444445
29,197,0.5899913721999999
29,198,0.7552120222222222
29,199,0.6328039653333334
29,200,0.763652363625
29,201,0.6389907565625
29,202,0.78276952475
29,203,0.648991162
29,204,0.7729341365714284
29,205,0.6541090614117648
29,206,0.7446429111249999
29,207,0.601735702625
29,208,0.6524993819999999
29,209,0.5615087731875
29,210,0.640981166
29,211,0.5892316241874999
29,212,0.770411378
29,213,0.6198285337692309
29,214,0.7545257164166667
29,215,0.6207756150714285
29,216,0.7985349731
29,217,0.631301531142857
29,218,0.76527458575
29,219,0.6344790890625001
29,220,0.7476641227777778
29,221,0.5804317135000001
29,222,0.6700866423636364
29,223,0.5547939485000001
29,224,0.6994813305714286
29,225,0.6087851146000001
29,226,0.7471172096363635
29,227,0.6136866576666666
29,228,0.7689718452500001
29,229,0.6189241590714285
29,230,0.7439806737272728
29,231,0.6250754768125001
29,232,0.7745516832222222
29,233,0.6023665668333332
29,234,0.7501466360909091
29,235,0.5918823525333334
29,236,0.6565363746666667
29,237,0.5524859507333333
29,238,0.62642073425
29,239,0.55177104475
29,240,0.65397872525
29,241,0.6005635807058824
29,242,0.7382212232857144
29,243,0.6006030362142857
29,244,0.7321566375
29,245,0.6205693046249999
29,246,0.7439423061818181
29,247,0.5838210894615385
29,248,0.723321022875
29,249,0.5709519516875
29,250,0.6194328698749999
29,251,0.5204740296875001
29,252,0.60172031575
29,253,0.5541780000625
29,254,0.7365210545555555
29,255,0.5921019147142855
29,256,0.7446219067777777
29,257,0.6028476439999999
29,258,0.7246706765
29,259,0.5963826212142858
29,260,0.7275194565454545
29,261,0.5948378154666667
29,262,0.7271040095
29,263,0.5721719153749999
29,264,0.63609471675
29,265,0.5310101514285716
29,266,0.5860986255999999
29,267,0.553696609
29,268,0.71599904225
29,269,0.5684625662857142
29,270,0.6973802582727274
29,271,0.5621202204666668
29,272,0.7106534280000001
29,273,0.5648611454
29,274,0.71306673325
29,275,0.5625816190714286
29,276,0.6847605778181819
29,277,0.5118210799285715
29,278,0.5911512048888888
29,279,0.4798338513125
29,280,0.572096079875
29,281,0.5170944005
29,282,0.7125389373333334
29,283,0.5923079111249999
29,284,0.4913081046666667
29,285,0.697769927125
29,286,0.5682280989333334
29,287,0.6935846820000001
29,288,0.5349850034166667
29,289,0.6894614736666667
29,290,0.5668435681333334
29,291,0.6803707066363635
29,292,0.5167108996666667
29,293,0.595284811
29,294,0.4909889874705883
29,295,0.5932379655555555
29,296,0.4867752615333333
29,297,0.5804125931111112
29,298,0.48159361371428566
29,299,0.5926400733333334
29,300,0.522429897
29,301,0.6720337885454546
29,302,0.5337902339230769
29,303,0.6905380700909092
29,304,0.5568869059333333
29,305,0.6982129727777777
29,306,0.5261302965
29,307,0.5971276835833333
29,308,0.47199632423076926
29,309,0.5903735541111111
29,310,0.5085894866153846
29,311,0.7036055302
29,312,0.5761999937857143
29,313,0.7056506729
29,314,0.5694460736428572
29,315,0.6973048021999999
29,316,0.5658298311428572
29,317,0.6979142045454546
29,318,0.5665739306
29,319,0.709096905375
29,320,0.545049814
29,321,0.610127441
29,322,0.5059674521874999
29,323,0.5940769682000001
29,324,0.5125312459230769
29,325,0.6984513482222223
29,326,0.5645290076250001
29,327,0.698603019375
29,328,0.6501979368333333
29,329,0.5103808633
29,330,0.70025381725
29,331,0.5710972224117646
29,332,0.7247019388888889
29,333,0.5399337331666667
29,334,0.6906422278461538
29,335,0.522726016875
29,336,0.44776749
29,337,0.5963858870000001
29,338,0.483699048
29,339,0.5972157422727272
29,340,0.47798741981818177
29,341,0.6871414477692308
29,342,0.5154899634545455
29,343,0.6989862272499999
29,344,0.5441721842307692
29,345,0.7152994367272728
29,346,0.5540051327142856
29,347,0.7358000672222224
29,348,0.5618447211333334
29,349,0.6937072893333335
29,350,0.6163466916000001
29,351,0.46034080930000004
29,352,0.5973829601
29,353,0.4631862079230768
29,354,0.5648869367777778
29,355,0.4960296938571428
29,356,0.69788716075
29,357,0.5464611410000001
29,358,0.7165064115454546
29,359,0.5461133044615385
29,360,0.7223807105555555
29,361,0.6787678013333333
29,362,0.5306312351666667
29,363,0.7109601894444446
29,364,0.5417495035384616
29,365,0.6948352198181819
29,366,0.5233669295
29,367,0.6035377318
29,368,0.48453375233333335
29,369,0.5931070543333334
29,370,0.5006856773076923
29,371,0.68573515
29,372,0.67427848175
29,373,0.4936830648888889
29,374,0.7069039015555556
29,375,0.5595720611428572
29,376,0.6921963415999999
29,377,0.5486781149285715
29,378,0.6890257547272728
29,379,0.5432496446923077
29,380,0.6753973314615386
29,381,0.49401327333333334
29,382,0.5975781541
29,383,0.48368263533333333
29,384,0.580602121
29,385,0.4936004432142857
29,386,0.7059249998
29,387,0.5528329627333333
29,388,0.7078417716666668
29,389,0.5410406903846154
29,390,0.6845028766000001
29,391,0.5600107456875001
29,392,0.7005908642222223
29,393,0.5404942006153847
29,394,0.6734022259090908
29,395,0.5118691457333334
29,396,0.5846285140999999
29,397,0.46288320376923076
29,398,0.5545633329
29,399,0.49660531160000004
29,400,0.6883012502000001
29,401,0.5292415965
29,402,0.699009674
29,403,0.5598239044375
29,404,0.7046456865
29,405,0.5565025255
29,406,0.6990277475555556
29,407,0.5435902538666667
29,408,0.6851790222499999
29,409,0.5176043674375
29,410,0.5770528691250001
29,411,0.4684621776000001
29,412,0.5525304996
29,413,0.49095698939999993
29,414,0.6671049975555555
29,415,0.5230579348666665
29,416,0.6824012105714287
29,417,0.5617929427777777
29,418,0.692151499625
29,419,0.5385960961333333
29,420,0.6787648708
29,421,0.5087832604166668
29,422,0.6561464839090909
29,423,0.49820144914285713
29,424,0.5775804211000001
29,425,0.47945644884615385
29,426,0.5476144976666667
29,427,0.5075420479333332
29,428,0.6608427612222223
29,429,0.5546976000588236
29,430,0.6860656025555555
29,431,0.5400275202
29,432,0.6905380702222221
29,433,0.5372643208000001
29,434,0.684629489125
29,435,0.5415374910666666
29,436,0.6733301095555556
29,437,0.5182888658666666
29,438,0.5759635722222222
29,439,0.48007015075
29,440,0.5736519182
29,441,0.5017935363846153
29,442,0.6899050077777777
29,443,0.5594040609375
29,444,0.6995963312222222
29,445,0.5539279259333333
29,446,0.711235688625
29,447,0.559532651625
29,448,0.695798201875
29,449,0.5669202529411765
29,450,0.6989562908571428
29,451,0.5318563278666666
29,452,0.597914029
29,453,0.4929886504666667
29,454,0.5893946524444444
29,455,0.5184201677333334
29,456,0.7051468608749999
29,457,0.5618637715
29,458,0.702950926375
29,459,0.5531494937999999
29,460,0.6815384257777777
29,461,0.5478622517999999
29,462,0.6847740773333333
29,463,0.5560958709375
29,464,0.6834236562857142
29,465,0.6220002889999999
29,466,0.43805613899999996
29,467,0.5844122179999999
29,468,0.465131483
29,469,0.5603162861250001
29,470,0.47886432826666664
29,471,0.5877428289
29,472,0.5117017528571429
29,473,0.6862174201
29,474,0.5478552176666667
29,475,0.7061843795
29,476,0.5661380408124999
29,477,0.6963345464999999
29,478,0.6067071464333333
29,479,0.45140466688888886
29,480,0.5860280897777778
29,481,0.4934411727333333
29,482,0.5756919806666666
29,483,0.5251505573125
29,484,0.6877834956428572
29,485,0.5078433387000001
29,486,0.7114642945555555
29,487,0.5671348940000001
29,488,0.6951563471250001
29,489,0.5550627486666666
29,490,0.6818384884285713
29,491,0.46390178462500004
29,492,0.6754372973636363
29,493,0.5175186402857144
29,494,0.5878784293333335
29,495,0.49320884288235284
29,496,0.5465120120000001
29,497,0.6992338834999999
29,498,0.5834049845555556
29,499,0.6913469831428571
29,500,0.6977795988000001
29,501,0.4803926655555555
29,502,0.6913909456
29,503,0.5789366691875001
29,504,0.703225692625
29,505,0.5723605885333334
29,506,0.690561517
29,507,0.5632614910333333
29,508,0.52136173
29,509,0.6991823844285713
29,510,0.57341935575
29,511,0.703133371125
29,512,0.5852639944374999
29,513,0.709767336
29,514,0.5866257377499999
29,515,0.715922107875
29,516,0.59448845875
29,517,0.7107131611428571
29,518,0.5655217232352939
29,519,0.60682438
29,520,0.521007076875
29,521,0.6231822567142856
29,522,0.5737091214117647
29,523,0.7582251738750001
29,524,0.6140364538750002
29,525,0.7380880792857143
29,526,0.6289344929411764
29,527,0.7416358653749999
29,528,0.6150816659375
29,529,0.7233408062500001
29,530,0.6067221670625
29,531,0.7153703765
29,532,0.6938763011666667
29,533,0.5069404259090908
29,534,0.6180319266666666
29,535,0.5654865037857142
29,536,0.7301953168333334
29,537,0.7409192743333333
29,538,0.5083040675555556
29,539,0.7321642577333332
29,540,0.5158969066666668
29,541,0.7180393495
29,542,0.7346326145000001
29,543,0.501764622125
29,544,0.718491924909091
29,545,0.628597001368421
29,546,0.7221130267777778
29,547,0.5049119088
29,548,0.6226808310666667
29,549,0.5554439307352941
29,550,0.747568626
29,551,0.6389464277222223
29,552,0.7544773572727272
29,553,0.5329290165555555
29,554,0.7483882363333334
29,555,0.5649839211818182
29,556,0.7519670897499999
29,557,0.6289683700625001
29,558,0.72079756625
29,559,0.6144545387333334
29,560,0.5477688554999999
29,561,0.5720624797857142
29,562,0.7465651783124999
29,563,0.559506494
29,564,0.742403013875
29,565,0.6230214787857143
29,566,0.7507575305333334
29,567,0.5802533506666666
29,568,0.7376509645714285
29,569,0.6161356706428572
29,570,0.7358442251999999
29,571,0.6342031500333333
29,572,0.5577222308235293
29,573,0.643244803
29,574,0.5819163114666667
29,575,0.7639334315999999
29,576,0.5396836346666667
29,577,0.7511317991875
29,578,0.5231709818571428
29,579,0.7284210908181818
29,580,0.6247046205
29,581,0.756430898090909
29,582,0.6207727164615384
29,583,0.7650412905999999
29,584,0.6346498107083333
29,585,0.6026494793823529
29,586,0.7868150312857144
29,587,0.6018815120833334
29,588,0.8023849294166667
29,589,0.6034817528333333
29,590,0.7939761132307692
29,591,0.5931152253636364
29,592,0.8058330669166667
29,593,0.6754289844200001
29,594,0.6259794589062501
29,595,0.7656438721249996
29,596,0.587566538625
29,597,0.8129615069999999
29,598,0.5996953957999999
29,599,0.765982384625
29,600,0.6705848858974358
29,601,0.5682110999
29,602,0.8073853152500001
29,603,0.666901677235294
29,604,0.7003944977272728
29,605,0.6824065304117647
29,606,0.78961011425
29,607,0.5627034583749999
29,608,0.7951013639285716
29,609,0.5735856810833333
29,610,0.6424654789130435
29,611,0.8274256075384615
29,612,0.6874049144571429
29,613,0.7380989007692308
29,614,0.7974276164285714
29,615,0.7785806162222222
29,616,0.5741278875000001
29,617,0.7960333723571428
29,618,0.6386890018888889
29,619,0.6880937464285716
29,620,0.6473151588666668
29,621,0.8390866295714287
29,622,0.6143173754
29,623,0.8452338649285712
29,624,0.6197898467
29,625,0.8358588285625
29,626,0.611042596875
29,627,0.8475188239375
29,628,0.6312939945
29,629,0.8552116293333334
29,630,0.7068331949999999
29,631,0.6166436837777777
29,632,0.85661579675
29,633,0.6174325691249999
29,634,0.8440165877777779
29,635,0.8817605519999999
29,636,0.6344021545
29,637,0.8849509847142858
29,638,0.6772666235999998
29,639,0.9135367597857144
29,640,0.7645619279473684
29,641,0.8872445791666665
29,642,0.6443128024999999
29,643,0.7418952451874998
29,644,0.6695396863103447
29,645,0.8680537806875002
29,646,0.64466303825
29,647,0.8964822323125
29,648,0.7525781706923076
29,649,0.9323801592999998
29,650,0.6835607082222221
29,651,0.9168414117333336
29,652,0.6680448214444445
29,653,0.8982980472142857
29,654,0.6381433764166666
29,655,0.7678934073846153
29,656,0.6811034587179486
29,657,0.8818657481249998
29,658,0.6393690554000001
29,659,0.8552523262857141
29,660,0.6964479070714286
29,661,0.8629138866
29,662,0.7692707911666666
29,663,0.6333734282500001
29,664,0.8508517063333334
29,665,0.6998235895517241
29,666,0.5729555496666667
29,667,0.6574149414864865
29,668,0.6221521600227273
29,669,0.5681876840263158
29,670,0.6880062964324324
29,671,0.6272486974999999
29,672,0.6188045421538462
