Y,T,PV,Wind_Onshore,Wind_Offshore
5,1,0.005482758620689655,0.7917068965517241,0.880044827586207
5,2,0.0105,0.5903125,0.64195
5,3,0.007942857142857144,0.8942885714285717,0.956197142857143
5,4,0.0,0.6408714285714286,0.8870571428571427
5,5,0.10975,0.4063625,0.7381
5,6,0.0025714285714285713,0.23614285714285715,0.47757142857142865
5,7,0.0,0.4618222222222222,0.4642888888888889
5,8,0.0264,0.5006266666666667,0.6088533333333334
5,9,0.0,0.4310222222222222,0.5049777777777777
5,10,0.03286666666666667,0.32497333333333334,0.3682266666666667
5,11,0.0,0.6470444444444445,0.6507333333333334
5,12,0.03328125,0.738603125,0.8764656249999999
5,13,0.002,0.3766714285714286,0.6595000000000001
5,14,0.0005454545454545455,0.17056363636363633,0.3983181818181818
5,15,0.02775,0.3511916666666666,0.3362083333333333
5,16,0.0,0.38347500000000007,0.43965000000000004
5,17,0.00975,0.6606666666666666,0.7005
5,18,0.0,0.43355000000000005,0.6839500000000001
5,19,0.016666666666666666,0.3695333333333333,0.8543
5,20,0.006555555555555555,0.8010555555555556,0.9570666666666666
5,21,0.0,0.8254666666666667,0.8436111111111111
5,22,0.0253125,0.6642437499999999,0.7955312499999999
5,23,0.0,0.8790499999999999,0.96015
5,24,0.03346666666666666,0.8237866666666666,0.93182
5,25,0.0,0.3778666666666667,0.6007555555555556
5,26,0.02095454545454545,0.6351863636363636,0.895384090909091
5,27,0.004888888888888889,0.33483333333333337,0.6167444444444444
5,28,0.012255813953488372,0.529925581395349,0.9252534883720928
5,29,0.05342857142857143,0.4025928571428571,0.5228499999999999
5,30,0.0,0.38499,0.30284
5,31,0.09549999999999999,0.25455,0.3859714285714286
5,32,0.0,0.1271,0.33114999999999994
5,33,0.08233333333333334,0.1994733333333333,0.22871999999999998
5,34,0.0,0.3650333333333334,0.33311111111111114
5,35,0.163,0.5488714285714286,0.6033428571428571
5,36,0.011875,0.799675,0.8035625
5,37,0.0,0.7371333333333334,0.7763333333333333
5,38,0.024999999999999998,0.3130285714285715,0.46790000000000004
5,39,0.0,0.27359999999999995,0.3344222222222222
5,40,0.021111111111111112,0.5331833333333333,0.581461111111111
5,41,0.00044444444444444447,0.2848777777777778,0.6392555555555556
5,42,0.041,0.129725,0.43989999999999996
5,43,0.0,0.16382000000000002,0.27607
5,44,0.06415384615384614,0.15940000000000004,0.2138461538461539
5,45,0.0003846153846153846,0.3218,0.7308307692307692
5,46,0.031642857142857146,0.43179285714285714,0.5683357142857143
5,47,0.0,0.3289875,0.46686249999999996
5,48,0.03242857142857143,0.16834285714285716,0.21912142857142855
5,49,0.0,0.07365999999999999,0.10605
5,50,0.0692,0.30910999999999994,0.24992
5,51,0.0,0.5649,0.47870000000000007
5,52,0.0,0.39888888888888885,0.5604666666666666
5,53,0.02690322580645162,0.24791290322580647,0.34512580645161295
5,54,0.003125,0.46308750000000004,0.7716874999999999
5,55,0.002727272727272727,0.26621818181818185,0.5101181818181818
5,56,0.09158333333333334,0.10281666666666667,0.20593333333333333
5,57,0.0,0.16023,0.08023
5,58,0.01075,0.43611875000000005,0.6027937500000001
5,59,0.0,0.539375,0.7396250000000001
5,60,0.05335714285714286,0.45901428571428565,0.79275
5,61,0.0,0.4600099999999999,0.62684
5,62,0.07164285714285713,0.6408857142857143,0.8299285714285716
5,63,8.333333333333333e-05,0.3645749999999999,0.447
5,64,0.030783783783783783,0.673616216216216,0.8290513513513513
5,65,0.03427659574468086,0.8442787234042551,0.9291234042553188
5,66,0.0,0.6291,0.8969500000000001
5,67,0.0717857142857143,0.7612571428571429,0.9322285714285713
5,68,0.009833333333333335,0.35746666666666665,0.7060750000000001
5,69,0.333,0.13575,0.3561
5,70,0.032625,0.24871249999999995,0.24018124999999996
5,71,0.0,0.1314625,0.1358
5,72,0.07068749999999999,0.05410625,0.07885624999999999
5,73,0.0,0.1542625,0.1840125
5,74,0.09933333333333333,0.38547333333333333,0.3958199999999999
5,75,0.008363636363636363,0.39978181818181824,0.3068818181818182
5,76,0.25585714285714284,0.26327142857142855,0.11609999999999998
5,77,0.044487804878048785,0.06820975609756098,0.09717804878048777
5,78,0.30716666666666664,0.10358333333333335,0.05235
5,79,0.0103125,0.20605625,0.11198750000000002
5,80,0.0384,0.34958666666666666,0.2375266666666667
5,81,0.004545454545454545,0.3089272727272727,0.2606818181818182
5,82,0.08935714285714284,0.31127857142857146,0.24388571428571426
5,83,0.013500000000000002,0.32575,0.268
5,84,0.37785714285714284,0.4575285714285714,0.39861428571428575
5,85,0.004875,0.6103999999999999,0.63863125
5,86,0.314625,0.6597250000000001,0.6465875
5,87,0.006294117647058824,0.3521117647058824,0.434564705882353
5,88,0.19725,0.613275,0.5171000000000001
5,89,0.03441379310344828,0.6623137931034483,0.7623655172413792
5,90,0.0,0.28174444444444435,0.4741888888888888
5,91,0.07697368421052632,0.2252684210526316,0.3838315789473685
5,92,0.0,0.21230000000000002,0.22007999999999997
5,93,0.081375,0.106025,0.2383375
5,94,0.0,0.0746625,0.296125
5,95,0.24075000000000002,0.0833375,0.3686625
5,96,0.012,0.14088124999999999,0.46625625000000004
5,97,0.1176,0.13116,0.2889
5,98,0.012454545454545456,0.10507272727272726,0.26425454545454546
5,99,0.288,0.09036666666666666,0.36473333333333335
5,100,0.027210526315789473,0.10468421052631578,0.3117421052631578
5,101,0.3041666666666667,0.21355000000000002,0.15786666666666668
5,102,0.04513333333333334,0.2515966666666667,0.12351666666666669
5,103,0.0,0.29658888888888885,0.24958888888888886
5,104,0.12069999999999999,0.11719000000000002,0.17089
5,105,0.0,0.4146,0.4295333333333333
5,106,0.0,0.5852999999999999,0.7976375
5,107,0.09475,0.8286375,0.95160625
5,108,0.0,0.450525,0.8755
5,109,0.28425,0.2544625,0.70155
5,110,0.035709677419354845,0.2968870967741935,0.3404225806451613
5,111,0.0021999999999999997,0.16818000000000005,0.16440000000000002
5,112,0.221,0.09128750000000001,0.0657125
5,113,0.022944444444444448,0.2339166666666667,0.07634444444444445
5,114,0.3574,0.25544,0.13154
5,115,0.012375,0.151175,0.17048750000000001
5,116,0.27299999999999996,0.060587499999999996,0.17657499999999998
5,117,0.01675,0.0615,0.30935625
5,118,0.17492857142857146,0.05879285714285715,0.25957857142857144
5,119,0.01875,0.05238333333333333,0.12965000000000002
5,120,0.37749999999999995,0.032966666666666665,0.11255
5,121,0.06588888888888889,0.13579629629629628,0.19958518518518528
5,122,0.004363636363636364,0.20688181818181814,0.3159363636363636
5,123,0.31142857142857144,0.20310000000000003,0.3581428571428571
5,124,0.01876470588235294,0.1839058823529412,0.3327058823529412
5,125,0.27925,0.38958750000000003,0.41825000000000007
5,126,0.016352941176470587,0.309464705882353,0.3715058823529412
5,127,0.3552857142857143,0.36162857142857135,0.2633142857142857
5,128,0.02382352941176471,0.23295882352941177,0.33294117647058813
5,129,0.387,0.2776142857142857,0.3883142857142857
5,130,0.009600000000000001,0.1661333333333333,0.3856466666666666
5,131,0.33666666666666667,0.09478888888888888,0.3035444444444445
5,132,0.0114,0.10794666666666668,0.30622
5,133,0.34177777777777774,0.08931111111111112,0.2775777777777778
5,134,0.010666666666666666,0.08125333333333334,0.26198
5,135,0.304888888888889,0.06008888888888889,0.21143333333333333
5,136,0.01425,0.07132499999999999,0.16652500000000003
5,137,0.3461428571428571,0.04617142857142857,0.12032857142857144
5,138,0.03716666666666667,0.07722777777777778,0.12619444444444441
5,139,0.36028571428571426,0.08632857142857144,0.09005714285714284
5,140,0.009533333333333335,0.12883999999999998,0.11719333333333334
5,141,0.27544444444444444,0.17790000000000003,0.10624444444444443
5,142,0.02447058823529412,0.19318823529411766,0.11038823529411765
5,143,0.37700000000000006,0.24014285714285713,0.09201428571428572
5,144,0.010533333333333336,0.3262333333333333,0.23432
5,145,0.185,0.74252,0.59674
5,146,0.0007,0.8663399999999999,0.8519699999999999
5,147,0.0005,0.6151000000000001,0.668975
5,148,0.06414814814814816,0.3144111111111111,0.48812222222222235
5,149,0.14323076923076924,0.3813384615384615,0.7105384615384616
5,150,0.0,0.3484428571428571,0.4124142857142857
5,151,0.1842222222222222,0.41641111111111107,0.15601111111111113
5,152,0.062499999999999986,0.14709523809523803,0.21338809523809518
5,153,0.29700000000000004,0.08172857142857141,0.06508571428571429
5,154,0.0155625,0.11929375000000002,0.17679375
5,155,0.3133333333333333,0.06266666666666666,0.08246666666666667
5,156,0.0201875,0.08672500000000001,0.07367499999999999
5,157,0.3365714285714286,0.18711428571428573,0.08625714285714285
5,158,0.02225,0.20859999999999998,0.21712499999999998
5,159,0.3605714285714286,0.43261428571428573,0.4057857142857143
5,160,0.03935294117647059,0.35127058823529417,0.5628411764705881
5,161,0.41344444444444445,0.3431111111111111,0.6190888888888889
5,162,0.012499999999999999,0.17276428571428573,0.4967642857142857
5,163,0.44189999999999996,0.10333999999999999,0.28197000000000005
5,164,0.01257142857142857,0.09772857142857143,0.2297
5,165,0.4582222222222222,0.1325333333333333,0.1860111111111111
5,166,0.019533333333333333,0.25210666666666665,0.18728666666666666
5,167,0.3625555555555556,0.2656333333333334,0.21697777777777777
5,168,0.0330625,0.12713125,0.12930625
5,169,0.45128571428571435,0.050242857142857145,0.18394285714285716
5,170,0.04188235294117647,0.0838705882352941,0.26774117647058826
5,171,0.31216666666666665,0.19423333333333334,0.27609999999999996
5,172,0.04942105263157895,0.1406105263157895,0.18679473684210526
5,173,0.41325,0.0573625,0.17770000000000002
5,174,0.015666666666666666,0.08856666666666667,0.17797333333333334
5,175,0.4152222222222222,0.16264444444444445,0.1175
5,176,0.017333333333333333,0.12376666666666668,0.14554
5,177,0.3513333333333334,0.1250555555555556,0.18386666666666668
5,178,0.0124,0.11129333333333331,0.09283333333333334
5,179,0.23862500000000003,0.290025,0.08327499999999999
5,180,0.019749999999999997,0.38741875,0.28618750000000004
5,181,0.33775000000000005,0.6284,0.5172875
5,182,0.035250000000000004,0.29368125000000006,0.29441874999999995
5,183,0.432625,0.44175,0.152975
5,184,0.030937500000000003,0.46242500000000003,0.32553125
5,185,0.3652222222222223,0.5097555555555555,0.36872222222222223
5,186,0.01946666666666667,0.37893333333333334,0.3280999999999999
5,187,0.349,0.5342111111111111,0.48775555555555555
5,188,0.010153846153846154,0.23404615384615385,0.28948461538461545
5,189,0.3025,0.27625,0.37176
5,190,0.0338125,0.26736874999999993,0.3741125
5,191,0.36299999999999993,0.2863111111111111,0.30452222222222225
5,192,0.034133333333333335,0.15099333333333337,0.13780666666666672
5,193,0.43014285714285716,0.07895714285714285,0.06155714285714285
5,194,0.055999999999999994,0.2193142857142857,0.17775714285714286
5,195,0.082,0.4198371428571429,0.3926342857142857
5,196,0.376,0.28824285714285713,0.46912857142857145
5,197,0.05794444444444445,0.18300555555555553,0.3294222222222223
5,198,0.41157142857142864,0.5061714285714286,0.29891428571428563
5,199,0.013000000000000001,0.4689,0.3265384615384615
5,200,0.3210909090909091,0.39786363636363636,0.2794727272727273
5,201,0.012692307692307694,0.13534615384615384,0.17823076923076925
5,202,0.36036363636363633,0.09482727272727272,0.20744545454545457
5,203,0.03753333333333333,0.2051333333333333,0.43589333333333335
5,204,0.5585,0.14628749999999996,0.3265
5,205,0.06218750000000001,0.13898125,0.30326875000000003
5,206,0.577,0.075775,0.24969999999999998
5,207,0.06368750000000001,0.08833750000000001,0.3205374999999999
5,208,0.571875,0.0897375,0.2740375
5,209,0.065125,0.11993124999999999,0.3266875
5,210,0.567125,0.08591250000000002,0.19287500000000002
5,211,0.058499999999999996,0.09169375000000002,0.25878124999999996
5,212,0.55525,0.045649999999999996,0.19267499999999999
5,213,0.0608125,0.06916250000000002,0.2053
5,214,0.529875,0.1111625,0.18336249999999998
5,215,0.055687499999999994,0.1612375,0.32985625
5,216,0.52575,0.2431375,0.402275
5,217,0.051687500000000004,0.26265625,0.37400625000000004
5,218,0.540125,0.42263749999999994,0.440725
5,219,0.04526666666666666,0.25331333333333333,0.38443333333333324
5,220,0.512888888888889,0.2414111111111111,0.3937222222222222
5,221,0.05775000000000001,0.1435875,0.27126875000000006
5,222,0.521625,0.10200000000000001,0.1577125
5,223,0.0538125,0.0405,0.09814999999999999
5,224,0.4484444444444445,0.019544444444444444,0.06875555555555556
5,225,0.03506666666666667,0.07387999999999999,0.12122000000000002
5,226,0.48812500000000003,0.0650625,0.09534999999999999
5,227,0.07276470588235295,0.05898823529411764,0.1092
5,228,0.5121428571428571,0.05784285714285714,0.08724285714285715
5,229,0.03564285714285714,0.1538,0.2888
5,230,0.3690833333333334,0.2187916666666667,0.45483333333333326
5,231,0.04378571428571428,0.28045000000000003,0.5951071428571428
5,232,0.578875,0.2226625,0.475325
5,233,0.0685625,0.15911875,0.375
5,234,0.54,0.07592499999999999,0.312175
5,235,0.060250000000000005,0.0814625,0.18851875000000004
5,236,0.518,0.09585,0.1422125
5,237,0.0525625,0.13218125,0.060425000000000006
5,238,0.42900000000000005,0.3080666666666667,0.20225555555555555
5,239,0.04700000000000001,0.16292666666666664,0.3654466666666666
5,240,0.5559999999999999,0.16597777777777778,0.46793333333333337
5,241,0.03007692307692308,0.18114615384615382,0.47276153846153857
5,242,0.5121818181818182,0.1459818181818182,0.45692727272727274
5,243,0.05593333333333333,0.14496,0.3698733333333334
5,244,0.507,0.15405555555555556,0.3570222222222223
5,245,0.029230769230769234,0.15604615384615383,0.2523230769230769
5,246,0.46630000000000005,0.12711999999999998,0.15645000000000003
5,247,0.04413333333333334,0.07335333333333331,0.13726666666666668
5,248,0.3635555555555556,0.040633333333333334,0.11883333333333335
5,249,0.02957142857142857,0.06344285714285715,0.10557857142857145
5,250,0.3853333333333333,0.026744444444444446,0.057100000000000005
5,251,0.044266666666666676,0.04562,0.07514
5,252,0.34918181818181815,0.07713636363636364,0.06530909090909091
5,253,0.03793333333333333,0.16241333333333335,0.11211999999999998
5,254,0.4675,0.1773625,0.10035
5,255,0.04371428571428572,0.07615714285714285,0.10731428571428574
5,256,0.4298,0.11167000000000002,0.06377000000000001
5,257,0.036642857142857144,0.07060714285714285,0.09861428571428572
5,258,0.3357777777777778,0.031455555555555556,0.17585555555555554
5,259,0.041999999999999996,0.13114375,0.19193125
5,260,0.39011111111111113,0.1510111111111111,0.20353333333333332
5,261,0.03625,0.2766,0.5685250000000001
5,262,0.15050000000000002,0.5297142857142856,0.6919428571428572
5,263,0.007124999999999999,0.2357875,0.33501249999999994
5,264,0.4579,0.09704,0.07157
5,265,0.05142857142857143,0.09099285714285713,0.23192857142857143
5,266,0.43000000000000005,0.14522727272727273,0.36218181818181816
5,267,0.024538461538461544,0.1375538461538462,0.3035076923076923
5,268,0.1669333333333333,0.14223333333333335,0.17082000000000003
5,269,0.0074444444444444445,0.1861,0.25254444444444446
5,270,0.3431818181818182,0.23707272727272724,0.3571454545454546
5,271,0.024384615384615387,0.20259230769230768,0.3631461538461539
5,272,0.3180909090909091,0.2277909090909091,0.36449090909090914
5,273,0.025714285714285714,0.1514785714285714,0.31664285714285717
5,274,0.36689999999999995,0.13638,0.31711999999999996
5,275,0.053733333333333334,0.10174666666666668,0.3838533333333334
5,276,0.5110000000000001,0.07707777777777777,0.38130000000000003
5,277,0.053000000000000005,0.06853333333333332,0.24251333333333333
5,278,0.470875,0.0850375,0.1507
5,279,0.06799999999999999,0.19842500000000005,0.08552499999999999
5,280,0.49488888888888893,0.40742222222222224,0.20313333333333333
5,281,0.022384615384615378,0.1827538461538462,0.1688923076923077
5,282,0.27981818181818185,0.08040000000000001,0.08914545454545454
5,283,0.028785714285714286,0.09517857142857143,0.22536428571428568
5,284,0.3836363636363637,0.20125454545454546,0.23648181818181824
5,285,0.027,0.2683785714285714,0.5400642857142857
5,286,0.2538333333333333,0.5143083333333333,0.4223083333333333
5,287,0.01390909090909091,0.12710909090909087,0.13107272727272729
5,288,0.3265,0.06951,0.08348
5,289,0.01823076923076923,0.2886307692307692,0.36626153846153847
5,290,0.336,0.39555454545454544,0.23289090909090912
5,291,0.045866666666666674,0.21683333333333332,0.12994666666666668
5,292,0.36511111111111116,0.22035555555555558,0.11587777777777777
5,293,0.05486666666666666,0.2245933333333333,0.31742666666666663
5,294,0.5237777777777777,0.2816111111111111,0.4832555555555556
5,295,0.039384615384615386,0.21153846153846154,0.3756615384615385
5,296,0.5222727272727272,0.11762727272727273,0.2965818181818182
5,297,0.04076923076923077,0.08120000000000001,0.21983846153846157
5,298,0.5060909090909091,0.02770909090909091,0.09203636363636364
5,299,0.06066666666666667,0.05957333333333333,0.10116
5,300,0.524125,0.031675,0.107825
5,301,0.05753333333333333,0.03986666666666667,0.08779333333333333
5,302,0.3769090909090909,0.08534545454545456,0.03194545454545455
5,303,0.03414285714285715,0.19893571428571427,0.17043571428571427
5,304,0.18628571428571433,0.6076928571428571,0.6039928571428571
5,305,0.048799999999999996,0.30328,0.4904
5,306,0.445,0.3850285714285714,0.6038428571428572
5,307,0.11542857142857144,0.31718571428571435,0.642457142857143
5,308,0.010375,0.22922499999999998,0.439125
5,309,0.3851818181818182,0.18426363636363632,0.20991818181818178
5,310,0.03238461538461539,0.07780769230769231,0.059915384615384606
5,311,0.41720000000000007,0.05448000000000001,0.03945
5,312,0.045,0.06889285714285714,0.05859285714285715
5,313,0.3766666666666667,0.027741666666666664,0.0315
5,314,0.01675,0.05502499999999999,0.07105833333333332
5,315,0.33615384615384614,0.09003076923076923,0.05636923076923077
5,316,0.02391666666666667,0.12695833333333334,0.06277500000000001
5,317,0.44989999999999997,0.17151999999999998,0.0479
5,318,0.04478571428571428,0.13421428571428573,0.041
5,319,0.42322222222222217,0.19154444444444443,0.045922222222222225
5,320,0.065,0.1292875,0.06103125
5,321,0.41844444444444445,0.2887,0.08937777777777778
5,322,0.030923076923076925,0.25796153846153846,0.2565076923076923
5,323,0.4551,0.45185,0.35665
5,324,0.04107142857142858,0.3455714285714286,0.37234285714285714
5,325,0.31825000000000003,0.6191000000000001,0.77135
5,326,0.022166666666666668,0.5867333333333332,0.7580333333333334
5,327,0.039,0.3498285714285715,0.5569571428571428
5,328,0.3770909090909091,0.2505363636363636,0.2877727272727273
5,329,0.018833333333333337,0.14953333333333332,0.19440000000000002
5,330,0.41229999999999994,0.24695,0.27569999999999995
5,331,0.062,0.3455857142857143,0.3118285714285714
5,332,0.029625,0.5642874999999999,0.6331249999999999
5,333,0.48580000000000007,0.6497899999999999,0.70641
5,334,0.04428571428571428,0.3295571428571428,0.38023571428571434
5,335,0.4941111111111111,0.4102111111111111,0.29600000000000004
5,336,0.055,0.4432071428571428,0.3322357142857143
5,337,0.43390909090909097,0.5010909090909091,0.5226909090909091
5,338,0.03292307692307693,0.2870384615384615,0.39939230769230777
5,339,0.42416666666666664,0.26675,0.33502499999999996
5,340,0.05307142857142857,0.21211428571428573,0.28814285714285715
5,341,0.545125,0.24196250000000002,0.34847500000000003
5,342,0.06760000000000001,0.11746666666666668,0.20700666666666664
5,343,0.5407777777777779,0.059433333333333324,0.11607777777777778
5,344,0.05642857142857143,0.08298571428571429,0.10225
5,345,0.4111666666666667,0.13191666666666668,0.13065000000000002
5,346,0.05235714285714286,0.20836428571428572,0.2783428571428571
5,347,0.5222222222222224,0.2652333333333334,0.38431111111111105
5,348,0.05121428571428571,0.13735000000000003,0.40082857142857137
5,349,0.5429999999999999,0.09981111111111111,0.22234444444444446
5,350,0.0871875,0.0483,0.1110375
5,351,0.586625,0.0326375,0.109375
5,352,0.085625,0.049275,0.044149999999999995
5,353,0.5433333333333334,0.04121111111111111,0.052844444444444444
5,354,0.06353333333333334,0.08031333333333333,0.07205999999999999
5,355,0.4811111111111111,0.15137777777777778,0.07284444444444443
5,356,0.0306923076923077,0.12267692307692307,0.1487846153846154
5,357,0.4084166666666667,0.16906666666666667,0.09580833333333334
5,358,0.050499999999999996,0.15117857142857144,0.22508571428571425
5,359,0.50225,0.20631249999999998,0.324775
5,360,0.051000000000000004,0.21077333333333328,0.23637333333333332
5,361,0.33081818181818184,0.17628181818181818,0.19654545454545455
5,362,0.04971428571428571,0.20818571428571434,0.3066071428571429
5,363,0.4856666666666667,0.4134111111111111,0.49543333333333334
5,364,0.028538461538461544,0.36196153846153845,0.40789230769230767
5,365,0.3769,0.4303,0.33358
5,366,0.050133333333333335,0.2749,0.4297466666666666
5,367,0.38475000000000004,0.2509625,0.4699875
5,368,0.051399999999999994,0.15592666666666669,0.37911999999999996
5,369,0.42545454545454553,0.2241818181818182,0.36791818181818176
5,370,0.021846153846153845,0.12734615384615386,0.21069230769230768
5,371,0.4147,0.13557999999999998,0.13406
5,372,0.041357142857142856,0.18901428571428572,0.30442142857142857
5,373,0.441909090909091,0.21593636363636365,0.41483636363636367
5,374,0.0405,0.18732142857142858,0.29548571428571424
5,375,0.433,0.10694,0.22531000000000004
5,376,0.025615384615384613,0.10053846153846155,0.10975384615384616
5,377,0.38910000000000006,0.14225,0.08172
5,378,0.065,0.16666249999999996,0.172175
5,379,0.4855555555555556,0.11646666666666666,0.13100000000000003
5,380,0.05613333333333334,0.07817999999999999,0.13312666666666664
5,381,0.5192222222222221,0.07032222222222223,0.13624444444444445
5,382,0.05773333333333333,0.053279999999999994,0.07286666666666665
5,383,0.5074444444444445,0.08161111111111112,0.02865555555555556
5,384,0.05513333333333334,0.11529333333333332,0.08003333333333335
5,385,0.5065,0.08328749999999999,0.07265
5,386,0.0643125,0.07515000000000002,0.09090624999999998
5,387,0.43877777777777777,0.05061111111111111,0.0869
5,388,0.03521428571428571,0.07859285714285714,0.14644285714285712
5,389,0.4723333333333334,0.029555555555555557,0.0851111111111111
5,390,0.053733333333333334,0.07128666666666666,0.18
5,391,0.49555555555555547,0.055544444444444445,0.20172222222222225
5,392,0.06493750000000001,0.06787500000000002,0.19405
5,393,0.45144444444444454,0.05857777777777778,0.15034444444444445
5,394,0.0514,0.09260000000000002,0.14636000000000002
5,395,0.4642222222222222,0.106,0.12310000000000001
5,396,0.023230769230769235,0.12281538461538462,0.12294615384615384
5,397,0.24554545454545454,0.37185454545454544,0.2790818181818182
5,398,0.039,0.42518,0.41402
5,399,0.42588888888888893,0.4051666666666666,0.3963
5,400,0.0452,0.14737333333333333,0.27108666666666675
5,401,0.460625,0.216925,0.21559999999999999
5,402,0.049562499999999995,0.15803749999999994,0.35500624999999997
5,403,0.38299999999999995,0.2297375,0.21625
5,404,0.0359375,0.12726875,0.11940625
5,405,0.33409999999999995,0.18394,0.34906999999999994
5,406,0.014166666666666668,0.13040833333333332,0.17945833333333336
5,407,0.45488888888888884,0.10321111111111111,0.10964444444444443
5,408,0.07857142857142858,0.14902857142857145,0.22111428571428574
5,409,0.00225,0.28408749999999994,0.3880875
5,410,0.192875,0.42445625,0.41969999999999996
5,411,0.004875,0.39455000000000007,0.26449999999999996
5,412,0.348,0.34882,0.15112
5,413,0.029066666666666664,0.20976666666666663,0.18562
5,414,0.31336363636363634,0.12052727272727272,0.2323181818181818
5,415,0.019,0.10103076923076923,0.13923846153846153
5,416,0.45410000000000006,0.09948,0.23124000000000003
5,417,0.03746666666666667,0.09143333333333332,0.18280666666666665
5,418,0.28675,0.19624999999999998,0.17929999999999996
5,419,0.025,0.15119333333333337,0.27674
5,420,0.4025,0.16615,0.19854
5,421,0.039,0.09229333333333332,0.2091
5,422,0.401625,0.0770625,0.1371
5,423,0.0453125,0.08886250000000001,0.17201875
5,424,0.495,0.051975,0.1633625
5,425,0.060375000000000005,0.07721250000000002,0.24294999999999997
5,426,0.543375,0.05174999999999999,0.20931249999999998
5,427,0.061750000000000006,0.058537500000000006,0.10679375000000002
5,428,0.470125,0.034275,0.042637499999999995
5,429,0.049937499999999996,0.03738125,0.03513125
5,430,0.47825,0.018099999999999998,0.0357625
5,431,0.04186666666666667,0.06550666666666666,0.09191999999999999
5,432,0.4643333333333334,0.07902222222222222,0.07166666666666667
5,433,0.046875,0.059325,0.069525
5,434,0.43175,0.072625,0.041999999999999996
5,435,0.030466666666666673,0.05733333333333333,0.03358666666666667
5,436,0.3913,0.01609,0.030420000000000003
5,437,0.021357142857142856,0.04157857142857143,0.0573642857142857
5,438,0.4267777777777778,0.016022222222222226,0.04021111111111111
5,439,0.031400000000000004,0.04874666666666667,0.07942
5,440,0.46611111111111114,0.05267777777777778,0.07595555555555555
5,441,0.04075,0.11450625,0.13936874999999999
5,442,0.4,0.18676666666666664,0.11171111111111112
5,443,0.040466666666666665,0.10923333333333334,0.07016666666666667
5,444,0.503625,0.0676875,0.0512625
5,445,0.053875,0.08585625,0.18929375000000004
5,446,0.4876666666666666,0.11903333333333335,0.2688333333333333
5,447,0.035666666666666666,0.17841333333333334,0.40214000000000005
5,448,0.46249999999999997,0.22443749999999998,0.46772499999999995
5,449,0.030071428571428572,0.19182857142857143,0.42621428571428577
5,450,0.331,0.06835,0.13385999999999998
5,451,0.0361875,0.08077500000000001,0.06683750000000001
5,452,0.40975,0.09045,0.0801625
5,453,0.026800000000000004,0.17656666666666668,0.17958666666666667
5,454,0.34488888888888886,0.2591888888888889,0.18071111111111113
5,455,0.043125000000000004,0.17842499999999997,0.26610625
5,456,0.51725,0.0702375,0.1829375
5,457,0.0480625,0.08116250000000003,0.15847500000000003
5,458,0.45525,0.0345875,0.0402375
5,459,0.029733333333333337,0.06888,0.03197333333333333
5,460,0.43577777777777776,0.0656888888888889,0.031855555555555554
5,461,0.025466666666666672,0.14758000000000002,0.07492000000000001
5,462,0.33599999999999997,0.42058,0.29819000000000007
5,463,0.024066666666666667,0.27564,0.45573333333333327
5,464,0.411125,0.46882500000000005,0.3191750000000001
5,465,0.024625,0.49530625,0.35925
5,466,0.38199999999999995,0.6769875,0.6571
5,467,0.033,0.3695875000000001,0.58764375
5,468,0.3733333333333333,0.4284444444444444,0.5953333333333334
5,469,0.019533333333333337,0.12935333333333335,0.46206666666666685
5,470,0.3248750000000001,0.1075125,0.3555875
5,471,0.026875000000000003,0.12945,0.26536874999999993
5,472,0.3345,0.31190000000000007,0.31145
5,473,0.027,0.25117500000000004,0.28205
5,474,0.009285714285714286,0.24672857142857144,0.5924428571428572
5,475,0.3052,0.26252,0.56033
5,476,0.019266666666666668,0.36438,0.6413733333333332
5,477,0.458625,0.4952875,0.68385
5,478,0.03912500000000001,0.33633125,0.57390625
5,479,0.489,0.1962875,0.45855
5,480,0.0351875,0.07966875,0.279375
5,481,0.41911111111111116,0.04306666666666667,0.10994444444444444
5,482,0.020066666666666667,0.07474000000000001,0.13358
5,483,0.304,0.05436666666666667,0.12986666666666669
5,484,0.0055,0.10727857142857142,0.20687142857142857
5,485,0.2004,0.16684000000000002,0.24504
5,486,0.004777777777777778,0.23783333333333337,0.4370444444444444
5,487,0.14157894736842105,0.6047000000000001,0.8701736842105263
5,488,0.0048000000000000004,0.5624800000000001,0.8555300000000001
5,489,0.2813333333333333,0.4413555555555555,0.7214777777777778
5,490,0.029588235294117648,0.43763529411764707,0.5908176470588237
5,491,0.318125,0.5386250000000001,0.5820375
5,492,0.0057857142857142855,0.18107142857142855,0.30142857142857143
5,493,0.16707142857142854,0.06412142857142858,0.11767857142857141
5,494,0.0023,0.24731999999999998,0.17465999999999998
5,495,0.16735714285714284,0.25389999999999996,0.34907857142857146
5,496,0.013545454545454545,0.12189090909090906,0.30662727272727275
5,497,0.37,0.1750857142857143,0.29245714285714286
5,498,0.026874999999999996,0.18284375,0.38302499999999995
5,499,0.36375,0.082,0.2807375
5,500,0.08940000000000001,0.08496999999999999,0.11447333333333333
5,501,0.055400000000000005,0.0878257142857143,0.18335428571428572
5,502,0.384125,0.21582500000000002,0.208275
5,503,0.010285714285714287,0.49015714285714285,0.4039428571428572
5,504,0.2968181818181818,0.6964000000000001,0.6565545454545454
5,505,0.01325,0.5305,0.567025
5,506,0.020916666666666667,0.3900166666666667,0.30106666666666665
5,507,0.2006666666666667,0.34629166666666666,0.5435
5,508,0.018333333333333333,0.20220000000000002,0.45739166666666664
5,509,0.3308571428571429,0.1867714285714286,0.4503714285714286
5,510,0.014500000000000002,0.21586875,0.5443187500000001
5,511,0.31712500000000005,0.2703375,0.47003749999999994
5,512,0.022941176470588236,0.3279411764705882,0.5079705882352943
5,513,0.17975,0.5130916666666666,0.504875
5,514,0.018166666666666668,0.36576666666666663,0.5228999999999999
5,515,0.3272857142857143,0.23221428571428573,0.3318714285714286
5,516,0.015062500000000001,0.21035624999999997,0.35635625000000004
5,517,0.37812500000000004,0.2616375,0.41505000000000003
5,518,0.013625000000000002,0.15450625,0.33873749999999997
5,519,0.41262499999999996,0.038175,0.06737499999999999
5,520,0.026333333333333334,0.08073333333333334,0.04755
5,521,0.0,0.25437499999999996,0.24545000000000003
5,522,0.08925000000000001,0.324725,0.43254375000000006
5,523,0.006500000000000001,0.1798,0.35164
5,524,0.26,0.20514285714285715,0.32815714285714287
5,525,0.03926315789473684,0.0599157894736842,0.22706315789473686
5,526,0.41216666666666674,0.09785,0.17653333333333335
5,527,0.0304,0.20028,0.3422
5,528,0.0,0.4213777777777778,0.5039777777777777
5,529,0.2838181818181818,0.5770545454545455,0.6764909090909091
5,530,0.0064,0.18872666666666668,0.20121333333333333
5,531,0.14435714285714282,0.05816428571428571,0.027807142857142857
5,532,0.0043,0.11455000000000001,0.15699
5,533,0.0835,0.16826923076923078,0.3581653846153846
5,534,0.13554545454545452,0.2110818181818182,0.5670909090909091
5,535,0.0,0.1290888888888889,0.40106666666666674
5,536,0.20677777777777778,0.11031111111111111,0.18303333333333333
5,537,0.015533333333333335,0.17042000000000004,0.43588000000000005
5,538,0.1653,0.24641000000000002,0.61062
5,539,0.03461111111111111,0.36021111111111115,0.7788499999999998
5,540,0.4008333333333333,0.3905,0.6128833333333333
5,541,0.006428571428571429,0.39312142857142857,0.5076642857142858
5,542,0.22190000000000004,0.51096,0.53696
5,543,0.006666666666666667,0.26515833333333333,0.37434166666666674
5,544,0.1381875,0.5161625,0.6640312500000001
5,545,0.003916666666666666,0.46065833333333334,0.5164583333333334
5,546,0.32062500000000005,0.4869,0.23501249999999999
5,547,0.005,0.3399642857142858,0.18954285714285715
5,548,0.20999999999999996,0.56951,0.31245
5,549,0.006357142857142858,0.45756428571428576,0.3651785714285715
5,550,0.2488,0.3971699999999999,0.31286
5,551,0.05317241379310344,0.19981034482758625,0.17836551724137936
5,552,0.009,0.53905,0.46497499999999997
5,553,0.15541666666666668,0.5968666666666667,0.61735
5,554,0.0,0.223,0.4373666666666667
5,555,0.14046666666666666,0.13469333333333333,0.27201333333333333
5,556,0.017333333333333336,0.15023333333333336,0.13
5,557,0.3977142857142857,0.09645714285714287,0.0312
5,558,0.0086875,0.18145625,0.13860625
5,559,0.2807142857142857,0.2817857142857143,0.24848571428571428
5,560,0.010199999999999999,0.2553066666666667,0.31175333333333327
5,561,0.09128571428571428,0.1412571428571429,0.25915
5,562,0.0,0.39188,0.57982
5,563,0.0,0.6820999999999999,0.86274
5,564,0.0838,0.8690733333333334,0.9578733333333332
5,565,0.0,0.6894222222222223,0.8767777777777778
5,566,0.059937500000000005,0.407725,0.8134750000000002
5,567,0.0,0.64655,0.9376625000000001
5,568,0.11433333333333334,0.7382733333333333,0.9391466666666666
5,569,0.0,0.4823714285714286,0.7921285714285716
5,570,0.11966666666666666,0.26131999999999994,0.4589466666666666
5,571,0.023135135135135133,0.43549189189189197,0.781410810810811
5,572,0.229125,0.3693,0.418725
5,573,0.003235294117647059,0.2560352941176471,0.317870588235294
5,574,0.04876923076923078,0.3304230769230769,0.7011076923076923
5,575,0.0,0.3051875,0.623525
5,576,0.08575,0.47386249999999996,0.8177312499999999
5,577,0.0,0.4862875,0.6090375000000001
5,578,0.17830000000000004,0.5202800000000001,0.60681
5,579,0.007823529411764707,0.3240058823529411,0.2859529411764706
5,580,0.3181428571428571,0.2936571428571429,0.23890000000000006
5,581,0.005166666666666667,0.40165,0.4348166666666667
5,582,0.0,0.56305,0.6570625
5,583,0.0506,0.3710333333333334,0.5959333333333333
5,584,0.0,0.16073333333333334,0.3847888888888889
5,585,0.0836875,0.6086062499999999,0.659775
5,586,0.006272727272727274,0.36611818181818184,0.4045818181818182
5,587,0.07856250000000001,0.443059375,0.32272187500000005
5,588,0.0038125,0.6977875000000001,0.5928249999999999
5,589,0.12283333333333334,0.5331916666666667,0.61505
5,590,0.0,0.23897000000000004,0.48999
5,591,0.04806666666666667,0.12030666666666666,0.29392666666666667
5,592,0.0,0.2678222222222222,0.4052555555555555
5,593,0.0499375,0.6445125000000002,0.7658062499999999
5,594,0.0039,0.5968199999999999,0.6966299999999999
5,595,0.23820000000000002,0.46441999999999994,0.6079399999999999
5,596,0.03842857142857143,0.25065714285714286,0.34535714285714286
5,597,0.05230769230769231,0.12641538461538462,0.12521153846153843
5,598,0.021562500000000002,0.16515624999999998,0.30182812499999995
5,599,0.046200000000000005,0.16166666666666668,0.23092666666666667
5,600,0.0,0.22471111111111114,0.3874333333333333
5,601,0.0231875,0.48660625000000013,0.6289937499999999
5,602,0.0,0.3192999999999999,0.27027500000000004
5,603,0.022666666666666665,0.15281333333333336,0.3813666666666667
5,604,0.0,0.16031111111111115,0.3112555555555556
5,605,0.11285714285714288,0.19030714285714287,0.19282857142857143
5,606,0.0,0.2925,0.27448
5,607,0.022000000000000002,0.5760214285714286,0.51895
5,608,0.0,0.4941818181818183,0.5871636363636363
5,609,0.0415625,0.171521875,0.256965625
5,610,6.666666666666667e-05,0.45938,0.4533
5,611,0.029000000000000005,0.24778,0.25992
5,612,0.0,0.08123333333333332,0.03885555555555556
5,613,0.05233333333333334,0.08768000000000001,0.04488000000000001
5,614,0.0,0.1512666666666667,0.06267777777777778
5,615,0.016,0.194725,0.28653333333333336
5,616,0.030225806451612897,0.15282258064516122,0.09994032258064513
5,617,0.027043478260869565,0.17070000000000002,0.25975652173913044
5,618,0.0,0.2658909090909091,0.639609090909091
5,619,0.061583333333333344,0.27855,0.6703
5,620,0.0,0.6308583333333334,0.8661833333333333
5,621,0.018925,0.488915,0.8229574999999999
5,622,0.0,0.62225,0.9210250000000001
5,623,0.0454,0.7157999999999999,0.8797400000000001
5,624,0.0,0.5041666666666668,0.7517444444444443
5,625,0.04253333333333333,0.29548,0.50408
5,626,0.0015454545454545456,0.3571090909090909,0.5957636363636364
5,627,0.1040909090909091,0.23909090909090908,0.45150909090909086
5,628,0.0,0.6783111111111111,0.5266777777777778
5,629,0.005115384615384615,0.8021115384615385,0.918323076923077
5,630,0.04953333333333333,0.7059466666666668,0.7687466666666668
5,631,0.0,0.5471777777777778,0.6189666666666667
5,632,0.02361538461538461,0.6876487179487177,0.760548717948718
5,633,0.0,0.318,0.3740111111111111
5,634,0.013666666666666666,0.14168,0.4679466666666667
5,635,0.029565217391304344,0.10358695652173912,0.24272608695652173
5,636,0.0,0.29881,0.48615
5,637,0.014499999999999999,0.44854999999999995,0.7123428571428573
5,638,0.018210526315789476,0.19186315789473682,0.2668894736842105
5,639,0.0,0.4296428571428571,0.4317714285714286
5,640,0.0,0.3279375,0.6288125
5,641,0.0202,0.17596,0.5899666666666666
5,642,0.0,0.27601111111111115,0.4275
5,643,0.06285714285714286,0.3674,0.45267857142857143
5,644,0.023039999999999998,0.710976,0.6670400000000002
5,645,0.018875,0.3159525000000001,0.381155
5,646,0.004210526315789474,0.5594789473684212,0.5316052631578948
5,647,0.049999999999999996,0.3725416666666666,0.3811083333333333
5,648,0.012529411764705883,0.13258823529411762,0.12920882352941176
5,649,0.02114285714285714,0.19486428571428568,0.23781428571428573
5,650,0.009155172413793104,0.2578362068965518,0.39702586206896556
5,651,0.03286666666666667,0.20055999999999993,0.27979333333333334
5,652,0.0,0.15995555555555555,0.2210333333333333
5,653,0.03014285714285714,0.1978214285714286,0.30348571428571436
5,654,0.0003846153846153846,0.46712307692307703,0.28950769230769235
5,655,0.007541666666666666,0.4472375,0.6534791666666668
5,656,0.04030769230769231,0.2516,0.5158230769230768
5,657,0.0,0.4402625,0.7145125
5,658,0.037375000000000005,0.510925,0.6467062500000001
5,659,0.0,0.47115000000000007,0.618925
5,660,0.031187499999999996,0.35209375000000004,0.48772499999999996
5,661,0.0,0.62185,0.857525
5,662,0.03325,0.47301875,0.620475
5,663,0.0,0.3018875,0.358225
5,664,0.004666666666666666,0.42630416666666665,0.6328333333333335
5,665,0.019647058823529413,0.6305941176470589,0.6849470588235296
5,666,0.0,0.488475,0.8053874999999999
5,667,0.0386,0.35655333333333333,0.6713866666666668
5,668,0.0001,0.35178000000000004,0.37842000000000003
5,669,0.015230769230769232,0.43062307692307683,0.6113615384615386
5,670,0.016457142857142858,0.1333514285714286,0.25882857142857146
5,671,0.02334999999999999,0.16162625,0.14023500000000003
5,672,0.0,0.43215714285714285,0.3006285714285714
