T,O,value
1,1,27
2,1,5
3,1,4
4,1,12
5,1,8
6,1,7
7,1,17
8,1,14
9,1,17
10,1,11
11,1,8
12,1,14
13,1,9
14,1,23
15,1,15
16,1,9
17,1,16
18,1,10
19,1,4
20,1,10
21,1,8
22,1,15
23,1,11
24,1,12
25,1,34
26,1,16
27,1,8
28,1,16
29,1,8
30,1,10
31,1,16
32,1,5
33,1,9
34,1,8
35,1,7
36,1,9
37,1,9
38,1,5
39,1,42
40,1,14
41,1,14
42,1,12
43,1,9
44,1,13
45,1,10
46,1,14
47,1,12
48,1,3
49,1,9
50,1,28
51,1,33
52,1,13
53,1,72
54,1,8
55,1,16
56,1,33
57,1,12
58,1,10
59,1,10
60,1,29
61,1,10
62,1,15
63,1,9
64,1,15
65,1,9
66,1,48
67,1,7
68,1,7
69,1,25
70,1,9
71,1,7
72,1,31
73,1,10
74,1,13
75,1,11
76,1,7
77,1,11
78,1,5
79,1,14
80,1,59
81,1,14
82,1,10
83,1,14
84,1,10
85,1,8
86,1,16
87,1,6
88,1,8
89,1,12
90,1,6
91,1,12
92,1,6
93,1,46
94,1,15
95,1,9
96,1,15
97,1,9
98,1,7
99,1,32
100,1,11
101,1,6
102,1,6
103,1,12
104,1,6
105,1,16
106,1,7
107,1,8
108,1,9
109,1,16
110,1,33
111,1,6
112,1,18
113,1,7
114,1,16
115,1,8
116,1,16
117,1,8
118,1,8
119,1,7
120,1,16
121,1,10
122,1,5
123,1,18
124,1,9
125,1,7
126,1,8
127,1,6
128,1,11
129,1,7
130,1,8
131,1,7
132,1,11
133,1,4
134,1,4
135,1,15
136,1,7
137,1,18
138,1,4
139,1,18
140,1,9
141,1,7
142,1,8
143,1,9
144,1,15
145,1,8
146,1,12
147,1,10
148,1,21
149,1,3
150,1,10
151,1,10
152,1,5
153,1,8
154,1,8
155,1,9
156,1,12
157,1,4
158,1,12
159,1,12
160,1,9
161,1,29
162,1,9
163,1,7
164,1,6
165,1,4
166,1,33
167,1,14
168,1,3
169,1,8
170,1,5
171,1,7
172,1,9
173,1,10
174,1,15
175,1,9
176,1,5
177,1,11
178,1,7
179,1,8
180,1,7
181,1,37
182,1,11
183,1,7
184,1,6
185,1,12
186,1,8
187,1,17
188,1,4
189,1,18
190,1,9
191,1,15
192,1,10
193,1,7
194,1,7
195,1,10
196,1,14
197,1,10
198,1,6
199,1,10
200,1,8
201,1,14
202,1,9
203,1,8
204,1,9
205,1,7
206,1,16
207,1,7
208,1,8
209,1,9
210,1,9
211,1,14
212,1,8
213,1,10
214,1,8
215,1,6
216,1,16
217,1,9
218,1,15
219,1,10
220,1,29
221,1,13
222,1,5
223,1,15
224,1,8
225,1,16
226,1,10
227,1,24
228,1,16
229,1,9
230,1,12
231,1,11
232,1,16
233,1,8
234,1,15
235,1,10
236,1,15
237,1,7
238,1,16
239,1,8
240,1,25
241,1,34
242,1,4
243,1,9
244,1,16
245,1,9
246,1,14
247,1,10
248,1,16
249,1,6
250,1,17
251,1,9
252,1,14
253,1,9
254,1,16
255,1,9
256,1,15
257,1,7
258,1,8
259,1,8
260,1,11
261,1,13
262,1,11
263,1,14
264,1,8
265,1,16
266,1,8
267,1,16
268,1,8
269,1,16
270,1,8
271,1,16
272,1,8
273,1,16
274,1,7
275,1,17
276,1,8
277,1,16
278,1,9
279,1,15
280,1,10
281,1,13
282,1,11
283,1,14
284,1,7
285,1,16
286,1,8
287,1,9
288,1,7
289,1,9
290,1,15
291,1,11
292,1,13
293,1,5
294,1,5
295,1,6
296,1,9
297,1,10
298,1,12
299,1,13
300,1,14
301,1,5
302,1,19
303,1,6
304,1,16
305,1,11
306,1,12
307,1,10
308,1,39
309,1,10
310,1,15
311,1,24
312,1,9
313,1,13
314,1,11
315,1,15
316,1,8
317,1,16
318,1,8
319,1,15
320,1,11
321,1,14
322,1,8
323,1,7
324,1,9
325,1,9
326,1,15
327,1,10
328,1,16
329,1,8
330,1,13
331,1,10
332,1,15
333,1,11
334,1,12
335,1,11
336,1,12
337,1,8
338,1,18
339,1,9
340,1,15
341,1,5
342,1,18
343,1,7
344,1,6
345,1,10
346,1,12
347,1,14
348,1,8
349,1,16
350,1,8
351,1,15
352,1,9
353,1,7
354,1,8
355,1,10
356,1,14
357,1,11
358,1,14
359,1,10
360,1,14
361,1,8
362,1,15
363,1,11
364,1,13
365,1,11
366,1,7
367,1,7
368,1,6
369,1,17
370,1,8
371,1,12
372,1,4
373,1,11
374,1,13
375,1,10
376,1,6
377,1,8
378,1,14
379,1,10
380,1,14
381,1,11
382,1,6
383,1,6
384,1,11
385,1,11
386,1,14
387,1,9
388,1,14
389,1,19
390,1,7
391,1,7
392,1,16
393,1,9
394,1,9
395,1,6
396,1,7
397,1,7
398,1,9
399,1,7
400,1,9
401,1,8
402,1,9
403,1,6
404,1,11
405,1,7
406,1,17
407,1,8
408,1,14
409,1,9
410,1,15
411,1,10
412,1,15
413,1,9
414,1,14
415,1,10
416,1,14
417,1,8
418,1,15
419,1,11
420,1,15
421,1,9
422,1,6
423,1,9
424,1,9
425,1,15
426,1,6
427,1,18
428,1,7
429,1,15
430,1,11
431,1,14
432,1,10
433,1,13
434,1,10
435,1,16
436,1,7
437,1,17
438,1,10
439,1,15
440,1,11
441,1,12
442,1,10
443,1,14
444,1,9
445,1,19
446,1,7
447,1,13
448,1,7
449,1,16
450,1,10
451,1,14
452,1,9
453,1,15
454,1,9
455,1,17
456,1,7
457,1,15
458,1,10
459,1,15
460,1,9
461,1,15
462,1,7
463,1,18
464,1,4
465,1,19
466,1,9
467,1,12
468,1,7
469,1,5
470,1,14
471,1,10
472,1,16
473,1,6
474,1,19
475,1,5
476,1,16
477,1,26
478,1,7
479,1,15
480,1,10
481,1,14
482,1,9
483,1,15
484,1,10
485,1,8
486,1,10
487,1,6
488,1,5
489,1,9
490,1,9
491,1,17
492,1,8
493,1,16
494,1,8
495,1,14
496,1,9
497,1,16
498,1,9
499,1,14
500,1,10
501,1,14
502,1,10
503,1,16
504,1,8
505,1,30
506,1,9
507,1,9
508,1,5
509,1,9
510,1,10
511,1,13
512,1,11
513,1,6
514,1,8
515,1,16
516,1,8
517,1,9
518,1,4
519,1,6
520,1,21
521,1,10
522,1,6
523,1,19
524,1,6
525,1,15
526,1,8
527,1,17
528,1,8
529,1,7
530,1,8
531,1,9
532,1,16
533,1,13
534,1,10
535,1,10
536,1,15
537,1,35
538,1,7
539,1,5
540,1,24
541,1,8
542,1,16
543,1,10
544,1,14
545,1,10
546,1,14
547,1,16
548,1,10
549,1,33
550,1,14
551,1,8
552,1,11
553,1,5
554,1,13
555,1,12
556,1,4
557,1,23
558,1,10
559,1,10
560,1,8
561,1,7
562,1,10
563,1,8
564,1,15
565,1,4
566,1,4
567,1,16
568,1,15
569,1,9
570,1,7
571,1,16
572,1,15
573,1,12
574,1,6
575,1,19
576,1,5
577,1,6
578,1,34
579,1,13
580,1,10
581,1,15
582,1,12
583,1,12
584,1,8
585,1,19
586,1,7
587,1,14
588,1,10
589,1,14
590,1,46
591,1,7
592,1,6
593,1,7
594,1,9
595,1,6
596,1,15
597,1,10
598,1,6
599,1,10
600,1,7
601,1,14
602,1,11
603,1,6
604,1,6
605,1,6
606,1,7
607,1,13
608,1,11
609,1,7
610,1,29
611,1,10
612,1,16
613,1,10
614,1,6
615,1,7
616,1,11
617,1,5
618,1,10
619,1,8
620,1,5
621,1,9
622,1,35
623,1,7
624,1,6
625,1,9
626,1,7
627,1,13
628,1,6
629,1,6
630,1,9
631,1,9
632,1,6
633,1,18
634,1,4
635,1,4
636,1,41
637,1,5
638,1,19
639,1,14
640,1,11
641,1,12
642,1,7
643,1,17
644,1,10
645,1,14
646,1,9
647,1,15
648,1,11
649,1,5
650,1,9
651,1,10
652,1,4
653,1,9
654,1,33
655,1,15
656,1,8
657,1,16
658,1,9
659,1,15
660,1,9
661,1,15
662,1,9
663,1,16
664,1,35
665,1,21
666,1,14
667,1,18
668,1,7
669,1,8
670,1,15
671,1,10
672,1,12
673,1,12
674,1,14
675,1,25
676,1,25
677,1,8
678,1,15
679,1,9
680,1,11
681,1,27
682,1,10
683,1,15
684,1,9
685,1,16
686,1,25
687,1,33
688,1,13
689,1,9
690,1,15
691,1,9
692,1,14
693,1,10
694,1,16
695,1,7
696,1,17
697,1,42
698,1,38
699,1,6
700,1,8
701,1,10
702,1,17
703,1,7
704,1,8
705,1,32
706,1,33
707,1,23
708,1,16
709,1,32
710,1,31
711,1,7
712,1,10
713,1,15
714,1,24
715,1,11
716,1,21
717,1,17
718,1,9
719,1,5
720,1,10
1,2,10
2,2,14
3,2,8
4,2,14
5,2,10
6,2,13
7,2,13
8,2,12
9,2,26
10,2,18
11,2,14
12,2,15
13,2,9
14,2,13
15,2,11
16,2,10
17,2,5
18,2,9
19,2,5
20,2,13
21,2,8
22,2,4
23,2,8
24,2,6
25,2,6
26,2,15
27,2,31
28,2,15
29,2,9
30,2,16
31,2,10
32,2,5
33,2,19
34,2,13
35,2,9
36,2,15
37,2,11
38,2,13
39,2,11
40,2,5
41,2,16
42,2,17
43,2,8
44,2,14
45,2,10
46,2,14
47,2,10
48,2,14
49,2,7
50,2,10
51,2,6
52,2,12
53,2,13
54,2,34
55,2,7
56,2,7
57,2,12
58,2,5
59,2,9
60,2,9
61,2,6
62,2,8
63,2,9
64,2,43
65,2,11
66,2,9
67,2,35
68,2,6
69,2,16
70,2,7
71,2,16
72,2,15
73,2,11
74,2,15
75,2,8
76,2,17
77,2,8
78,2,16
79,2,8
80,2,5
81,2,26
82,2,4
83,2,17
84,2,9
85,2,10
86,2,16
87,2,11
88,2,28
89,2,24
90,2,32
91,2,10
92,2,37
93,2,10
94,2,14
95,2,10
96,2,15
97,2,11
98,2,12
99,2,49
100,2,10
101,2,7
102,2,8
103,2,34
104,2,6
105,2,10
106,2,6
107,2,8
108,2,16
109,2,9
110,2,7
111,2,9
112,2,7
113,2,16
114,2,7
115,2,18
116,2,15
117,2,8
118,2,8
119,2,16
120,2,8
121,2,17
122,2,6
123,2,9
124,2,9
125,2,6
126,2,9
127,2,8
128,2,8
129,2,5
130,2,5
131,2,6
132,2,7
133,2,4
134,2,13
135,2,8
136,2,6
137,2,15
138,2,10
139,2,17
140,2,16
141,2,8
142,2,15
143,2,14
144,2,13
145,2,4
146,2,15
147,2,26
148,2,7
149,2,8
150,2,9
151,2,9
152,2,17
153,2,7
154,2,16
155,2,9
156,2,16
157,2,5
158,2,8
159,2,10
160,2,7
161,2,19
162,2,3
163,2,19
164,2,15
165,2,8
166,2,8
167,2,16
168,2,16
169,2,10
170,2,7
171,2,15
172,2,9
173,2,12
174,2,27
175,2,4
176,2,3
177,2,7
178,2,10
179,2,4
180,2,4
181,2,18
182,2,7
183,2,15
184,2,7
185,2,33
186,2,8
187,2,10
188,2,27
189,2,11
190,2,10
191,2,14
192,2,10
193,2,6
194,2,8
195,2,10
196,2,16
197,2,8
198,2,19
199,2,4
200,2,15
201,2,9
202,2,17
203,2,21
204,2,27
205,2,7
206,2,16
207,2,5
208,2,18
209,2,10
210,2,15
211,2,6
212,2,17
213,2,17
214,2,9
215,2,8
216,2,16
217,2,8
218,2,14
219,2,10
220,2,14
221,2,8
222,2,16
223,2,8
224,2,16
225,2,11
226,2,13
227,2,9
228,2,15
229,2,9
230,2,16
231,2,8
232,2,17
233,2,8
234,2,14
235,2,10
236,2,15
237,2,8
238,2,16
239,2,9
240,2,14
241,2,10
242,2,15
243,2,8
244,2,15
245,2,11
246,2,16
247,2,7
248,2,14
249,2,8
250,2,15
251,2,11
252,2,15
253,2,8
254,2,15
255,2,11
256,2,7
257,2,6
258,2,9
259,2,14
260,2,12
261,2,13
262,2,9
263,2,16
264,2,10
265,2,16
266,2,6
267,2,7
268,2,9
269,2,16
270,2,6
271,2,10
272,2,7
273,2,9
274,2,10
275,2,14
276,2,9
277,2,13
278,2,11
279,2,14
280,2,18
281,2,6
282,2,7
283,2,4
284,2,12
285,2,6
286,2,6
287,2,14
288,2,8
289,2,8
290,2,5
291,2,7
292,2,21
293,2,5
294,2,19
295,2,4
296,2,6
297,2,12
298,2,10
299,2,15
300,2,12
301,2,11
302,2,9
303,2,16
304,2,9
305,2,5
306,2,10
307,2,10
308,2,13
309,2,10
310,2,14
311,2,9
312,2,15
313,2,9
314,2,16
315,2,6
316,2,19
317,2,7
318,2,16
319,2,8
320,2,8
321,2,6
322,2,4
323,2,7
324,2,13
325,2,11
326,2,16
327,2,9
328,2,13
329,2,8
330,2,17
331,2,9
332,2,6
333,2,8
334,2,7
335,2,4
336,2,14
337,2,6
338,2,7
339,2,11
340,2,8
341,2,18
342,2,6
343,2,16
344,2,6
345,2,19
346,2,9
347,2,14
348,2,8
349,2,14
350,2,8
351,2,17
352,2,10
353,2,6
354,2,19
355,2,15
356,2,8
357,2,13
358,2,11
359,2,13
360,2,12
361,2,17
362,2,13
363,2,15
364,2,7
365,2,9
366,2,11
367,2,14
368,2,7
369,2,17
370,2,8
371,2,16
372,2,8
373,2,16
374,2,9
375,2,14
376,2,10
377,2,15
378,2,10
379,2,12
380,2,10
381,2,17
382,2,8
383,2,16
384,2,6
385,2,9
386,2,10
387,2,8
388,2,14
389,2,10
390,2,14
391,2,8
392,2,15
393,2,10
394,2,16
395,2,9
396,2,14
397,2,9
398,2,15
399,2,8
400,2,14
401,2,9
402,2,33
403,2,7
404,2,9
405,2,8
406,2,7
407,2,11
408,2,14
409,2,8
410,2,16
411,2,9
412,2,15
413,2,10
414,2,12
415,2,3
416,2,7
417,2,15
418,2,39
419,2,9
420,2,7
421,2,20
422,2,8
423,2,14
424,2,8
425,2,18
426,2,21
427,2,10
428,2,13
429,2,11
430,2,15
431,2,7
432,2,9
433,2,8
434,2,10
435,2,14
436,2,14
437,2,10
438,2,10
439,2,13
440,2,7
441,2,18
442,2,7
443,2,3
444,2,16
445,2,6
446,2,29
447,2,10
448,2,9
449,2,16
450,2,7
451,2,7
452,2,12
453,2,5
454,2,16
455,2,10
456,2,15
457,2,8
458,2,18
459,2,7
460,2,5
461,2,11
462,2,6
463,2,17
464,2,9
465,2,14
466,2,10
467,2,9
468,2,7
469,2,7
470,2,17
471,2,8
472,2,15
473,2,8
474,2,16
475,2,9
476,2,5
477,2,9
478,2,8
479,2,18
480,2,8
481,2,16
482,2,6
483,2,7
484,2,9
485,2,9
486,2,19
487,2,5
488,2,16
489,2,7
490,2,11
491,2,6
492,2,7
493,2,42
494,2,7
495,2,16
496,2,9
497,2,15
498,2,8
499,2,16
500,2,8
501,2,17
502,2,7
503,2,15
504,2,13
505,2,11
506,2,8
507,2,32
508,2,10
509,2,8
510,2,14
511,2,10
512,2,14
513,2,8
514,2,32
515,2,8
516,2,7
517,2,18
518,2,5
519,2,21
520,2,4
521,2,17
522,2,17
523,2,7
524,2,4
525,2,9
526,2,11
527,2,8
528,2,16
529,2,7
530,2,13
531,2,4
532,2,4
533,2,4
534,2,18
535,2,7
536,2,15
537,2,7
538,2,17
539,2,7
540,2,8
541,2,35
542,2,7
543,2,17
544,2,5
545,2,19
546,2,6
547,2,19
548,2,6
549,2,18
550,2,6
551,2,6
552,2,9
553,2,16
554,2,10
555,2,6
556,2,17
557,2,9
558,2,15
559,2,8
560,2,7
561,2,8
562,2,38
563,2,10
564,2,10
565,2,14
566,2,14
567,2,11
568,2,8
569,2,40
570,2,8
571,2,17
572,2,8
573,2,41
574,2,5
575,2,18
576,2,7
577,2,7
578,2,10
579,2,6
580,2,17
581,2,6
582,2,20
583,2,6
584,2,18
585,2,6
586,2,16
587,2,8
588,2,7
589,2,15
590,2,5
591,2,12
592,2,16
593,2,22
594,2,10
595,2,10
596,2,15
597,2,8
598,2,8
599,2,8
600,2,14
601,2,17
602,2,18
603,2,7
604,2,7
605,2,8
606,2,14
607,2,26
608,2,14
609,2,20
610,2,4
611,2,35
612,2,8
613,2,14
614,2,8
615,2,20
616,2,10
617,2,4
618,2,12
619,2,6
620,2,5
621,2,32
622,2,8
623,2,50
624,2,6
625,2,18
626,2,7
627,2,16
628,2,14
629,2,58
630,2,14
631,2,10
632,2,6
633,2,8
634,2,10
635,2,15
636,2,9
637,2,15
638,2,9
639,2,14
640,2,42
641,2,16
642,2,16
643,2,7
644,2,15
645,2,10
646,2,15
647,2,9
648,2,15
649,2,9
650,2,12
651,2,18
652,2,9
653,2,9
654,2,82
655,2,6
656,2,8
657,2,75
658,2,10
659,2,11
660,2,5
661,2,11
662,2,8
663,2,16
664,2,8
665,2,15
666,2,5
667,2,10
668,2,10
669,2,8
670,2,9
671,2,18
672,2,11
673,2,7
674,2,16
675,2,3
676,2,7
677,2,15
678,2,10
679,2,8
680,2,5
681,2,11
682,2,15
683,2,9
684,2,11
685,2,12
686,2,17
687,2,22
688,2,11
689,2,10
690,2,15
691,2,5
692,2,17
693,2,13
694,2,12
695,2,13
696,2,10
697,2,11
698,2,16
699,2,14
700,2,11
701,2,40
702,2,11
703,2,9
704,2,9
705,2,11
706,2,11
707,2,14
708,2,4
709,2,19
710,2,12
711,2,9
712,2,7
713,2,30
714,2,6
715,2,14
716,2,6
717,2,9
718,2,7
719,2,10
720,2,14
1,3,10
2,3,14
3,3,8
4,3,14
5,3,10
6,3,16
7,3,8
8,3,40
9,3,9
10,3,4
11,3,11
12,3,29
13,3,3
14,3,6
15,3,9
16,3,9
17,3,6
18,3,8
19,3,10
20,3,16
21,3,7
22,3,9
23,3,31
24,3,10
25,3,6
26,3,18
27,3,13
28,3,9
29,3,17
30,3,10
31,3,4
32,3,18
33,3,14
34,3,12
35,3,5
36,3,43
37,3,12
38,3,29
39,3,6
40,3,10
41,3,27
42,3,10
43,3,6
44,3,8
45,3,10
46,3,18
47,3,7
48,3,15
49,3,9
50,3,6
51,3,17
52,3,15
53,3,9
54,3,16
55,3,8
56,3,7
57,3,7
58,3,10
59,3,16
60,3,23
61,3,11
62,3,5
63,3,18
64,3,6
65,3,9
66,3,8
67,3,10
68,3,40
69,3,5
70,3,7
71,3,10
72,3,8
73,3,17
74,3,4
75,3,10
76,3,7
77,3,14
78,3,13
79,3,14
80,3,8
81,3,17
82,3,8
83,3,7
84,3,12
85,3,21
86,3,8
87,3,37
88,3,19
89,3,24
90,3,16
91,3,15
92,3,9
93,3,18
94,3,16
95,3,16
96,3,5
97,3,33
98,3,9
99,3,23
100,3,7
101,3,7
102,3,11
103,3,13
104,3,10
105,3,7
106,3,42
107,3,15
108,3,8
109,3,8
110,3,24
111,3,11
112,3,28
113,3,15
114,3,18
115,3,16
116,3,8
117,3,16
118,3,7
119,3,17
120,3,8
121,3,7
122,3,8
123,3,7
124,3,21
125,3,21
126,3,14
127,3,11
128,3,7
129,3,6
130,3,10
131,3,6
132,3,18
133,3,7
134,3,19
135,3,6
136,3,8
137,3,8
138,3,6
139,3,14
140,3,11
141,3,17
142,3,7
143,3,8
144,3,10
145,3,6
146,3,19
147,3,22
148,3,8
149,3,8
150,3,8
151,3,8
152,3,8
153,3,8
154,3,9
155,3,15
156,3,7
157,3,17
158,3,15
159,3,9
160,3,9
161,3,15
162,3,9
163,3,15
164,3,9
165,3,7
166,3,8
167,3,6
168,3,9
169,3,10
170,3,7
171,3,18
172,3,7
173,3,14
174,3,10
175,3,14
176,3,10
177,3,30
178,3,10
179,3,8
180,3,14
181,3,4
182,3,5
183,3,10
184,3,32
185,3,7
186,3,14
187,3,9
188,3,15
189,3,15
190,3,11
191,3,5
192,3,8
193,3,10
194,3,8
195,3,16
196,3,6
197,3,10
198,3,7
199,3,9
200,3,17
201,3,8
202,3,14
203,3,9
204,3,15
205,3,11
206,3,15
207,3,8
208,3,5
209,3,13
210,3,36
211,3,9
212,3,6
213,3,19
214,3,7
215,3,15
216,3,9
217,3,15
218,3,9
219,3,15
220,3,10
221,3,15
222,3,8
223,3,17
224,3,8
225,3,15
226,3,16
227,3,10
228,3,6
229,3,16
230,3,9
231,3,15
232,3,8
233,3,30
234,3,9
235,3,10
236,3,15
237,3,9
238,3,15
239,3,8
240,3,9
241,3,8
242,3,6
243,3,16
244,3,11
245,3,14
246,3,8
247,3,14
248,3,9
249,3,12
250,3,4
251,3,11
252,3,14
253,3,8
254,3,8
255,3,7
256,3,10
257,3,17
258,3,8
259,3,12
260,3,3
261,3,5
262,3,9
263,3,9
264,3,24
265,3,10
266,3,13
267,3,11
268,3,14
269,3,9
270,3,6
271,3,9
272,3,8
273,3,17
274,3,6
275,3,17
276,3,8
277,3,16
278,3,8
279,3,15
280,3,11
281,3,13
282,3,9
283,3,16
284,3,8
285,3,10
286,3,5
287,3,11
288,3,13
289,3,9
290,3,15
291,3,9
292,3,16
293,3,8
294,3,14
295,3,10
296,3,14
297,3,12
298,3,13
299,3,10
300,3,18
301,3,6
302,3,15
303,3,8
304,3,16
305,3,10
306,3,14
307,3,8
308,3,7
309,3,8
310,3,9
311,3,6
312,3,10
313,3,10
314,3,13
315,3,17
316,3,8
317,3,9
318,3,7
319,3,9
320,3,7
321,3,15
322,3,11
323,3,14
324,3,7
325,3,16
326,3,11
327,3,13
328,3,9
329,3,15
330,3,9
331,3,15
332,3,9
333,3,16
334,3,23
335,3,7
336,3,17
337,3,7
338,3,8
339,3,9
340,3,10
341,3,14
342,3,9
343,3,16
344,3,8
345,3,18
346,3,5
347,3,20
348,3,4
349,3,4
350,3,12
351,3,9
352,3,15
353,3,7
354,3,17
355,3,11
356,3,14
357,3,8
358,3,31
359,3,7
360,3,25
361,3,10
362,3,14
363,3,11
364,3,12
365,3,12
366,3,13
367,3,12
368,3,14
369,3,9
370,3,16
371,3,8
372,3,13
373,3,11
374,3,14
375,3,6
376,3,17
377,3,10
378,3,14
379,3,9
380,3,7
381,3,7
382,3,12
383,3,14
384,3,11
385,3,13
386,3,8
387,3,7
388,3,20
389,3,12
390,3,11
391,3,14
392,3,10
393,3,12
394,3,11
395,3,16
396,3,9
397,3,14
398,3,7
399,3,16
400,3,16
401,3,8
402,3,11
403,3,13
404,3,11
405,3,13
406,3,8
407,3,11
408,3,5
409,3,15
410,3,9
411,3,11
412,3,14
413,3,6
414,3,8
415,3,9
416,3,8
417,3,18
418,3,8
419,3,15
420,3,9
421,3,14
422,3,8
423,3,16
424,3,9
425,3,16
426,3,8
427,3,16
428,3,8
429,3,10
430,3,6
431,3,8
432,3,9
433,3,7
434,3,7
435,3,17
436,3,9
437,3,14
438,3,11
439,3,13
440,3,11
441,3,14
442,3,9
443,3,13
444,3,11
445,3,14
446,3,9
447,3,15
448,3,11
449,3,13
450,3,9
451,3,16
452,3,8
453,3,17
454,3,8
455,3,17
456,3,6
457,3,18
458,3,8
459,3,15
460,3,8
461,3,9
462,3,7
463,3,7
464,3,15
465,3,10
466,3,15
467,3,10
468,3,6
469,3,9
470,3,5
471,3,20
472,3,8
473,3,13
474,3,10
475,3,14
476,3,9
477,3,15
478,3,10
479,3,38
480,3,8
481,3,17
482,3,8
483,3,7
484,3,8
485,3,15
486,3,9
487,3,9
488,3,6
489,3,26
490,3,7
491,3,10
492,3,7
493,3,16
494,3,6
495,3,9
496,3,6
497,3,10
498,3,11
499,3,5
500,3,7
501,3,10
502,3,8
503,3,15
504,3,9
505,3,15
506,3,10
507,3,15
508,3,9
509,3,14
510,3,9
511,3,15
512,3,10
513,3,14
514,3,6
515,3,11
516,3,7
517,3,19
518,3,5
519,3,10
520,3,14
521,3,9
522,3,6
523,3,9
524,3,26
525,3,8
526,3,14
527,3,10
528,3,18
529,3,6
530,3,14
531,3,9
532,3,14
533,3,16
534,3,9
535,3,16
536,3,10
537,3,6
538,3,18
539,3,6
540,3,17
541,3,9
542,3,14
543,3,9
544,3,18
545,3,6
546,3,19
547,3,4
548,3,16
549,3,9
550,3,16
551,3,7
552,3,4
553,3,13
554,3,9
555,3,14
556,3,9
557,3,9
558,3,6
559,3,9
560,3,17
561,3,5
562,3,20
563,3,4
564,3,7
565,3,9
566,3,26
567,3,8
568,3,31
569,3,10
570,3,7
571,3,5
572,3,11
573,3,7
574,3,17
575,3,7
576,3,7
577,3,10
578,3,15
579,3,9
580,3,9
581,3,5
582,3,12
583,3,5
584,3,32
585,3,11
586,3,11
587,3,12
588,3,6
589,3,8
590,3,8
591,3,15
592,3,8
593,3,15
594,3,10
595,3,14
596,3,59
597,3,15
598,3,9
599,3,8
600,3,19
601,3,4
602,3,40
603,3,16
604,3,10
605,3,6
606,3,6
607,3,12
608,3,22
609,3,25
610,3,17
611,3,7
612,3,8
613,3,15
614,3,6
615,3,8
616,3,14
617,3,11
618,3,12
619,3,12
620,3,11
621,3,13
622,3,35
623,3,15
624,3,9
625,3,18
626,3,5
627,3,15
628,3,9
629,3,16
630,3,15
631,3,7
632,3,36
633,3,4
634,3,9
635,3,11
636,3,12
637,3,11
638,3,13
639,3,9
640,3,11
641,3,5
642,3,9
643,3,16
644,3,9
645,3,5
646,3,20
647,3,14
648,3,8
649,3,7
650,3,19
651,3,13
652,3,9
653,3,14
654,3,10
655,3,16
656,3,8
657,3,15
658,3,4
659,3,12
660,3,8
661,3,12
662,3,23
663,3,4
664,3,10
665,3,8
666,3,39
667,3,8
668,3,16
669,3,8
670,3,17
671,3,10
672,3,40
673,3,6
674,3,14
675,3,9
676,3,17
677,3,11
678,3,17
679,3,4
680,3,9
681,3,7
682,3,8
683,3,7
684,3,8
685,3,7
686,3,7
687,3,9
688,3,12
689,3,24
690,3,7
691,3,30
692,3,9
693,3,14
694,3,10
695,3,15
696,3,9
697,3,16
698,3,21
699,3,8
700,3,22
701,3,6
702,3,22
703,3,16
704,3,9
705,3,16
706,3,8
707,3,12
708,3,4
709,3,9
710,3,95
711,3,4
712,3,12
713,3,6
714,3,27
715,3,38
716,3,12
717,3,9
718,3,36
719,3,16
720,3,24
1,4,8
2,4,18
3,4,8
4,4,12
5,4,13
6,4,11
7,4,11
8,4,6
9,4,24
10,4,12
11,4,9
12,4,12
13,4,8
14,4,15
15,4,9
16,4,15
17,4,9
18,4,15
19,4,9
20,4,15
21,4,9
22,4,16
23,4,13
24,4,46
25,4,12
26,4,9
27,4,16
28,4,8
29,4,30
30,4,8
31,4,10
32,4,14
33,4,12
34,4,14
35,4,10
36,4,13
37,4,9
38,4,16
39,4,8
40,4,15
41,4,9
42,4,15
43,4,10
44,4,14
45,4,8
46,4,17
47,4,10
48,4,5
49,4,4
50,4,9
51,4,8
52,4,20
53,4,14
54,4,11
55,4,5
56,4,37
57,4,8
58,4,12
59,4,7
60,4,9
61,4,9
62,4,14
63,4,11
64,4,15
65,4,8
66,4,8
67,4,14
68,4,14
69,4,6
70,4,5
71,4,9
72,4,16
73,4,7
74,4,14
75,4,11
76,4,14
77,4,24
78,4,11
79,4,14
80,4,9
81,4,15
82,4,9
83,4,16
84,4,8
85,4,15
86,4,9
87,4,7
88,4,24
89,4,18
90,4,13
91,4,13
92,4,4
93,4,17
94,4,8
95,4,6
96,4,10
97,4,14
98,4,10
99,4,16
100,4,8
101,4,8
102,4,16
103,4,14
104,4,11
105,4,6
106,4,18
107,4,6
108,4,17
109,4,8
110,4,8
111,4,8
112,4,8
113,4,16
114,4,8
115,4,7
116,4,9
117,4,15
118,4,9
119,4,16
120,4,17
121,4,39
122,4,6
123,4,10
124,4,8
125,4,8
126,4,13
127,4,27
128,4,38
129,4,11
130,4,36
131,4,11
132,4,7
133,4,9
134,4,8
135,4,14
136,4,9
137,4,16
138,4,9
139,4,8
140,4,8
141,4,8
142,4,6
143,4,9
144,4,10
145,4,20
146,4,11
147,4,40
148,4,24
149,4,8
150,4,17
151,4,8
152,4,64
153,4,7
154,4,16
155,4,9
156,4,14
157,4,8
158,4,18
159,4,8
160,4,16
161,4,6
162,4,18
163,4,8
164,4,15
165,4,9
166,4,14
167,4,10
168,4,14
169,4,10
170,4,15
171,4,9
172,4,16
173,4,8
174,4,14
175,4,10
176,4,14
177,4,9
178,4,16
179,4,6
180,4,17
181,4,9
182,4,15
183,4,9
184,4,15
185,4,10
186,4,14
187,4,15
188,4,10
189,4,9
190,4,16
191,4,8
192,4,16
193,4,8
194,4,17
195,4,7
196,4,14
197,4,10
198,4,14
199,4,10
200,4,10
201,4,8
202,4,22
203,4,4
204,4,11
205,4,9
206,4,8
207,4,14
208,4,7
209,4,20
210,4,21
211,4,11
212,4,14
213,4,8
214,4,5
215,4,12
216,4,8
217,4,14
218,4,7
219,4,8
220,4,9
221,4,9
222,4,7
223,4,8
224,4,3
225,4,7
226,4,3
227,4,11
228,4,10
229,4,15
230,4,8
231,4,16
232,4,7
233,4,8
234,4,8
235,4,10
236,4,14
237,4,8
238,4,14
239,4,19
240,4,8
241,4,5
242,4,4
243,4,15
244,4,8
245,4,15
246,4,10
247,4,15
248,4,9
249,4,14
250,4,9
251,4,15
252,4,9
253,4,17
254,4,8
255,4,6
256,4,7
257,4,5
258,4,7
259,4,13
260,4,5
261,4,3
262,4,17
263,4,9
264,4,15
265,4,7
266,4,8
267,4,8
268,4,13
269,4,12
270,4,9
271,4,15
272,4,8
273,4,14
274,4,12
275,4,7
276,4,8
277,4,9
278,4,14
279,4,7
280,4,16
281,4,11
282,4,8
283,4,6
284,4,10
285,4,14
286,4,7
287,4,8
288,4,7
289,4,3
290,4,7
291,4,16
292,4,8
293,4,15
294,4,10
295,4,14
296,4,10
297,4,15
298,4,9
299,4,16
300,4,8
301,4,13
302,4,4
303,4,6
304,4,16
305,4,7
306,4,17
307,4,8
308,4,6
309,4,9
310,4,11
311,4,13
312,4,9
313,4,15
314,4,11
315,4,13
316,4,9
317,4,15
318,4,9
319,4,18
320,4,7
321,4,15
322,4,9
323,4,15
324,4,10
325,4,14
326,4,8
327,4,16
328,4,7
329,4,16
330,4,10
331,4,13
332,4,10
333,4,16
334,4,8
335,4,18
336,4,7
337,4,14
338,4,10
339,4,14
340,4,11
341,4,12
342,4,15
343,4,13
344,4,5
345,4,17
346,4,10
347,4,13
348,4,9
349,4,17
350,4,7
351,4,16
352,4,5
353,4,6
354,4,13
355,4,9
356,4,14
357,4,8
358,4,9
359,4,8
360,4,8
361,4,15
362,4,11
363,4,13
364,4,8
365,4,3
366,4,14
367,4,8
368,4,16
369,4,9
370,4,14
371,4,7
372,4,16
373,4,4
374,4,8
375,4,5
376,4,8
377,4,7
378,4,9
379,4,11
380,4,8
381,4,14
382,4,8
383,4,6
384,4,10
385,4,9
386,4,13
387,4,12
388,4,14
389,4,8
390,4,15
391,4,9
392,4,18
393,4,7
394,4,17
395,4,7
396,4,15
397,4,10
398,4,9
399,4,5
400,4,6
401,4,18
402,4,10
403,4,13
404,4,11
405,4,12
406,4,11
407,4,13
408,4,9
409,4,16
410,4,11
411,4,14
412,4,10
413,4,14
414,4,8
415,4,16
416,4,9
417,4,15
418,4,10
419,4,14
420,4,10
421,4,20
422,4,19
423,4,8
424,4,16
425,4,7
426,4,16
427,4,8
428,4,16
429,4,5
430,4,6
431,4,12
432,4,8
433,4,16
434,4,9
435,4,15
436,4,9
437,4,40
438,4,9
439,4,14
440,4,11
441,4,13
442,4,10
443,4,39
444,4,8
445,4,15
446,4,11
447,4,13
448,4,8
449,4,16
450,4,10
451,4,14
452,4,10
453,4,14
454,4,9
455,4,16
456,4,9
457,4,15
458,4,8
459,4,16
460,4,6
461,4,21
462,4,5
463,4,15
464,4,10
465,4,14
466,4,11
467,4,13
468,4,9
469,4,15
470,4,8
471,4,17
472,4,7
473,4,7
474,4,11
475,4,7
476,4,7
477,4,9
478,4,10
479,4,13
480,4,9
481,4,8
482,4,31
483,4,10
484,4,16
485,4,8
486,4,13
487,4,10
488,4,14
489,4,7
490,4,19
491,4,7
492,4,18
493,4,5
494,4,10
495,4,7
496,4,7
497,4,43
498,4,6
499,4,5
500,4,11
501,4,7
502,4,18
503,4,9
504,4,9
505,4,7
506,4,8
507,4,14
508,4,21
509,4,5
510,4,8
511,4,5
512,4,9
513,4,10
514,4,14
515,4,8
516,4,7
517,4,14
518,4,5
519,4,5
520,4,9
521,4,26
522,4,5
523,4,17
524,4,16
525,4,10
526,4,7
527,4,7
528,4,4
529,4,17
530,4,11
531,4,9
532,4,17
533,4,7
534,4,15
535,4,7
536,4,13
537,4,28
538,4,7
539,4,9
540,4,9
541,4,10
542,4,14
543,4,9
544,4,14
545,4,8
546,4,16
547,4,27
548,4,7
549,4,6
550,4,9
551,4,8
552,4,17
553,4,5
554,4,25
555,4,18
556,4,25
557,4,7
558,4,15
559,4,8
560,4,15
561,4,8
562,4,16
563,4,15
564,4,10
565,4,11
566,4,12
567,4,10
568,4,15
569,4,8
570,4,15
571,4,15
572,4,11
573,4,4
574,4,19
575,4,13
576,4,11
577,4,14
578,4,10
579,4,8
580,4,17
581,4,6
582,4,17
583,4,7
584,4,41
585,4,8
586,4,62
587,4,16
588,4,15
589,4,8
590,4,11
591,4,7
592,4,17
593,4,6
594,4,10
595,4,7
596,4,30
597,4,19
598,4,8
599,4,8
600,4,7
601,4,16
602,4,8
603,4,5
604,4,3
605,4,8
606,4,8
607,4,17
608,4,9
609,4,13
610,4,10
611,4,14
612,4,7
613,4,5
614,4,14
615,4,7
616,4,40
617,4,13
618,4,9
619,4,5
620,4,30
621,4,8
622,4,6
623,4,11
624,4,7
625,4,6
626,4,11
627,4,14
628,4,10
629,4,15
630,4,8
631,4,15
632,4,10
633,4,14
634,4,10
635,4,7
636,4,5
637,4,12
638,4,13
639,4,10
640,4,15
641,4,14
642,4,32
643,4,10
644,4,17
645,4,9
646,4,6
647,4,13
648,4,6
649,4,5
650,4,17
651,4,16
652,4,10
653,4,9
654,4,43
655,4,9
656,4,9
657,4,16
658,4,45
659,4,10
660,4,15
661,4,10
662,4,16
663,4,8
664,4,14
665,4,10
666,4,13
667,4,6
668,4,21
669,4,22
670,4,9
671,4,6
672,4,19
673,4,14
674,4,12
675,4,11
676,4,11
677,4,15
678,4,9
679,4,4
680,4,20
681,4,11
682,4,13
683,4,9
684,4,39
685,4,13
686,4,11
687,4,15
688,4,9
689,4,15
690,4,12
691,4,11
692,4,10
693,4,16
694,4,10
695,4,9
696,4,15
697,4,8
698,4,7
699,4,7
700,4,14
701,4,10
702,4,14
703,4,34
704,4,16
705,4,16
706,4,28
707,4,35
708,4,16
709,4,33
710,4,16
711,4,10
712,4,11
713,4,44
714,4,17
715,4,10
716,4,12
717,4,7
718,4,9
719,4,7
720,4,17
1,5,14
2,5,10
3,5,10
4,5,13
5,5,10
6,5,15
7,5,10
8,5,3
9,5,9
10,5,15
11,5,52
12,5,30
13,5,8
14,5,15
15,5,10
16,5,15
17,5,9
18,5,14
19,5,5
20,5,6
21,5,6
22,5,12
23,5,6
24,5,5
25,5,18
26,5,15
27,5,9
28,5,15
29,5,9
30,5,16
31,5,12
32,5,10
33,5,10
34,5,6
35,5,30
36,5,13
37,5,15
38,5,8
39,5,14
40,5,10
41,5,14
42,5,25
43,5,9
44,5,14
45,5,10
46,5,15
47,5,8
48,5,9
49,5,15
50,5,13
51,5,14
52,5,12
53,5,10
54,5,14
55,5,10
56,5,15
57,5,9
58,5,15
59,5,12
60,5,2
61,5,9
62,5,35
63,5,5
64,5,19
65,5,13
66,5,26
67,5,9
68,5,12
69,5,11
70,5,16
71,5,8
72,5,14
73,5,11
74,5,5
75,5,10
76,5,15
77,5,16
78,5,6
79,5,19
80,5,5
81,5,9
82,5,4
83,5,22
84,5,9
85,5,7
86,5,8
87,5,8
88,5,14
89,5,11
90,5,7
91,5,5
92,5,59
93,5,8
94,5,7
95,5,9
96,5,8
97,5,16
98,5,14
99,5,10
100,5,6
101,5,38
102,5,13
103,5,6
104,5,9
105,5,8
106,5,6
107,5,10
108,5,6
109,5,11
110,5,7
111,5,6
112,5,18
113,5,6
114,5,8
115,5,10
116,5,8
117,5,5
118,5,8
119,5,5
120,5,4
121,5,18
122,5,22
123,5,10
124,5,20
125,5,14
126,5,6
127,5,18
128,5,6
129,5,7
130,5,8
131,5,9
132,5,14
133,5,10
134,5,8
135,5,16
136,5,8
137,5,17
138,5,6
139,5,17
140,5,8
141,5,25
142,5,9
143,5,6
144,5,14
145,5,9
146,5,6
147,5,44
148,5,8
149,5,15
150,5,8
151,5,30
152,5,10
153,5,14
154,5,10
155,5,5
156,5,13
157,5,6
158,5,6
159,5,9
160,5,9
161,5,8
162,5,7
163,5,10
164,5,8
165,5,14
166,5,10
167,5,5
168,5,11
169,5,8
170,5,14
171,5,9
172,5,7
173,5,8
174,5,10
175,5,41
176,5,7
177,5,15
178,5,7
179,5,16
180,5,40
181,5,7
182,5,16
183,5,24
184,5,10
185,5,9
186,5,14
187,5,13
188,5,11
189,5,17
190,5,8
191,5,8
192,5,15
193,5,9
194,5,15
195,5,10
196,5,14
197,5,6
198,5,10
199,5,9
200,5,8
201,5,16
202,5,8
203,5,15
204,5,11
205,5,14
206,5,6
207,5,28
208,5,13
209,5,10
210,5,6
211,5,8
212,5,9
213,5,8
214,5,9
215,5,7
216,5,15
217,5,10
218,5,16
219,5,8
220,5,18
221,5,6
222,5,14
223,5,9
224,5,14
225,5,16
226,5,22
227,5,15
228,5,5
229,5,7
230,5,9
231,5,6
232,5,18
233,5,8
234,5,39
235,5,26
236,5,7
237,5,7
238,5,9
239,5,9
240,5,15
241,5,6
242,5,21
243,5,4
244,5,44
245,5,5
246,5,15
247,5,6
248,5,17
249,5,10
250,5,15
251,5,15
252,5,11
253,5,6
254,5,9
255,5,7
256,5,11
257,5,13
258,5,9
259,5,17
260,5,8
261,5,15
262,5,7
263,5,17
264,5,7
265,5,17
266,5,10
267,5,5
268,5,8
269,5,7
270,5,8
271,5,9
272,5,12
273,5,13
274,5,9
275,5,15
276,5,8
277,5,16
278,5,8
279,5,15
280,5,12
281,5,12
282,5,10
283,5,14
284,5,10
285,5,17
286,5,6
287,5,16
288,5,8
289,5,15
290,5,17
291,5,8
292,5,8
293,5,14
294,5,12
295,5,14
296,5,8
297,5,17
298,5,8
299,5,13
300,5,10
301,5,16
302,5,9
303,5,6
304,5,8
305,5,11
306,5,13
307,5,24
308,5,11
309,5,14
310,5,10
311,5,14
312,5,7
313,5,3
314,5,14
315,5,9
316,5,15
317,5,7
318,5,15
319,5,5
320,5,4
321,5,3
322,5,13
323,5,6
324,5,5
325,5,14
326,5,8
327,5,14
328,5,12
329,5,13
330,5,9
331,5,8
332,5,9
333,5,9
334,5,16
335,5,6
336,5,15
337,5,10
338,5,14
339,5,8
340,5,3
341,5,12
342,5,12
343,5,13
344,5,11
345,5,14
346,5,8
347,5,6
348,5,10
349,5,7
350,5,17
351,5,8
352,5,16
353,5,10
354,5,14
355,5,8
356,5,15
357,5,10
358,5,15
359,5,8
360,5,16
361,5,8
362,5,15
363,5,11
364,5,14
365,5,10
366,5,13
367,5,9
368,5,7
369,5,10
370,5,10
371,5,11
372,5,12
373,5,14
374,5,10
375,5,18
376,5,7
377,5,12
378,5,10
379,5,16
380,5,7
381,5,15
382,5,10
383,5,7
384,5,9
385,5,9
386,5,13
387,5,10
388,5,15
389,5,9
390,5,15
391,5,8
392,5,7
393,5,11
394,5,7
395,5,17
396,5,4
397,5,18
398,5,7
399,5,16
400,5,10
401,5,15
402,5,6
403,5,17
404,5,9
405,5,31
406,5,7
407,5,19
408,5,7
409,5,8
410,5,16
411,5,8
412,5,16
413,5,8
414,5,16
415,5,8
416,5,15
417,5,11
418,5,13
419,5,11
420,5,13
421,5,10
422,5,15
423,5,8
424,5,15
425,5,9
426,5,14
427,5,12
428,5,13
429,5,15
430,5,9
431,5,15
432,5,8
433,5,15
434,5,10
435,5,10
436,5,15
437,5,8
438,5,16
439,5,9
440,5,15
441,5,7
442,5,8
443,5,9
444,5,9
445,5,14
446,5,8
447,5,12
448,5,7
449,5,15
450,5,6
451,5,6
452,5,11
453,5,5
454,5,26
455,5,9
456,5,16
457,5,9
458,5,14
459,5,10
460,5,14
461,5,8
462,5,16
463,5,10
464,5,14
465,5,11
466,5,13
467,5,10
468,5,14
469,5,9
470,5,15
471,5,10
472,5,15
473,5,7
474,5,16
475,5,9
476,5,16
477,5,7
478,5,18
479,5,7
480,5,15
481,5,9
482,5,17
483,5,7
484,5,18
485,5,7
486,5,13
487,5,9
488,5,20
489,5,5
490,5,7
491,5,8
492,5,10
493,5,14
494,5,10
495,5,9
496,5,6
497,5,8
498,5,15
499,5,10
500,5,15
501,5,9
502,5,14
503,5,10
504,5,7
505,5,32
506,5,7
507,5,6
508,5,11
509,5,18
510,5,6
511,5,8
512,5,16
513,5,7
514,5,16
515,5,9
516,5,16
517,5,7
518,5,16
519,5,9
520,5,16
521,5,9
522,5,5
523,5,10
524,5,9
525,5,15
526,5,23
527,5,9
528,5,16
529,5,14
530,5,10
531,5,9
532,5,15
533,5,15
534,5,9
535,5,8
536,5,16
537,5,9
538,5,17
539,5,5
540,5,15
541,5,16
542,5,10
543,5,7
544,5,8
545,5,10
546,5,6
547,5,7
548,5,9
549,5,9
550,5,4
551,5,11
552,5,8
553,5,18
554,5,23
555,5,8
556,5,17
557,5,7
558,5,15
559,5,10
560,5,16
561,5,6
562,5,20
563,5,10
564,5,11
565,5,13
566,5,11
567,5,5
568,5,29
569,5,13
570,5,10
571,5,9
572,5,7
573,5,6
574,5,17
575,5,8
576,5,6
577,5,10
578,5,8
579,5,30
580,5,10
581,5,8
582,5,16
583,5,8
584,5,17
585,5,7
586,5,17
587,5,7
588,5,17
589,5,7
590,5,32
591,5,8
592,5,8
593,5,8
594,5,28
595,5,5
596,5,6
597,5,9
598,5,7
599,5,15
600,5,9
601,5,5
602,5,34
603,5,10
604,5,15
605,5,11
606,5,5
607,5,31
608,5,7
609,5,26
610,5,17
611,5,9
612,5,14
613,5,13
614,5,11
615,5,9
616,5,16
617,5,9
618,5,3
619,5,15
620,5,6
621,5,6
622,5,8
623,5,11
624,5,14
625,5,8
626,5,23
627,5,9
628,5,8
629,5,8
630,5,14
631,5,14
632,5,12
633,5,10
634,5,5
635,5,7
636,5,11
637,5,6
638,5,18
639,5,5
640,5,7
641,5,10
642,5,16
643,5,9
644,5,16
645,5,8
646,5,16
647,5,8
648,5,11
649,5,5
650,5,8
651,5,13
652,5,7
653,5,13
654,5,29
655,5,10
656,5,14
657,5,10
658,5,15
659,5,10
660,5,13
661,5,12
662,5,4
663,5,23
664,5,8
665,5,13
666,5,5
667,5,9
668,5,10
669,5,22
670,5,14
671,5,10
672,5,16
673,5,7
674,5,14
675,5,11
676,5,15
677,5,9
678,5,16
679,5,33
680,5,14
681,5,11
682,5,10
683,5,14
684,5,13
685,5,9
686,5,15
687,5,9
688,5,15
689,5,9
690,5,14
691,5,45
692,5,11
693,5,66
694,5,15
695,5,8
696,5,9
697,5,12
698,5,28
699,5,10
700,5,11
701,5,17
702,5,15
703,5,19
704,5,23
705,5,9
706,5,15
707,5,9
708,5,7
709,5,11
710,5,54
711,5,16
712,5,31
713,5,15
714,5,10
715,5,39
716,5,35
717,5,4
718,5,33
719,5,9
720,5,16
1,6,8
2,6,15
3,6,9
4,6,15
5,6,9
6,6,15
7,6,9
8,6,15
9,6,11
10,6,41
11,6,50
12,6,4
13,6,5
14,6,7
15,6,37
16,6,12
17,6,58
18,6,16
19,6,8
20,6,14
21,6,10
22,6,14
23,6,10
24,6,16
25,6,8
26,6,16
27,6,7
28,6,26
29,6,15
30,6,8
31,6,14
32,6,10
33,6,14
34,6,9
35,6,17
36,6,8
37,6,14
38,6,10
39,6,16
40,6,7
41,6,15
42,6,22
43,6,13
44,6,13
45,6,10
46,6,15
47,6,9
48,6,15
49,6,9
50,6,15
51,6,9
52,6,16
53,6,10
54,6,10
55,6,12
56,6,24
57,6,14
58,6,10
59,6,38
60,6,10
61,6,15
62,6,10
63,6,4
64,6,20
65,6,12
66,6,37
67,6,6
68,6,16
69,6,7
70,6,8
71,6,14
72,6,10
73,6,9
74,6,15
75,6,9
76,6,15
77,6,8
78,6,19
79,6,7
80,6,5
81,6,42
82,6,16
83,6,8
84,6,37
85,6,11
86,6,20
87,6,43
88,6,9
89,6,6
90,6,3
91,6,14
92,6,16
93,6,10
94,6,4
95,6,5
96,6,9
97,6,12
98,6,19
99,6,5
100,6,8
101,6,9
102,6,5
103,6,19
104,6,7
105,6,17
106,6,9
107,6,5
108,6,10
109,6,8
110,6,7
111,6,6
112,6,4
113,6,3
114,6,40
115,6,6
116,6,13
117,6,9
118,6,24
119,6,8
120,6,7
121,6,9
122,6,4
123,6,10
124,6,8
125,6,16
126,6,10
127,6,8
128,6,16
129,6,8
130,6,16
131,6,8
132,6,31
133,6,34
134,6,6
135,6,17
136,6,9
137,6,15
138,6,9
139,6,16
140,6,4
141,6,10
142,6,8
143,6,16
144,6,10
145,6,7
146,6,17
147,6,7
148,6,15
149,6,10
150,6,19
151,6,10
152,6,9
153,6,8
154,6,14
155,6,6
156,6,2
157,6,9
158,6,9
159,6,13
160,6,12
161,6,8
162,6,9
163,6,7
164,6,6
165,6,33
166,6,11
167,6,7
168,6,6
169,6,9
170,6,9
171,6,24
172,6,17
173,6,6
174,6,18
175,6,5
176,6,16
177,6,7
178,6,17
179,6,8
180,6,9
181,6,7
182,6,10
183,6,14
184,6,8
185,6,20
186,6,5
187,6,16
188,6,9
189,6,9
190,6,8
191,6,3
192,6,19
193,6,12
194,6,12
195,6,9
196,6,15
197,6,8
198,6,15
199,6,11
200,6,14
201,6,8
202,6,18
203,6,6
204,6,16
205,6,8
206,6,15
207,6,5
208,6,22
209,6,6
210,6,15
211,6,10
212,6,14
213,6,9
214,6,9
215,6,6
216,6,10
217,6,10
218,6,16
219,6,13
220,6,5
221,6,13
222,6,24
223,6,7
224,6,15
225,6,8
226,6,9
227,6,5
228,6,9
229,6,11
230,6,13
231,6,9
232,6,5
233,6,10
234,6,13
235,6,11
236,6,7
237,6,4
238,6,14
239,6,9
240,6,3
241,6,10
242,6,5
243,6,5
244,6,16
245,6,7
246,6,9
247,6,7
248,6,11
249,6,15
250,6,6
251,6,19
252,6,13
253,6,9
254,6,8
255,6,15
256,6,11
257,6,14
258,6,9
259,6,15
260,6,8
261,6,14
262,6,4
263,6,4
264,6,17
265,6,8
266,6,7
267,6,9
268,6,8
269,6,7
270,6,9
271,6,16
272,6,9
273,6,7
274,6,17
275,6,8
276,6,19
277,6,3
278,6,20
279,6,8
280,6,5
281,6,9
282,6,5
283,6,4
284,6,14
285,6,9
286,6,8
287,6,6
288,6,12
289,6,13
290,6,9
291,6,15
292,6,7
293,6,16
294,6,8
295,6,16
296,6,16
297,6,9
298,6,7
299,6,3
300,6,6
301,6,6
302,6,9
303,6,5
304,6,13
305,6,5
306,6,5
307,6,13
308,6,8
309,6,16
310,6,10
311,6,13
312,6,9
313,6,7
314,6,8
315,6,12
316,6,12
317,6,11
318,6,15
319,6,10
320,6,14
321,6,8
322,6,15
323,6,11
324,6,13
325,6,11
326,6,14
327,6,10
328,6,14
329,6,6
330,6,6
331,6,11
332,6,11
333,6,14
334,6,8
335,6,6
336,6,10
337,6,11
338,6,12
339,6,6
340,6,20
341,6,7
342,6,15
343,6,10
344,6,14
345,6,10
346,6,37
347,6,17
348,6,9
349,6,7
350,6,17
351,6,8
352,6,15
353,6,10
354,6,14
355,6,12
356,6,12
357,6,9
358,6,6
359,6,8
360,6,11
361,6,4
362,6,9
363,6,6
364,6,5
365,6,17
366,6,6
367,6,7
368,6,9
369,6,8
370,6,15
371,6,8
372,6,6
373,6,11
374,6,7
375,6,17
376,6,10
377,6,12
378,6,10
379,6,9
380,6,6
381,6,8
382,6,17
383,6,9
384,6,16
385,6,4
386,6,9
387,6,9
388,6,11
389,6,14
390,6,8
391,6,16
392,6,14
393,6,11
394,6,5
395,6,6
396,6,12
397,6,8
398,6,14
399,6,13
400,6,12
401,6,8
402,6,16
403,6,11
404,6,14
405,6,8
406,6,4
407,6,14
408,6,8
409,6,12
410,6,13
411,6,4
412,6,8
413,6,11
414,6,15
415,6,5
416,6,8
417,6,9
418,6,7
419,6,18
420,6,6
421,6,7
422,6,11
423,6,8
424,6,7
425,6,8
426,6,9
427,6,16
428,6,8
429,6,15
430,6,11
431,6,14
432,6,8
433,6,15
434,6,10
435,6,9
436,6,5
437,6,10
438,6,15
439,6,9
440,6,17
441,6,8
442,6,13
443,6,6
444,6,3
445,6,14
446,6,10
447,6,8
448,6,9
449,6,9
450,6,13
451,6,9
452,6,18
453,6,6
454,6,16
455,6,10
456,6,13
457,6,9
458,6,15
459,6,6
460,6,18
461,6,10
462,6,15
463,6,7
464,6,17
465,6,7
466,6,16
467,6,9
468,6,15
469,6,9
470,6,39
471,6,10
472,6,14
473,6,8
474,6,17
475,6,7
476,6,44
477,6,6
478,6,14
479,6,9
480,6,16
481,6,8
482,6,7
483,6,7
484,6,10
485,6,8
486,6,8
487,6,8
488,6,16
489,6,8
490,6,18
491,6,8
492,6,14
493,6,8
494,6,18
495,6,4
496,6,17
497,6,8
498,6,16
499,6,9
500,6,15
501,6,10
502,6,14
503,6,9
504,6,16
505,6,9
506,6,14
507,6,16
508,6,8
509,6,9
510,6,14
511,6,9
512,6,16
513,6,10
514,6,29
515,6,11
516,6,8
517,6,16
518,6,8
519,6,17
520,6,5
521,6,16
522,6,10
523,6,16
524,6,8
525,6,14
526,6,12
527,6,12
528,6,10
529,6,15
530,6,6
531,6,41
532,6,7
533,6,9
534,6,10
535,6,8
536,6,14
537,6,8
538,6,16
539,6,10
540,6,14
541,6,16
542,6,8
543,6,12
544,6,25
545,6,12
546,6,9
547,6,14
548,6,7
549,6,17
550,6,9
551,6,16
552,6,6
553,6,8
554,6,11
555,6,7
556,6,16
557,6,9
558,6,14
559,6,10
560,6,17
561,6,7
562,6,15
563,6,8
564,6,16
565,6,8
566,6,41
567,6,5
568,6,8
569,6,13
570,6,35
571,6,14
572,6,20
573,6,7
574,6,18
575,6,7
576,6,7
577,6,8
578,6,8
579,6,16
580,6,15
581,6,12
582,6,6
583,6,16
584,6,8
585,6,16
586,6,8
587,6,17
588,6,6
589,6,19
590,6,5
591,6,42
592,6,5
593,6,29
594,6,13
595,6,10
596,6,4
597,6,6
598,6,5
599,6,7
600,6,6
601,6,10
602,6,7
603,6,7
604,6,10
605,6,7
606,6,9
607,6,6
608,6,16
609,6,10
610,6,15
611,6,10
612,6,6
613,6,41
614,6,16
615,6,8
616,6,7
617,6,33
618,6,13
619,6,8
620,6,12
621,6,7
622,6,7
623,6,9
624,6,8
625,6,17
626,6,6
627,6,17
628,6,16
629,6,32
630,6,12
631,6,14
632,6,12
633,6,10
634,6,16
635,6,15
636,6,10
637,6,9
638,6,11
639,6,11
640,6,13
641,6,11
642,6,4
643,6,10
644,6,10
645,6,12
646,6,14
647,6,7
648,6,15
649,6,7
650,6,8
651,6,36
652,6,4
653,6,6
654,6,41
655,6,10
656,6,14
657,6,6
658,6,12
659,6,6
660,6,15
661,6,17
662,6,10
663,6,26
664,6,29
665,6,19
666,6,12
667,6,10
668,6,16
669,6,8
670,6,15
671,6,9
672,6,15
673,6,28
674,6,6
675,6,15
676,6,13
677,6,10
678,6,9
679,6,16
680,6,12
681,6,11
682,6,9
683,6,14
684,6,10
685,6,12
686,6,4
687,6,8
688,6,39
689,6,8
690,6,17
691,6,32
692,6,16
693,6,8
694,6,15
695,6,9
696,6,16
697,6,9
698,6,32
699,6,14
700,6,17
701,6,32
702,6,15
703,6,9
704,6,14
705,6,10
706,6,16
707,6,80
708,6,16
709,6,10
710,6,16
711,6,32
712,6,9
713,6,14
714,6,14
715,6,11
716,6,4
717,6,31
718,6,16
719,6,4
720,6,7
1,7,7
2,7,8
3,7,57
4,7,80
5,7,15
6,7,9
7,7,31
8,7,23
9,7,8
10,7,10
11,7,5
12,7,11
13,7,10
14,7,12
15,7,12
16,7,5
17,7,12
18,7,5
19,7,16
20,7,8
21,7,15
22,7,8
23,7,17
24,7,8
25,7,16
26,7,8
27,7,15
28,7,35
29,7,12
30,7,10
31,7,15
32,7,9
33,7,16
34,7,8
35,7,15
36,7,10
37,7,14
38,7,9
39,7,13
40,7,6
41,7,22
42,7,10
43,7,5
44,7,40
45,7,14
46,7,10
47,7,14
48,7,10
49,7,7
50,7,8
51,7,10
52,7,14
53,7,24
54,7,10
55,7,11
56,7,12
57,7,9
58,7,7
59,7,17
60,7,7
61,7,7
62,7,25
63,7,14
64,7,10
65,7,8
66,7,7
67,7,10
68,7,5
69,7,5
70,7,14
71,7,6
72,7,13
73,7,5
74,7,6
75,7,17
76,7,16
77,7,9
78,7,14
79,7,10
80,7,5
81,7,19
82,7,5
83,7,10
84,7,26
85,7,30
86,7,7
87,7,17
88,7,73
89,7,7
90,7,8
91,7,10
92,7,6
93,7,40
94,7,7
95,7,7
96,7,11
97,7,6
98,7,17
99,7,8
100,7,16
101,7,8
102,7,11
103,7,5
104,7,15
105,7,10
106,7,18
107,7,25
108,7,6
109,7,4
110,7,9
111,7,11
112,7,6
113,7,15
114,7,16
115,7,9
116,7,7
117,7,8
118,7,8
119,7,10
120,7,7
121,7,10
122,7,6
123,7,40
124,7,8
125,7,6
126,7,10
127,7,15
128,7,8
129,7,15
130,7,11
131,7,5
132,7,10
133,7,9
134,7,7
135,7,8
136,7,8
137,7,8
138,7,16
139,7,8
140,7,17
141,7,8
142,7,16
143,7,15
144,7,9
145,7,13
146,7,10
147,7,8
148,7,7
149,7,9
150,7,5
151,7,23
152,7,31
153,7,13
154,7,7
155,7,17
156,7,6
157,7,42
158,7,7
159,7,14
160,7,4
161,7,6
162,7,16
163,7,8
164,7,17
165,7,9
166,7,14
167,7,9
168,7,16
169,7,16
170,7,8
171,7,7
172,7,19
173,7,7
174,7,30
175,7,33
176,7,7
177,7,16
178,7,10
179,7,13
180,7,10
181,7,16
182,7,7
183,7,16
184,7,15
185,7,9
186,7,9
187,7,15
188,7,9
189,7,17
190,7,6
191,7,17
192,7,8
193,7,8
194,7,8
195,7,8
196,7,8
197,7,8
198,7,9
199,7,14
200,7,8
201,7,7
202,7,9
203,7,8
204,7,17
205,7,8
206,7,15
207,7,9
208,7,14
209,7,4
210,7,7
211,7,5
212,7,9
213,7,11
214,7,6
215,7,8
216,7,6
217,7,17
218,7,9
219,7,14
220,7,13
221,7,15
222,7,6
223,7,16
224,7,9
225,7,13
226,7,10
227,7,6
228,7,25
229,7,8
230,7,9
231,7,6
232,7,6
233,7,7
234,7,8
235,7,15
236,7,6
237,7,16
238,7,9
239,7,17
240,7,8
241,7,13
242,7,10
243,7,6
244,7,8
245,7,12
246,7,12
247,7,12
248,7,12
249,7,10
250,7,15
251,7,8
252,7,15
253,7,10
254,7,15
255,7,8
256,7,15
257,7,9
258,7,16
259,7,9
260,7,14
261,7,11
262,7,15
263,7,7
264,7,14
265,7,10
266,7,16
267,7,9
268,7,14
269,7,7
270,7,41
271,7,11
272,7,15
273,7,9
274,7,13
275,7,11
276,7,15
277,7,8
278,7,13
279,7,5
280,7,5
281,7,17
282,7,7
283,7,16
284,7,8
285,7,15
286,7,9
287,7,15
288,7,9
289,7,16
290,7,8
291,7,15
292,7,11
293,7,12
294,7,12
295,7,14
296,7,10
297,7,13
298,7,7
299,7,6
300,7,13
301,7,8
302,7,15
303,7,10
304,7,13
305,7,10
306,7,15
307,7,9
308,7,14
309,7,9
310,7,17
311,7,9
312,7,13
313,7,9
314,7,16
315,7,10
316,7,13
317,7,10
318,7,15
319,7,8
320,7,16
321,7,10
322,7,13
323,7,35
324,7,32
325,7,29
326,7,11
327,7,14
328,7,8
329,7,9
330,7,7
331,7,6
332,7,17
333,7,11
334,7,13
335,7,9
336,7,16
337,7,8
338,7,15
339,7,9
340,7,16
341,7,9
342,7,14
343,7,7
344,7,8
345,7,8
346,7,10
347,7,16
348,7,6
349,7,11
350,7,7
351,7,9
352,7,15
353,7,5
354,7,11
355,7,7
356,7,11
357,7,12
358,7,10
359,7,15
360,7,11
361,7,12
362,7,12
363,7,13
364,7,7
365,7,17
366,7,5
367,7,7
368,7,11
369,7,12
370,7,13
371,7,10
372,7,15
373,7,8
374,7,15
375,7,7
376,7,10
377,7,6
378,7,10
379,7,15
380,7,11
381,7,13
382,7,9
383,7,7
384,7,9
385,7,7
386,7,17
387,7,3
388,7,19
389,7,13
390,7,12
391,7,7
392,7,17
393,7,17
394,7,10
395,7,7
396,7,14
397,7,7
398,7,19
399,7,7
400,7,16
401,7,8
402,7,16
403,7,11
404,7,37
405,7,8
406,7,15
407,7,9
408,7,16
409,7,10
410,7,14
411,7,7
412,7,9
413,7,7
414,7,9
415,7,15
416,7,10
417,7,6
418,7,9
419,7,10
420,7,14
421,7,8
422,7,15
423,7,10
424,7,15
425,7,8
426,7,16
427,7,7
428,7,9
429,7,6
430,7,12
431,7,13
432,7,7
433,7,3
434,7,15
435,7,6
436,7,18
437,7,8
438,7,7
439,7,8
440,7,10
441,7,14
442,7,8
443,7,16
444,7,13
445,7,14
446,7,7
447,7,15
448,7,7
449,7,16
450,7,8
451,7,17
452,7,8
453,7,15
454,7,9
455,7,15
456,7,10
457,7,14
458,7,11
459,7,15
460,7,7
461,7,15
462,7,9
463,7,16
464,7,9
465,7,17
466,7,7
467,7,7
468,7,11
469,7,5
470,7,16
471,7,6
472,7,20
473,7,4
474,7,18
475,7,8
476,7,8
477,7,7
478,7,7
479,7,17
480,7,9
481,7,16
482,7,7
483,7,4
484,7,9
485,7,5
486,7,6
487,7,16
488,7,8
489,7,16
490,7,6
491,7,11
492,7,7
493,7,6
494,7,8
495,7,10
496,7,7
497,7,8
498,7,9
499,7,10
500,7,14
501,7,9
502,7,15
503,7,10
504,7,15
505,7,5
506,7,9
507,7,10
508,7,9
509,7,14
510,7,17
511,7,7
512,7,9
513,7,16
514,7,8
515,7,15
516,7,10
517,7,5
518,7,10
519,7,8
520,7,16
521,7,8
522,7,16
523,7,8
524,7,7
525,7,5
526,7,19
527,7,9
528,7,9
529,7,14
530,7,10
531,7,14
532,7,10
533,7,14
534,7,10
535,7,15
536,7,6
537,7,9
538,7,9
539,7,9
540,7,14
541,7,7
542,7,9
543,7,7
544,7,16
545,7,12
546,7,7
547,7,5
548,7,9
549,7,6
550,7,9
551,7,9
552,7,4
553,7,4
554,7,17
555,7,7
556,7,16
557,7,9
558,7,17
559,7,7
560,7,16
561,7,8
562,7,16
563,7,7
564,7,6
565,7,10
566,7,8
567,7,7
568,7,11
569,7,6
570,7,17
571,7,7
572,7,8
573,7,10
574,7,6
575,7,6
576,7,11
577,7,14
578,7,12
579,7,6
580,7,17
581,7,6
582,7,17
583,7,8
584,7,17
585,7,7
586,7,17
587,7,6
588,7,15
589,7,17
590,7,8
591,7,14
592,7,10
593,7,14
594,7,11
595,7,4
596,7,23
597,7,4
598,7,41
599,7,8
600,7,16
601,7,7
602,7,17
603,7,8
604,7,6
605,7,11
606,7,7
607,7,42
608,7,5
609,7,8
610,7,9
611,7,7
612,7,18
613,7,6
614,7,19
615,7,2
616,7,20
617,7,7
618,7,8
619,7,11
620,7,4
621,7,40
622,7,17
623,7,10
624,7,7
625,7,18
626,7,8
627,7,14
628,7,15
629,7,9
630,7,8
631,7,32
632,7,9
633,7,15
634,7,9
635,7,13
636,7,10
637,7,7
638,7,22
639,7,10
640,7,8
641,7,16
642,7,10
643,7,14
644,7,8
645,7,30
646,7,9
647,7,11
648,7,13
649,7,11
650,7,14
651,7,10
652,7,15
653,7,8
654,7,16
655,7,8
656,7,15
657,7,9
658,7,15
659,7,9
660,7,15
661,7,10
662,7,6
663,7,4
664,7,30
665,7,9
666,7,5
667,7,18
668,7,14
669,7,11
670,7,4
671,7,9
672,7,9
673,7,16
674,7,8
675,7,15
676,7,9
677,7,14
678,7,35
679,7,37
680,7,5
681,7,5
682,7,14
683,7,10
684,7,16
685,7,8
686,7,15
687,7,9
688,7,16
689,7,7
690,7,40
691,7,9
692,7,15
693,7,9
694,7,16
695,7,8
696,7,16
697,7,17
698,7,39
699,7,16
700,7,18
701,7,10
702,7,20
703,7,8
704,7,24
705,7,16
706,7,8
707,7,16
708,7,29
709,7,4
710,7,15
711,7,7
712,7,49
713,7,38
714,7,5
715,7,44
716,7,10
717,7,24
718,7,23
719,7,14
720,7,26
1,8,48
2,8,8
3,8,33
4,8,4
5,8,16
6,8,21
7,8,22
8,8,16
9,8,14
10,8,10
11,8,11
12,8,3
13,8,20
14,8,13
15,8,9
16,8,14
17,8,58
18,8,10
19,8,14
20,8,14
21,8,10
22,8,14
23,8,12
24,8,13
25,8,11
26,8,14
27,8,10
28,8,12
29,8,12
30,8,5
31,8,19
32,8,5
33,8,9
34,8,8
35,8,14
36,8,11
37,8,6
38,8,7
39,8,12
40,8,5
41,8,7
42,8,10
43,8,16
44,8,9
45,8,6
46,8,35
47,8,20
48,8,12
49,8,5
50,8,18
51,8,6
52,8,7
53,8,10
54,8,14
55,8,10
56,8,8
57,8,7
58,8,11
59,8,25
60,8,4
61,8,8
62,8,9
63,8,14
64,8,11
65,8,13
66,8,11
67,8,6
68,8,31
69,8,10
70,8,16
71,8,22
72,8,24
73,8,10
74,8,13
75,8,12
76,8,6
77,8,41
78,8,8
79,8,6
80,8,12
81,8,4
82,8,10
83,8,9
84,8,4
85,8,9
86,8,11
87,8,6
88,8,17
89,8,14
90,8,10
91,8,7
92,8,16
93,8,17
94,8,6
95,8,7
96,8,19
97,8,8
98,8,5
99,8,8
100,8,13
101,8,15
102,8,7
103,8,4
104,8,14
105,8,5
106,8,12
107,8,6
108,8,15
109,8,9
110,8,6
111,8,6
112,8,10
113,8,9
114,8,8
115,8,7
116,8,9
117,8,6
118,8,27
119,8,8
120,8,6
121,8,10
122,8,7
123,8,11
124,8,16
125,8,5
126,8,17
127,8,4
128,8,20
129,8,8
130,8,6
131,8,6
132,8,3
133,8,6
134,8,10
135,8,10
136,8,6
137,8,6
138,8,11
139,8,23
140,8,24
141,8,8
142,8,27
143,8,13
144,8,9
145,8,6
146,8,9
147,8,8
148,8,15
149,8,27
150,8,4
151,8,18
152,8,5
153,8,19
154,8,8
155,8,13
156,8,5
157,8,5
158,8,7
159,8,10
160,8,9
161,8,7
162,8,8
163,8,8
164,8,17
165,8,6
166,8,40
167,8,10
168,8,15
169,8,7
170,8,17
171,8,7
172,8,47
173,8,10
174,8,9
175,8,4
176,8,24
177,8,4
178,8,5
179,8,9
180,8,13
181,8,13
182,8,8
183,8,14
184,8,8
185,8,7
186,8,9
187,8,7
188,8,18
189,8,9
190,8,16
191,8,6
192,8,17
193,8,8
194,8,15
195,8,9
196,8,16
197,8,8
198,8,15
199,8,9
200,8,15
201,8,16
202,8,8
203,8,8
204,8,16
205,8,8
206,8,7
207,8,8
208,8,14
209,8,11
210,8,8
211,8,8
212,8,8
213,8,10
214,8,14
215,8,11
216,8,5
217,8,8
218,8,11
219,8,13
220,8,16
221,8,9
222,8,7
223,8,19
224,8,7
225,8,15
226,8,8
227,8,16
228,8,8
229,8,12
230,8,8
231,8,13
232,8,22
233,8,9
234,8,9
235,8,6
236,8,9
237,8,10
238,8,14
239,8,8
240,8,16
241,8,8
242,8,16
243,8,9
244,8,14
245,8,10
246,8,15
247,8,8
248,8,16
249,8,7
250,8,17
251,8,8
252,8,15
253,8,9
254,8,16
255,8,8
256,8,17
257,8,7
258,8,15
259,8,10
260,8,14
261,8,9
262,8,31
263,8,11
264,8,6
265,8,16
266,8,8
267,8,3
268,8,12
269,8,11
270,8,14
271,8,8
272,8,7
273,8,10
274,8,8
275,8,14
276,8,13
277,8,10
278,8,7
279,8,18
280,8,11
281,8,15
282,8,9
283,8,18
284,8,10
285,8,10
286,8,7
287,8,17
288,8,10
289,8,14
290,8,7
291,8,15
292,8,9
293,8,15
294,8,4
295,8,6
296,8,17
297,8,7
298,8,16
299,8,9
300,8,10
301,8,4
302,8,10
303,8,3
304,8,14
305,8,7
306,8,14
307,8,11
308,8,13
309,8,11
310,8,14
311,8,4
312,8,14
313,8,8
314,8,7
315,8,17
316,8,8
317,8,13
318,8,11
319,8,15
320,8,6
321,8,33
322,8,7
323,8,13
324,8,4
325,8,6
326,8,6
327,8,20
328,8,9
329,8,16
330,8,8
331,8,14
332,8,10
333,8,15
334,8,7
335,8,16
336,8,9
337,8,15
338,8,10
339,8,14
340,8,8
341,8,17
342,8,7
343,8,17
344,8,8
345,8,3
346,8,12
347,8,8
348,8,17
349,8,9
350,8,13
351,8,13
352,8,12
353,8,16
354,8,8
355,8,13
356,8,11
357,8,8
358,8,15
359,8,8
360,8,17
361,8,10
362,8,14
363,8,9
364,8,15
365,8,11
366,8,14
367,8,8
368,8,9
369,8,31
370,8,9
371,8,14
372,8,6
373,8,5
374,8,14
375,8,5
376,8,4
377,8,15
378,8,7
379,8,4
380,8,12
381,8,10
382,8,14
383,8,9
384,8,17
385,8,7
386,8,38
387,8,9
388,8,16
389,8,16
390,8,7
391,8,12
392,8,14
393,8,9
394,8,15
395,8,8
396,8,7
397,8,8
398,8,10
399,8,15
400,8,8
401,8,6
402,8,9
403,8,15
404,8,10
405,8,7
406,8,18
407,8,7
408,8,16
409,8,8
410,8,16
411,8,8
412,8,10
413,8,9
414,8,8
415,8,13
416,8,8
417,8,16
418,8,8
419,8,16
420,8,8
421,8,18
422,8,6
423,8,32
424,8,7
425,8,9
426,8,7
427,8,9
428,8,9
429,8,15
430,8,10
431,8,13
432,8,9
433,8,7
434,8,9
435,8,8
436,8,18
437,8,6
438,8,16
439,8,7
440,8,17
441,8,6
442,8,4
443,8,7
444,8,6
445,8,10
446,8,15
447,8,6
448,8,18
449,8,10
450,8,13
451,8,9
452,8,15
453,8,9
454,8,16
455,8,8
456,8,8
457,8,8
458,8,8
459,8,7
460,8,10
461,8,6
462,8,4
463,8,16
464,8,5
465,8,15
466,8,11
467,8,14
468,8,6
469,8,4
470,8,15
471,8,8
472,8,10
473,8,6
474,8,6
475,8,18
476,8,5
477,8,11
478,8,7
479,8,7
480,8,21
481,8,20
482,8,8
483,8,17
484,8,8
485,8,15
486,8,9
487,8,13
488,8,16
489,8,21
490,8,12
491,8,9
492,8,15
493,8,9
494,8,18
495,8,6
496,8,18
497,8,5
498,8,8
499,8,8
500,8,9
501,8,15
502,8,9
503,8,16
504,8,8
505,8,15
506,8,8
507,8,18
508,8,8
509,8,14
510,8,9
511,8,15
512,8,9
513,8,27
514,8,18
515,8,3
516,8,15
517,8,8
518,8,17
519,8,15
520,8,8
521,8,8
522,8,16
523,8,7
524,8,8
525,8,9
526,8,10
527,8,17
528,8,23
529,8,5
530,8,17
531,8,17
532,8,9
533,8,6
534,8,17
535,8,9
536,8,16
537,8,6
538,8,16
539,8,8
540,8,40
541,8,10
542,8,17
543,8,4
544,8,13
545,8,29
546,8,7
547,8,19
548,8,7
549,8,15
550,8,7
551,8,16
552,8,16
553,8,8
554,8,9
555,8,15
556,8,9
557,8,18
558,8,7
559,8,18
560,8,6
561,8,14
562,8,9
563,8,15
564,8,25
565,8,8
566,8,15
567,8,9
568,8,17
569,8,6
570,8,9
571,8,9
572,8,5
573,8,18
574,8,5
575,8,8
576,8,14
577,8,4
578,8,3
579,8,13
580,8,14
581,8,12
582,8,6
583,8,5
584,8,11
585,8,11
586,8,16
587,8,11
588,8,11
589,8,13
590,8,15
591,8,4
592,8,15
593,8,18
594,8,7
595,8,7
596,8,8
597,8,13
598,8,9
599,8,10
600,8,16
601,8,8
602,8,14
603,8,36
604,8,9
605,8,4
606,8,13
607,8,5
608,8,6
609,8,11
610,8,7
611,8,6
612,8,9
613,8,15
614,8,35
615,8,7
616,8,41
617,8,6
618,8,42
619,8,13
620,8,11
621,8,13
622,8,10
623,8,15
624,8,9
625,8,14
626,8,10
627,8,14
628,8,11
629,8,6
630,8,17
631,8,16
632,8,8
633,8,16
634,8,9
635,8,15
636,8,6
637,8,18
638,8,9
639,8,5
640,8,9
641,8,10
642,8,5
643,8,85
644,8,12
645,8,7
646,8,11
647,8,13
648,8,10
649,8,8
650,8,8
651,8,56
652,8,15
653,8,11
654,8,13
655,8,9
656,8,16
657,8,7
658,8,15
659,8,10
660,8,16
661,8,9
662,8,47
663,8,15
664,8,9
665,8,7
666,8,7
667,8,9
668,8,16
669,8,9
670,8,16
671,8,8
672,8,16
673,8,26
674,8,29
675,8,17
676,8,8
677,8,14
678,8,10
679,8,15
680,8,9
681,8,16
682,8,7
683,8,16
684,8,11
685,8,13
686,8,11
687,8,13
688,8,9
689,8,16
690,8,33
691,8,14
692,8,10
693,8,9
694,8,28
695,8,9
696,8,15
697,8,6
698,8,28
699,8,9
700,8,9
701,8,8
702,8,11
703,8,10
704,8,17
705,8,14
706,8,18
707,8,16
708,8,10
709,8,30
710,8,31
711,8,12
712,8,34
713,8,11
714,8,16
715,8,8
716,8,16
717,8,24
718,8,10
719,8,44
720,8,18
1,9,8
2,9,15
3,9,12
4,9,10
5,9,8
6,9,7
7,9,10
8,9,10
9,9,15
10,9,12
11,9,11
12,9,12
13,9,9
14,9,14
15,9,13
16,9,12
17,9,4
18,9,19
19,9,15
20,9,8
21,9,16
22,9,9
23,9,17
24,9,7
25,9,39
26,9,26
27,9,6
28,9,15
29,9,9
30,9,15
31,9,6
32,9,9
33,9,10
34,9,8
35,9,15
36,9,47
37,9,11
38,9,3
39,9,10
40,9,10
41,9,16
42,9,7
43,9,15
44,9,6
45,9,16
46,9,15
47,9,12
48,9,10
49,9,6
50,9,5
51,9,7
52,9,29
53,9,13
54,9,24
55,9,11
56,9,15
57,9,9
58,9,15
59,9,9
60,9,16
61,9,9
62,9,9
63,9,53
64,9,9
65,9,14
66,9,10
67,9,14
68,9,10
69,9,8
70,9,8
71,9,8
72,9,7
73,9,35
74,9,9
75,9,3
76,9,10
77,9,8
78,9,15
79,9,10
80,9,14
81,9,13
82,9,11
83,9,9
84,9,16
85,9,24
86,9,9
87,9,9
88,9,15
89,9,4
90,9,19
91,9,7
92,9,35
93,9,7
94,9,6
95,9,8
96,9,9
97,9,8
98,9,6
99,9,10
100,9,14
101,9,35
102,9,7
103,9,16
104,9,8
105,9,17
106,9,7
107,9,3
108,9,13
109,9,8
110,9,56
111,9,34
112,9,36
113,9,34
114,9,13
115,9,11
116,9,7
117,9,8
118,9,10
119,9,7
120,9,6
121,9,11
122,9,7
123,9,16
124,9,7
125,9,11
126,9,54
127,9,8
128,9,7
129,9,10
130,9,6
131,9,65
132,9,8
133,9,16
134,9,9
135,9,15
136,9,7
137,9,8
138,9,9
139,9,8
140,9,16
141,9,18
142,9,8
143,9,5
144,9,8
145,9,11
146,9,11
147,9,11
148,9,8
149,9,16
150,9,7
151,9,18
152,9,7
153,9,7
154,9,8
155,9,14
156,9,38
157,9,12
158,9,9
159,9,7
160,9,18
161,9,8
162,9,15
163,9,9
164,9,14
165,9,8
166,9,16
167,9,12
168,9,12
169,9,15
170,9,9
171,9,10
172,9,10
173,9,5
174,9,15
175,9,9
176,9,7
177,9,17
178,9,6
179,9,10
180,9,9
181,9,6
182,9,16
183,9,17
184,9,8
185,9,9
186,9,14
187,9,7
188,9,24
189,9,19
190,9,6
191,9,16
192,9,10
193,9,14
194,9,9
195,9,6
196,9,13
197,9,6
198,9,14
199,9,9
200,9,15
201,9,8
202,9,7
203,9,11
204,9,6
205,9,17
206,9,9
207,9,14
208,9,9
209,9,15
210,9,11
211,9,13
212,9,8
213,9,16
214,9,14
215,9,9
216,9,11
217,9,14
218,9,9
219,9,16
220,9,9
221,9,14
222,9,10
223,9,14
224,9,9
225,9,15
226,9,4
227,9,3
228,9,17
229,9,3
230,9,7
231,9,15
232,9,8
233,9,16
234,9,7
235,9,17
236,9,6
237,9,9
238,9,7
239,9,4
240,9,6
241,9,7
242,9,8
243,9,9
244,9,16
245,9,9
246,9,16
247,9,15
248,9,8
249,9,6
250,9,9
251,9,9
252,9,7
253,9,11
254,9,5
255,9,10
256,9,14
257,9,12
258,9,13
259,9,8
260,9,15
261,9,11
262,9,13
263,9,9
264,9,16
265,9,9
266,9,15
267,9,10
268,9,14
269,9,8
270,9,18
271,9,7
272,9,15
273,9,8
274,9,4
275,9,12
276,9,10
277,9,14
278,9,8
279,9,15
280,9,11
281,9,13
282,9,10
283,9,15
284,9,8
285,9,16
286,9,8
287,9,16
288,9,8
289,9,16
290,9,9
291,9,15
292,9,5
293,9,18
294,9,11
295,9,14
296,9,8
297,9,16
298,9,8
299,9,16
300,9,8
301,9,15
302,9,10
303,9,15
304,9,9
305,9,14
306,9,11
307,9,14
308,9,8
309,9,17
310,9,8
311,9,15
312,9,9
313,9,15
314,9,8
315,9,18
316,9,7
317,9,15
318,9,8
319,9,15
320,9,10
321,9,13
322,9,9
323,9,7
324,9,10
325,9,8
326,9,16
327,9,6
328,9,7
329,9,11
330,9,8
331,9,15
332,9,10
333,9,14
334,9,9
335,9,16
336,9,6
337,9,10
338,9,8
339,9,10
340,9,14
341,9,10
342,9,15
343,9,5
344,9,17
345,9,11
346,9,14
347,9,8
348,9,16
349,9,8
350,9,16
351,9,10
352,9,14
353,9,10
354,9,14
355,9,8
356,9,16
357,9,9
358,9,15
359,9,10
360,9,13
361,9,11
362,9,13
363,9,11
364,9,14
365,9,8
366,9,10
367,9,5
368,9,4
369,9,7
370,9,13
371,9,8
372,9,17
373,9,9
374,9,15
375,9,10
376,9,13
377,9,10
378,9,14
379,9,9
380,9,16
381,9,8
382,9,15
383,9,9
384,9,17
385,9,9
386,9,13
387,9,8
388,9,15
389,9,12
390,9,13
391,9,11
392,9,13
393,9,8
394,9,16
395,9,9
396,9,15
397,9,10
398,9,17
399,9,7
400,9,14
401,9,11
402,9,13
403,9,8
404,9,11
405,9,6
406,9,8
407,9,16
408,9,11
409,9,13
410,9,8
411,9,16
412,9,8
413,9,15
414,9,8
415,9,7
416,9,11
417,9,9
418,9,12
419,9,8
420,9,6
421,9,4
422,9,7
423,9,9
424,9,16
425,9,8
426,9,18
427,9,4
428,9,17
429,9,8
430,9,7
431,9,10
432,9,8
433,9,16
434,9,7
435,9,16
436,9,11
437,9,14
438,9,9
439,9,13
440,9,11
441,9,15
442,9,6
443,9,17
444,9,10
445,9,15
446,9,9
447,9,15
448,9,9
449,9,15
450,9,8
451,9,17
452,9,9
453,9,18
454,9,3
455,9,17
456,9,11
457,9,13
458,9,7
459,9,16
460,9,9
461,9,18
462,9,5
463,9,7
464,9,9
465,9,10
466,9,16
467,9,6
468,9,18
469,9,8
470,9,9
471,9,6
472,9,7
473,9,32
474,9,10
475,9,9
476,9,14
477,9,9
478,9,17
479,9,9
480,9,12
481,9,11
482,9,13
483,9,9
484,9,15
485,9,10
486,9,14
487,9,8
488,9,16
489,9,10
490,9,16
491,9,22
492,9,10
493,9,4
494,9,35
495,9,9
496,9,14
497,9,9
498,9,16
499,9,9
500,9,16
501,9,7
502,9,18
503,9,7
504,9,13
505,9,5
506,9,5
507,9,15
508,9,9
509,9,6
510,9,9
511,9,6
512,9,18
513,9,9
514,9,7
515,9,9
516,9,8
517,9,17
518,9,5
519,9,17
520,9,8
521,9,4
522,9,12
523,9,10
524,9,23
525,9,12
526,9,3
527,9,7
528,9,19
529,9,8
530,9,14
531,9,7
532,9,2
533,9,12
534,9,30
535,9,6
536,9,15
537,9,8
538,9,17
539,9,8
540,9,17
541,9,7
542,9,18
543,9,11
544,9,13
545,9,7
546,9,16
547,9,5
548,9,9
549,9,10
550,9,7
551,9,15
552,9,7
553,9,19
554,9,3
555,9,7
556,9,13
557,9,7
558,9,8
559,9,7
560,9,10
561,9,15
562,9,8
563,9,7
564,9,10
565,9,8
566,9,16
567,9,17
568,9,6
569,9,15
570,9,6
571,9,10
572,9,9
573,9,8
574,9,11
575,9,14
576,9,8
577,9,16
578,9,15
579,9,6
580,9,22
581,9,31
582,9,11
583,9,14
584,9,5
585,9,5
586,9,10
587,9,16
588,9,9
589,9,7
590,9,18
591,9,7
592,9,8
593,9,8
594,9,8
595,9,12
596,9,7
597,9,5
598,9,13
599,9,8
600,9,10
601,9,8
602,9,15
603,9,9
604,9,15
605,9,9
606,9,15
607,9,9
608,9,8
609,9,5
610,9,13
611,9,15
612,9,9
613,9,12
614,9,13
615,9,10
616,9,13
617,9,15
618,9,6
619,9,16
620,9,11
621,9,15
622,9,7
623,9,15
624,9,11
625,9,5
626,9,6
627,9,36
628,9,7
629,9,7
630,9,9
631,9,16
632,9,9
633,9,15
634,9,9
635,9,13
636,9,12
637,9,12
638,9,33
639,9,4
640,9,5
641,9,16
642,9,16
643,9,10
644,9,13
645,9,10
646,9,14
647,9,35
648,9,6
649,9,9
650,9,15
651,9,43
652,9,5
653,9,9
654,9,9
655,9,13
656,9,9
657,9,15
658,9,10
659,9,16
660,9,34
661,9,36
662,9,9
663,9,16
664,9,10
665,9,17
666,9,7
667,9,13
668,9,10
669,9,14
670,9,10
671,9,16
672,9,10
673,9,13
674,9,11
675,9,13
676,9,8
677,9,18
678,9,7
679,9,13
680,9,11
681,9,14
682,9,12
683,9,12
684,9,10
685,9,10
686,9,10
687,9,34
688,9,44
689,9,4
690,9,9
691,9,8
692,9,17
693,9,33
694,9,39
695,9,29
696,9,17
697,9,10
698,9,8
699,9,30
700,9,10
701,9,16
702,9,34
703,9,13
704,9,33
705,9,16
706,9,8
707,9,14
708,9,12
709,9,22
710,9,16
711,9,10
712,9,19
713,9,12
714,9,9
715,9,14
716,9,5
717,9,13
718,9,14
719,9,14
720,9,10
1,10,8
2,10,16
3,10,7
4,10,17
5,10,10
6,10,4
7,10,18
8,10,14
9,10,12
10,10,12
11,10,16
12,10,9
13,10,10
14,10,13
15,10,12
16,10,13
17,10,9
18,10,16
19,10,8
20,10,14
21,10,13
22,10,11
23,10,43
24,10,16
25,10,15
26,10,8
27,10,7
28,10,15
29,10,13
30,10,13
31,10,9
32,10,6
33,10,9
34,10,6
35,10,14
36,10,32
37,10,9
38,10,16
39,10,10
40,10,9
41,10,13
42,10,11
43,10,15
44,10,9
45,10,14
46,10,10
47,10,14
48,10,21
49,10,37
50,10,15
51,10,9
52,10,49
53,10,13
54,10,10
55,10,14
56,10,6
57,10,11
58,10,18
59,10,14
60,10,9
61,10,13
62,10,9
63,10,4
64,10,4
65,10,9
66,10,10
67,10,15
68,10,8
69,10,7
70,10,14
71,10,23
72,10,6
73,10,17
74,10,29
75,10,12
76,10,11
77,10,13
78,10,13
79,10,6
80,10,9
81,10,9
82,10,13
83,10,10
84,10,8
85,10,8
86,10,12
87,10,3
88,10,18
89,10,6
90,10,18
91,10,7
92,10,17
93,10,14
94,10,9
95,10,15
96,10,10
97,10,9
98,10,53
99,10,14
100,10,19
101,10,9
102,10,15
103,10,8
104,10,16
105,10,8
106,10,6
107,10,10
108,10,14
109,10,10
110,10,15
111,10,10
112,10,6
113,10,17
114,10,7
115,10,11
116,10,20
117,10,10
118,10,8
119,10,7
120,10,8
121,10,8
122,10,16
123,10,16
124,10,5
125,10,9
126,10,9
127,10,10
128,10,8
129,10,10
130,10,9
131,10,11
132,10,12
133,10,5
134,10,4
135,10,15
136,10,6
137,10,16
138,10,8
139,10,16
140,10,8
141,10,8
142,10,8
143,10,15
144,10,4
145,10,15
146,10,17
147,10,6
148,10,11
149,10,4
150,10,9
151,10,17
152,10,5
153,10,12
154,10,7
155,10,5
156,10,17
157,10,8
158,10,6
159,10,35
160,10,6
161,10,18
162,10,7
163,10,18
164,10,6
165,10,16
166,10,6
167,10,18
168,10,14
169,10,11
170,10,6
171,10,16
172,10,7
173,10,8
174,10,11
175,10,8
176,10,6
177,10,10
178,10,8
179,10,16
180,10,6
181,10,11
182,10,12
183,10,18
184,10,9
185,10,18
186,10,5
187,10,16
188,10,9
189,10,7
190,10,7
191,10,10
192,10,15
193,10,9
194,10,15
195,10,9
196,10,7
197,10,7
198,10,10
199,10,14
200,10,9
201,10,15
202,10,8
203,10,8
204,10,8
205,10,9
206,10,8
207,10,7
208,10,10
209,10,15
210,10,9
211,10,14
212,10,10
213,10,15
214,10,9
215,10,6
216,10,8
217,10,10
218,10,14
219,10,9
220,10,16
221,10,9
222,10,14
223,10,9
224,10,8
225,10,10
226,10,6
227,10,15
228,10,10
229,10,15
230,10,8
231,10,15
232,10,9
233,10,15
234,10,8
235,10,17
236,10,8
237,10,7
238,10,8
239,10,15
240,10,10
241,10,8
242,10,16
243,10,8
244,10,16
245,10,9
246,10,15
247,10,9
248,10,6
249,10,9
250,10,8
251,10,15
252,10,10
253,10,16
254,10,8
255,10,15
256,10,7
257,10,15
258,10,11
259,10,14
260,10,9
261,10,15
262,10,10
263,10,15
264,10,8
265,10,15
266,10,10
267,10,15
268,10,8
269,10,16
270,10,8
271,10,8
272,10,9
273,10,7
274,10,16
275,10,8
276,10,15
277,10,10
278,10,15
279,10,9
280,10,16
281,10,8
282,10,20
283,10,18
284,10,11
285,10,14
286,10,8
287,10,15
288,10,16
289,10,8
290,10,9
291,10,43
292,10,5
293,10,16
294,10,7
295,10,16
296,10,23
297,10,11
298,10,6
299,10,9
300,10,9
301,10,13
302,10,10
303,10,17
304,10,5
305,10,17
306,10,17
307,10,6
308,10,11
309,10,14
310,10,11
311,10,14
312,10,8
313,10,7
314,10,7
315,10,9
316,10,7
317,10,9
318,10,15
319,10,11
320,10,11
321,10,11
322,10,9
323,10,37
324,10,12
325,10,16
326,10,7
327,10,9
328,10,6
329,10,11
330,10,46
331,10,14
332,10,12
333,10,15
334,10,9
335,10,14
336,10,6
337,10,17
338,10,8
339,10,8
340,10,8
341,10,9
342,10,15
343,10,9
344,10,16
345,10,10
346,10,13
347,10,11
348,10,14
349,10,10
350,10,16
351,10,7
352,10,16
353,10,5
354,10,8
355,10,10
356,10,7
357,10,16
358,10,11
359,10,13
360,10,9
361,10,15
362,10,9
363,10,15
364,10,11
365,10,13
366,10,11
367,10,13
368,10,8
369,10,8
370,10,9
371,10,10
372,10,15
373,10,5
374,10,6
375,10,11
376,10,15
377,10,10
378,10,9
379,10,5
380,10,10
381,10,9
382,10,16
383,10,10
384,10,12
385,10,11
386,10,13
387,10,12
388,10,16
389,10,5
390,10,40
391,10,10
392,10,17
393,10,6
394,10,16
395,10,8
396,10,14
397,10,10
398,10,14
399,10,11
400,10,17
401,10,4
402,10,9
403,10,8
404,10,6
405,10,17
406,10,10
407,10,13
408,10,12
409,10,14
410,10,6
411,10,16
412,10,12
413,10,13
414,10,9
415,10,19
416,10,5
417,10,16
418,10,9
419,10,15
420,10,8
421,10,14
422,10,10
423,10,17
424,10,7
425,10,16
426,10,8
427,10,16
428,10,8
429,10,16
430,10,9
431,10,14
432,10,11
433,10,12
434,10,11
435,10,15
436,10,8
437,10,16
438,10,10
439,10,14
440,10,8
441,10,15
442,10,11
443,10,13
444,10,10
445,10,14
446,10,9
447,10,14
448,10,14
449,10,11
450,10,10
451,10,7
452,10,8
453,10,8
454,10,7
455,10,11
456,10,6
457,10,16
458,10,6
459,10,17
460,10,12
461,10,14
462,10,7
463,10,7
464,10,10
465,10,9
466,10,15
467,10,7
468,10,16
469,10,7
470,10,10
471,10,6
472,10,9
473,10,15
474,10,10
475,10,14
476,10,7
477,10,9
478,10,10
479,10,5
480,10,9
481,10,8
482,10,10
483,10,14
484,10,9
485,10,15
486,10,9
487,10,16
488,10,9
489,10,7
490,10,7
491,10,9
492,10,18
493,10,5
494,10,16
495,10,8
496,10,25
497,10,10
498,10,16
499,10,15
500,10,8
501,10,16
502,10,3
503,10,11
504,10,9
505,10,5
506,10,9
507,10,9
508,10,9
509,10,15
510,10,10
511,10,16
512,10,8
513,10,16
514,10,7
515,10,17
516,10,7
517,10,17
518,10,8
519,10,15
520,10,8
521,10,15
522,10,8
523,10,16
524,10,9
525,10,15
526,10,10
527,10,14
528,10,28
529,10,5
530,10,17
531,10,8
532,10,14
533,10,10
534,10,39
535,10,9
536,10,15
537,10,9
538,10,16
539,10,8
540,10,15
541,10,8
542,10,15
543,10,10
544,10,41
545,10,7
546,10,18
547,10,10
548,10,11
549,10,8
550,10,17
551,10,8
552,10,16
553,10,22
554,10,9
555,10,17
556,10,5
557,10,8
558,10,10
559,10,14
560,10,8
561,10,10
562,10,17
563,10,6
564,10,11
565,10,6
566,10,6
567,10,21
568,10,5
569,10,5
570,10,19
571,10,17
572,10,4
573,10,19
574,10,7
575,10,18
576,10,5
577,10,6
578,10,13
579,10,4
580,10,8
581,10,11
582,10,16
583,10,33
584,10,6
585,10,19
586,10,5
587,10,9
588,10,9
589,10,5
590,10,9
591,10,9
592,10,7
593,10,16
594,10,15
595,10,5
596,10,36
597,10,8
598,10,9
599,10,5
600,10,9
601,10,9
602,10,15
603,10,9
604,10,15
605,10,10
606,10,14
607,10,11
608,10,6
609,10,9
610,10,9
611,10,5
612,10,8
613,10,11
614,10,13
615,10,10
616,10,14
617,10,12
618,10,5
619,10,17
620,10,15
621,10,9
622,10,7
623,10,33
624,10,15
625,10,5
626,10,36
627,10,16
628,10,10
629,10,5
630,10,7
631,10,10
632,10,16
633,10,7
634,10,17
635,10,7
636,10,15
637,10,10
638,10,16
639,10,9
640,10,7
641,10,6
642,10,15
643,10,11
644,10,8
645,10,15
646,10,10
647,10,14
648,10,9
649,10,14
650,10,10
651,10,16
652,10,39
653,10,18
654,10,14
655,10,16
656,10,41
657,10,16
658,10,8
659,10,14
660,10,12
661,10,13
662,10,10
663,10,14
664,10,9
665,10,24
666,10,14
667,10,10
668,10,9
669,10,7
670,10,8
671,10,15
672,10,9
673,10,16
674,10,28
675,10,28
676,10,16
677,10,7
678,10,16
679,10,9
680,10,14
681,10,26
682,10,8
683,10,16
684,10,6
685,10,9
686,10,48
687,10,10
688,10,7
689,10,14
690,10,10
691,10,14
692,10,10
693,10,12
694,10,12
695,10,14
696,10,58
697,10,7
698,10,9
699,10,10
700,10,30
701,10,6
702,10,10
703,10,16
704,10,10
705,10,13
706,10,12
707,10,11
708,10,34
709,10,16
710,10,52
711,10,5
712,10,23
713,10,14
714,10,12
715,10,36
716,10,10
717,10,15
718,10,11
719,10,4
720,10,10
