O,T,value
11,1,21
11,2,13
11,3,10
11,4,14
11,5,9
11,6,13
11,7,13
11,8,14
11,9,20
11,10,4
11,11,11
11,12,9
11,13,15
11,14,9
11,15,14
11,16,10
11,17,16
11,18,8
11,19,14
11,20,10
11,21,16
11,22,10
11,23,12
11,24,12
11,25,8
11,26,14
11,27,14
11,28,10
11,29,39
11,30,9
11,31,15
11,32,9
11,33,15
11,34,59
11,35,11
11,36,11
11,37,8
11,38,7
11,39,9
11,40,15
11,41,9
11,42,15
11,43,9
11,44,14
11,45,24
11,46,12
11,47,22
11,48,14
11,49,24
11,50,7
11,51,8
11,52,19
11,53,10
11,54,24
11,55,16
11,56,13
11,57,11
11,58,13
11,59,9
11,60,16
11,61,8
11,62,15
11,63,13
11,64,17
11,65,7
11,66,16
11,67,8
11,68,11
11,69,11
11,70,6
11,71,24
11,72,16
11,73,8
11,74,8
11,75,8
11,76,16
11,77,10
11,78,7
11,79,15
11,80,15
11,81,14
11,82,10
11,83,24
11,84,22
11,85,11
11,86,15
11,87,10
11,88,8
11,89,17
11,90,7
11,91,17
11,92,7
11,93,17
11,94,7
11,95,20
11,96,20
11,97,24
11,98,8
11,99,15
11,100,9
11,101,6
11,102,9
11,103,16
11,104,8
11,105,15
11,106,9
11,107,16
11,108,9
11,109,8
11,110,17
11,111,23
11,112,8
11,113,15
11,114,9
11,115,19
11,116,5
11,117,39
11,118,15
11,119,36
11,120,5
11,121,19
11,122,11
11,123,10
11,124,8
11,125,16
11,126,9
11,127,24
11,128,17
11,129,7
11,130,6
11,131,11
11,132,6
11,133,6
11,134,12
11,135,7
11,136,17
11,137,12
11,138,12
11,139,6
11,140,18
11,141,7
11,142,15
11,143,9
11,144,17
11,145,7
11,146,17
11,147,7
11,148,17
11,149,15
11,150,9
11,151,8
11,152,16
11,153,8
11,154,16
11,155,6
11,156,8
11,157,10
11,158,8
11,159,16
11,160,6
11,161,18
11,162,8
11,163,16
11,164,8
11,165,16
11,166,6
11,167,18
11,168,7
11,169,14
11,170,11
11,171,13
11,172,15
11,173,11
11,174,8
11,175,16
11,176,8
11,177,15
11,178,9
11,179,17
11,180,7
11,181,16
11,182,9
11,183,15
11,184,8
11,185,16
11,186,9
11,187,29
11,188,11
11,189,32
11,190,15
11,191,7
11,192,17
11,193,8
11,194,14
11,195,11
11,196,15
11,197,13
11,198,11
11,199,7
11,200,17
11,201,7
11,202,18
11,203,7
11,204,16
11,205,13
11,206,11
11,207,9
11,208,15
11,209,7
11,210,18
11,211,7
11,212,6
11,213,8
11,214,10
11,215,30
11,216,11
11,217,7
11,218,16
11,219,8
11,220,16
11,221,9
11,222,15
11,223,8
11,224,14
11,225,10
11,226,16
11,227,8
11,228,15
11,229,9
11,230,16
11,231,9
11,232,14
11,233,9
11,234,14
11,235,10
11,236,16
11,237,8
11,238,16
11,239,8
11,240,14
11,241,10
11,242,16
11,243,8
11,244,16
11,245,9
11,246,13
11,247,10
11,248,16
11,249,8
11,250,16
11,251,9
11,252,15
11,253,9
11,254,15
11,255,9
11,256,10
11,257,4
11,258,9
11,259,16
11,260,8
11,261,16
11,262,8
11,263,15
11,264,8
11,265,15
11,266,11
11,267,13
11,268,10
11,269,6
11,270,9
11,271,15
11,272,9
11,273,10
11,274,15
11,275,11
11,276,12
11,277,11
11,278,12
11,279,12
11,280,13
11,281,9
11,282,15
11,283,10
11,284,13
11,285,11
11,286,14
11,287,9
11,288,16
11,289,10
11,290,12
11,291,10
11,292,14
11,293,10
11,294,14
11,295,11
11,296,13
11,297,11
11,298,13
11,299,11
11,300,14
11,301,10
11,302,15
11,303,8
11,304,14
11,305,12
11,306,13
11,307,10
11,308,13
11,309,12
11,310,12
11,311,11
11,312,13
11,313,10
11,314,4
11,315,12
11,316,11
11,317,12
11,318,11
11,319,14
11,320,10
11,321,14
11,322,9
11,323,13
11,324,11
11,325,15
11,326,9
11,327,13
11,328,16
11,329,10
11,330,10
11,331,13
11,332,10
11,333,14
11,334,9
11,335,14
11,336,11
11,337,15
11,338,8
11,339,14
11,340,11
11,341,13
11,342,11
11,343,14
11,344,10
11,345,15
11,346,9
11,347,13
11,348,13
11,349,13
11,350,8
11,351,14
11,352,10
11,353,14
11,354,11
11,355,13
11,356,11
11,357,15
11,358,8
11,359,15
11,360,11
11,361,14
11,362,8
11,363,14
11,364,12
11,365,14
11,366,14
11,367,8
11,368,13
11,369,13
11,370,9
11,371,13
11,372,13
11,373,13
11,374,8
11,375,15
11,376,10
11,377,13
11,378,13
11,379,13
11,380,9
11,381,15
11,382,8
11,383,14
11,384,11
11,385,14
11,386,9
11,387,16
11,388,8
11,389,16
11,390,9
11,391,15
11,392,9
11,393,15
11,394,9
11,395,15
11,396,9
11,397,13
11,398,11
11,399,14
11,400,10
11,401,13
11,402,9
11,403,15
11,404,12
11,405,12
11,406,11
11,407,14
11,408,9
11,409,17
11,410,8
11,411,14
11,412,10
11,413,15
11,414,10
11,415,14
11,416,9
11,417,15
11,418,9
11,419,15
11,420,8
11,421,15
11,422,9
11,423,15
11,424,8
11,425,16
11,426,9
11,427,16
11,428,8
11,429,15
11,430,9
11,431,14
11,432,11
11,433,15
11,434,8
11,435,14
11,436,13
11,437,14
11,438,7
11,439,15
11,440,9
11,441,16
11,442,7
11,443,17
11,444,8
11,445,16
11,446,8
11,447,16
11,448,9
11,449,15
11,450,7
11,451,16
11,452,9
11,453,16
11,454,8
11,455,16
11,456,8
11,457,16
11,458,7
11,459,17
11,460,8
11,461,17
11,462,7
11,463,15
11,464,8
11,465,16
11,466,9
11,467,15
11,468,9
11,469,15
11,470,9
11,471,16
11,472,8
11,473,14
11,474,16
11,475,10
11,476,7
11,477,17
11,478,9
11,479,15
11,480,9
11,481,13
11,482,16
11,483,10
11,484,8
11,485,5
11,486,12
11,487,12
11,488,11
11,489,9
11,490,15
11,491,9
11,492,15
11,493,8
11,494,6
11,495,10
11,496,7
11,497,17
11,498,9
11,499,14
11,500,11
11,501,15
11,502,7
11,503,14
11,504,16
11,505,8
11,506,11
11,507,16
11,508,6
11,509,19
11,510,5
11,511,31
11,512,11
11,513,5
11,514,19
11,515,12
11,516,12
11,517,6
11,518,18
11,519,7
11,520,14
11,521,9
11,522,17
11,523,7
11,524,6
11,525,11
11,526,8
11,527,19
11,528,8
11,529,14
11,530,6
11,531,19
11,532,5
11,533,17
11,534,8
11,535,18
11,536,5
11,537,6
11,538,12
11,539,12
11,540,9
11,541,9
11,542,14
11,543,11
11,544,17
11,545,8
11,546,16
11,547,7
11,548,23
11,549,17
11,550,13
11,551,9
11,552,5
11,553,11
11,554,8
11,555,10
11,556,40
11,557,26
11,558,6
11,559,6
11,560,8
11,561,16
11,562,8
11,563,16
11,564,14
11,565,21
11,566,6
11,567,10
11,568,9
11,569,6
11,570,38
11,571,6
11,572,10
11,573,11
11,574,7
11,575,19
11,576,11
11,577,8
11,578,15
11,579,9
11,580,16
11,581,10
11,582,8
11,583,16
11,584,9
11,585,9
11,586,13
11,587,6
11,588,9
11,589,6
11,590,27
11,591,8
11,592,70
11,593,12
11,594,24
11,595,14
11,596,8
11,597,16
11,598,11
11,599,5
11,600,8
11,601,8
11,602,16
11,603,8
11,604,16
11,605,10
11,606,12
11,607,12
11,608,32
11,609,4
11,610,34
11,611,15
11,612,9
11,613,38
11,614,15
11,615,9
11,616,13
11,617,45
11,618,16
11,619,8
11,620,16
11,621,8
11,622,24
11,623,9
11,624,29
11,625,12
11,626,14
11,627,8
11,628,9
11,629,19
11,630,36
11,631,17
11,632,29
11,633,11
11,634,16
11,635,16
11,636,15
11,637,15
11,638,9
11,639,14
11,640,19
11,641,7
11,642,36
11,643,11
11,644,25
11,645,17
11,646,7
11,647,8
11,648,76
11,649,12
11,650,17
11,651,34
11,652,7
11,653,22
11,654,16
11,655,8
11,656,16
11,657,8
11,658,40
11,659,8
11,660,16
11,661,14
11,662,8
11,663,34
11,664,38
11,665,12
11,666,13
11,667,12
11,668,24
11,669,71
11,670,13
11,671,11
11,672,15
12,1,31
12,2,16
12,3,9
12,4,14
12,5,10
12,6,13
12,7,29
12,8,7
12,9,46
12,10,14
12,11,10
12,12,14
12,13,10
12,14,16
12,15,8
12,16,14
12,17,37
12,18,4
12,19,20
12,20,5
12,21,16
12,22,15
12,23,11
12,24,13
12,25,9
12,26,15
12,27,9
12,28,16
12,29,46
12,30,10
12,31,15
12,32,9
12,33,15
12,34,14
12,35,9
12,36,10
12,37,15
12,38,9
12,39,15
12,40,10
12,41,19
12,42,11
12,43,7
12,44,10
12,45,14
12,46,82
12,47,14
12,48,32
12,49,16
12,50,10
12,51,16
12,52,27
12,53,29
12,54,7
12,55,32
12,56,12
12,57,5
12,58,7
12,59,11
12,60,22
12,61,15
12,62,9
12,63,15
12,64,11
12,65,6
12,66,18
12,67,7
12,68,15
12,69,15
12,70,12
12,71,5
12,72,19
12,73,6
12,74,18
12,75,5
12,76,16
12,77,15
12,78,9
12,79,8
12,80,43
12,81,12
12,82,10
12,83,12
12,84,12
12,85,8
12,86,17
12,87,7
12,88,15
12,89,15
12,90,9
12,91,15
12,92,9
12,93,15
12,94,10
12,95,7
12,96,17
12,97,8
12,98,18
12,99,6
12,100,17
12,101,7
12,102,16
12,103,8
12,104,17
12,105,6
12,106,12
12,107,6
12,108,8
12,109,14
12,110,15
12,111,57
12,112,9
12,113,17
12,114,6
12,115,18
12,116,7
12,117,15
12,118,9
12,119,30
12,120,11
12,121,7
12,122,16
12,123,8
12,124,15
12,125,9
12,126,15
12,127,9
12,128,15
12,129,9
12,130,18
12,131,11
12,132,10
12,133,15
12,134,34
12,135,7
12,136,17
12,137,8
12,138,15
12,139,9
12,140,15
12,141,15
12,142,11
12,143,14
12,144,10
12,145,8
12,146,17
12,147,6
12,148,11
12,149,6
12,150,6
12,151,18
12,152,9
12,153,13
12,154,8
12,155,17
12,156,8
12,157,6
12,158,10
12,159,9
12,160,5
12,161,13
12,162,11
12,163,11
12,164,8
12,165,14
12,166,9
12,167,16
12,168,9
12,169,16
12,170,7
12,171,17
12,172,7
12,173,17
12,174,7
12,175,17
12,176,7
12,177,15
12,178,9
12,179,11
12,180,6
12,181,23
12,182,8
12,183,16
12,184,8
12,185,14
12,186,10
12,187,16
12,188,8
12,189,16
12,190,8
12,191,16
12,192,8
12,193,16
12,194,7
12,195,15
12,196,15
12,197,11
12,198,8
12,199,17
12,200,6
12,201,15
12,202,9
12,203,17
12,204,10
12,205,14
12,206,8
12,207,16
12,208,8
12,209,7
12,210,9
12,211,9
12,212,15
12,213,9
12,214,13
12,215,9
12,216,17
12,217,7
12,218,17
12,219,8
12,220,16
12,221,8
12,222,16
12,223,7
12,224,17
12,225,8
12,226,15
12,227,9
12,228,16
12,229,8
12,230,16
12,231,7
12,232,17
12,233,8
12,234,16
12,235,8
12,236,16
12,237,8
12,238,14
12,239,10
12,240,14
12,241,10
12,242,14
12,243,11
12,244,15
12,245,9
12,246,14
12,247,11
12,248,13
12,249,10
12,250,14
12,251,9
12,252,14
12,253,11
12,254,15
12,255,8
12,256,16
12,257,8
12,258,16
12,259,9
12,260,15
12,261,10
12,262,13
12,263,10
12,264,15
12,265,7
12,266,17
12,267,6
12,268,18
12,269,9
12,270,13
12,271,10
12,272,14
12,273,10
12,274,14
12,275,11
12,276,14
12,277,12
12,278,12
12,279,9
12,280,14
12,281,11
12,282,13
12,283,11
12,284,15
12,285,8
12,286,14
12,287,13
12,288,11
12,289,12
12,290,13
12,291,10
12,292,15
12,293,8
12,294,16
12,295,9
12,296,13
12,297,10
12,298,14
12,299,10
12,300,16
12,301,9
12,302,13
12,303,12
12,304,14
12,305,8
12,306,16
12,307,9
12,308,13
12,309,11
12,310,13
12,311,10
12,312,17
12,313,7
12,314,14
12,315,10
12,316,14
12,317,11
12,318,14
12,319,10
12,320,15
12,321,11
12,322,11
12,323,11
12,324,13
12,325,10
12,326,14
12,327,11
12,328,16
12,329,8
12,330,13
12,331,10
12,332,16
12,333,11
12,334,12
12,335,10
12,336,13
12,337,11
12,338,13
12,339,11
12,340,13
12,341,12
12,342,14
12,343,10
12,344,13
12,345,10
12,346,14
12,347,9
12,348,15
12,349,10
12,350,15
12,351,10
12,352,12
12,353,12
12,354,14
12,355,9
12,356,13
12,357,11
12,358,14
12,359,10
12,360,14
12,361,10
12,362,15
12,363,9
12,364,15
12,365,8
12,366,14
12,367,10
12,368,6
12,369,8
12,370,4
12,371,7
12,372,15
12,373,9
12,374,13
12,375,11
12,376,13
12,377,10
12,378,16
12,379,10
12,380,12
12,381,10
12,382,14
12,383,11
12,384,13
12,385,11
12,386,14
12,387,10
12,388,14
12,389,10
12,390,14
12,391,9
12,392,14
12,393,9
12,394,17
12,395,9
12,396,13
12,397,11
12,398,13
12,399,10
12,400,16
12,401,9
12,402,13
12,403,10
12,404,16
12,405,8
12,406,15
12,407,10
12,408,15
12,409,9
12,410,13
12,411,11
12,412,16
12,413,8
12,414,15
12,415,10
12,416,14
12,417,11
12,418,13
12,419,8
12,420,15
12,421,5
12,422,10
12,423,9
12,424,9
12,425,16
12,426,8
12,427,16
12,428,8
12,429,14
12,430,9
12,431,17
12,432,8
12,433,16
12,434,7
12,435,17
12,436,8
12,437,16
12,438,14
12,439,10
12,440,8
12,441,16
12,442,13
12,443,9
12,444,10
12,445,16
12,446,8
12,447,15
12,448,10
12,449,14
12,450,9
12,451,15
12,452,10
12,453,15
12,454,8
12,455,16
12,456,8
12,457,15
12,458,10
12,459,14
12,460,10
12,461,14
12,462,10
12,463,15
12,464,7
12,465,15
12,466,11
12,467,15
12,468,7
12,469,17
12,470,9
12,471,15
12,472,7
12,473,17
12,474,7
12,475,20
12,476,6
12,477,8
12,478,8
12,479,7
12,480,16
12,481,9
12,482,13
12,483,11
12,484,16
12,485,7
12,486,18
12,487,6
12,488,14
12,489,11
12,490,16
12,491,7
12,492,17
12,493,6
12,494,16
12,495,8
12,496,17
12,497,9
12,498,15
12,499,7
12,500,17
12,501,8
12,502,14
12,503,9
12,504,16
12,505,8
12,506,17
12,507,8
12,508,16
12,509,8
12,510,17
12,511,7
12,512,16
12,513,8
12,514,41
12,515,8
12,516,14
12,517,10
12,518,15
12,519,9
12,520,16
12,521,13
12,522,10
12,523,13
12,524,11
12,525,7
12,526,18
12,527,7
12,528,15
12,529,9
12,530,16
12,531,7
12,532,17
12,533,14
12,534,8
12,535,9
12,536,15
12,537,16
12,538,12
12,539,5
12,540,15
12,541,9
12,542,17
12,543,8
12,544,16
12,545,7
12,546,17
12,547,7
12,548,15
12,549,16
12,550,8
12,551,17
12,552,7
12,553,16
12,554,8
12,555,9
12,556,15
12,557,16
12,558,10
12,559,29
12,560,17
12,561,15
12,562,9
12,563,15
12,564,12
12,565,6
12,566,18
12,567,12
12,568,14
12,569,10
12,570,35
12,571,7
12,572,8
12,573,11
12,574,11
12,575,14
12,576,12
12,577,35
12,578,6
12,579,5
12,580,12
12,581,36
12,582,12
12,583,14
12,584,8
12,585,14
12,586,16
12,587,8
12,588,12
12,589,5
12,590,7
12,591,10
12,592,16
12,593,8
12,594,16
12,595,10
12,596,12
12,597,34
12,598,38
12,599,10
12,600,14
12,601,10
12,602,14
12,603,10
12,604,14
12,605,58
12,606,39
12,607,9
12,608,16
12,609,8
12,610,14
12,611,10
12,612,9
12,613,6
12,614,11
12,615,38
12,616,8
12,617,16
12,618,8
12,619,15
12,620,9
12,621,15
12,622,9
12,623,15
12,624,9
12,625,7
12,626,15
12,627,33
12,628,9
12,629,8
12,630,15
12,631,9
12,632,9
12,633,5
12,634,19
12,635,7
12,636,8
12,637,14
12,638,6
12,639,13
12,640,32
12,641,31
12,642,88
12,643,25
12,644,40
12,645,15
12,646,16
12,647,8
12,648,16
12,649,8
12,650,16
12,651,8
12,652,15
12,653,9
12,654,8
12,655,7
12,656,16
12,657,31
12,658,9
12,659,9
12,660,6
12,661,12
12,662,13
12,663,36
12,664,13
12,665,10
12,666,8
12,667,6
12,668,16
12,669,4
12,670,20
12,671,18
12,672,39
13,1,34
13,2,4
13,3,32
13,4,11
13,5,26
13,6,68
13,7,16
13,8,8
13,9,16
13,10,8
13,11,15
13,12,16
13,13,25
13,14,16
13,15,15
13,16,9
13,17,14
13,18,10
13,19,15
13,20,9
13,21,14
13,22,27
13,23,12
13,24,43
13,25,14
13,26,10
13,27,15
13,28,9
13,29,14
13,30,10
13,31,15
13,32,9
13,33,14
13,34,13
13,35,40
13,36,5
13,37,7
13,38,5
13,39,24
13,40,15
13,41,11
13,42,10
13,43,15
13,44,9
13,45,5
13,46,11
13,47,8
13,48,39
13,49,9
13,50,10
13,51,19
13,52,10
13,53,9
13,54,14
13,55,12
13,56,12
13,57,10
13,58,21
13,59,8
13,60,15
13,61,28
13,62,15
13,63,9
13,64,8
13,65,18
13,66,7
13,67,6
13,68,12
13,69,6
13,70,17
13,71,13
13,72,11
13,73,6
13,74,18
13,75,7
13,76,15
13,77,15
13,78,11
13,79,13
13,80,10
13,81,8
13,82,17
13,83,13
13,84,9
13,85,6
13,86,8
13,87,37
13,88,12
13,89,9
13,90,15
13,91,9
13,92,16
13,93,10
13,94,13
13,95,9
13,96,15
13,97,9
13,98,9
13,99,16
13,100,8
13,101,39
13,102,16
13,103,11
13,104,6
13,105,17
13,106,7
13,107,6
13,108,9
13,109,15
13,110,9
13,111,9
13,112,17
13,113,17
13,114,9
13,115,11
13,116,9
13,117,15
13,118,9
13,119,15
13,120,11
13,121,7
13,122,16
13,123,9
13,124,16
13,125,6
13,126,24
13,127,8
13,128,11
13,129,6
13,130,15
13,131,9
13,132,35
13,133,20
13,134,8
13,135,14
13,136,10
13,137,10
13,138,16
13,139,8
13,140,16
13,141,6
13,142,40
13,143,16
13,144,8
13,145,8
13,146,18
13,147,8
13,148,14
13,149,10
13,150,15
13,151,9
13,152,16
13,153,7
13,154,17
13,155,12
13,156,9
13,157,11
13,158,16
13,159,6
13,160,15
13,161,11
13,162,15
13,163,8
13,164,16
13,165,8
13,166,15
13,167,9
13,168,16
13,169,8
13,170,16
13,171,8
13,172,16
13,173,8
13,174,16
13,175,8
13,176,16
13,177,9
13,178,14
13,179,9
13,180,15
13,181,9
13,182,16
13,183,8
13,184,16
13,185,8
13,186,16
13,187,8
13,188,16
13,189,7
13,190,16
13,191,9
13,192,16
13,193,8
13,194,16
13,195,7
13,196,18
13,197,7
13,198,16
13,199,13
13,200,11
13,201,9
13,202,13
13,203,11
13,204,13
13,205,10
13,206,6
13,207,11
13,208,9
13,209,14
13,210,6
13,211,16
13,212,12
13,213,12
13,214,12
13,215,6
13,216,5
13,217,11
13,218,16
13,219,9
13,220,15
13,221,8
13,222,16
13,223,8
13,224,15
13,225,9
13,226,16
13,227,8
13,228,14
13,229,10
13,230,16
13,231,9
13,232,15
13,233,8
13,234,14
13,235,10
13,236,15
13,237,10
13,238,15
13,239,8
13,240,14
13,241,9
13,242,8
13,243,9
13,244,10
13,245,14
13,246,9
13,247,6
13,248,9
13,249,8
13,250,14
13,251,14
13,252,12
13,253,9
13,254,14
13,255,10
13,256,16
13,257,9
13,258,14
13,259,10
13,260,6
13,261,6
13,262,5
13,263,8
13,264,13
13,265,9
13,266,14
13,267,9
13,268,11
13,269,6
13,270,10
13,271,13
13,272,10
13,273,14
13,274,9
13,275,13
13,276,12
13,277,14
13,278,8
13,279,15
13,280,11
13,281,13
13,282,10
13,283,14
13,284,10
13,285,15
13,286,9
13,287,13
13,288,16
13,289,8
13,290,12
13,291,12
13,292,9
13,293,15
13,294,8
13,295,16
13,296,13
13,297,13
13,298,8
13,299,15
13,300,10
13,301,15
13,302,10
13,303,12
13,304,12
13,305,12
13,306,10
13,307,14
13,308,10
13,309,14
13,310,12
13,311,13
13,312,12
13,313,12
13,314,11
13,315,12
13,316,12
13,317,14
13,318,8
13,319,17
13,320,8
13,321,14
13,322,10
13,323,13
13,324,12
13,325,13
13,326,10
13,327,15
13,328,9
13,329,13
13,330,11
13,331,13
13,332,11
13,333,13
13,334,11
13,335,14
13,336,10
13,337,15
13,338,9
13,339,14
13,340,10
13,341,14
13,342,12
13,343,12
13,344,7
13,345,17
13,346,15
13,347,10
13,348,7
13,349,8
13,350,7
13,351,11
13,352,14
13,353,10
13,354,13
13,355,10
13,356,15
13,357,11
13,358,12
13,359,10
13,360,6
13,361,10
13,362,9
13,363,15
13,364,9
13,365,13
13,366,11
13,367,13
13,368,10
13,369,15
13,370,12
13,371,12
13,372,10
13,373,15
13,374,9
13,375,15
13,376,9
13,377,13
13,378,11
13,379,13
13,380,10
13,381,14
13,382,11
13,383,15
13,384,11
13,385,13
13,386,8
13,387,16
13,388,8
13,389,16
13,390,9
13,391,13
13,392,11
13,393,14
13,394,11
13,395,14
13,396,10
13,397,13
13,398,10
13,399,15
13,400,8
13,401,16
13,402,8
13,403,14
13,404,11
13,405,13
13,406,11
13,407,14
13,408,10
13,409,15
13,410,9
13,411,15
13,412,9
13,413,14
13,414,9
13,415,15
13,416,9
13,417,16
13,418,9
13,419,13
13,420,11
13,421,13
13,422,9
13,423,15
13,424,9
13,425,16
13,426,10
13,427,15
13,428,7
13,429,15
13,430,9
13,431,17
13,432,10
13,433,12
13,434,10
13,435,14
13,436,10
13,437,16
13,438,8
13,439,16
13,440,8
13,441,17
13,442,6
13,443,6
13,444,11
13,445,8
13,446,15
13,447,9
13,448,15
13,449,9
13,450,15
13,451,9
13,452,16
13,453,8
13,454,15
13,455,9
13,456,17
13,457,7
13,458,16
13,459,8
13,460,15
13,461,9
13,462,16
13,463,8
13,464,16
13,465,8
13,466,16
13,467,8
13,468,15
13,469,9
13,470,16
13,471,8
13,472,14
13,473,10
13,474,16
13,475,8
13,476,15
13,477,9
13,478,16
13,479,8
13,480,16
13,481,9
13,482,16
13,483,6
13,484,16
13,485,9
13,486,16
13,487,8
13,488,14
13,489,11
13,490,15
13,491,9
13,492,15
13,493,8
13,494,16
13,495,8
13,496,15
13,497,10
13,498,14
13,499,10
13,500,13
13,501,11
13,502,15
13,503,9
13,504,15
13,505,8
13,506,16
13,507,8
13,508,14
13,509,10
13,510,15
13,511,8
13,512,17
13,513,8
13,514,17
13,515,7
13,516,16
13,517,9
13,518,16
13,519,7
13,520,14
13,521,16
13,522,8
13,523,10
13,524,16
13,525,7
13,526,18
13,527,7
13,528,14
13,529,16
13,530,10
13,531,14
13,532,8
13,533,10
13,534,16
13,535,7
13,536,17
13,537,8
13,538,15
13,539,8
13,540,17
13,541,7
13,542,17
13,543,7
13,544,31
13,545,8
13,546,11
13,547,16
13,548,7
13,549,14
13,550,15
13,551,35
13,552,8
13,553,23
13,554,15
13,555,15
13,556,9
13,557,15
13,558,9
13,559,15
13,560,9
13,561,15
13,562,48
13,563,9
13,564,11
13,565,13
13,566,16
13,567,8
13,568,16
13,569,8
13,570,15
13,571,7
13,572,15
13,573,11
13,574,16
13,575,11
13,576,7
13,577,6
13,578,10
13,579,15
13,580,10
13,581,12
13,582,11
13,583,15
13,584,44
13,585,22
13,586,11
13,587,6
13,588,6
13,589,7
13,590,8
13,591,16
13,592,8
13,593,16
13,594,8
13,595,8
13,596,4
13,597,12
13,598,40
13,599,25
13,600,9
13,601,14
13,602,8
13,603,14
13,604,10
13,605,15
13,606,9
13,607,14
13,608,10
13,609,16
13,610,8
13,611,16
13,612,10
13,613,46
13,614,16
13,615,8
13,616,14
13,617,10
13,618,14
13,619,74
13,620,32
13,621,15
13,622,9
13,623,15
13,624,9
13,625,14
13,626,10
13,627,15
13,628,9
13,629,14
13,630,36
13,631,18
13,632,4
13,633,15
13,634,9
13,635,14
13,636,10
13,637,14
13,638,10
13,639,27
13,640,13
13,641,10
13,642,46
13,643,14
13,644,10
13,645,15
13,646,9
13,647,15
13,648,9
13,649,15
13,650,9
13,651,14
13,652,43
13,653,24
13,654,6
13,655,9
13,656,16
13,657,8
13,658,16
13,659,8
13,660,14
13,661,10
13,662,15
13,663,41
13,664,17
13,665,12
13,666,11
13,667,39
13,668,26
13,669,36
13,670,35
13,671,10
13,672,63
19,1,30
19,2,25
19,3,14
19,4,16
19,5,10
19,6,8
19,7,16
19,8,11
19,9,9
19,10,4
19,11,23
19,12,16
19,13,27
19,14,5
19,15,19
19,16,5
19,17,9
19,18,39
19,19,9
19,20,15
19,21,25
19,22,11
19,23,24
19,24,12
19,25,9
19,26,16
19,27,12
19,28,15
19,29,5
19,30,16
19,31,8
19,32,15
19,33,11
19,34,12
19,35,12
19,36,12
19,37,10
19,38,39
19,39,36
19,40,12
19,41,9
19,42,8
19,43,37
19,44,27
19,45,8
19,46,9
19,47,41
19,48,5
19,49,9
19,50,13
19,51,25
19,52,12
19,53,13
19,54,35
19,55,5
19,56,12
19,57,5
19,58,15
19,59,9
19,60,8
19,61,19
19,62,12
19,63,12
19,64,5
19,65,18
19,66,7
19,67,18
19,68,5
19,69,18
19,70,7
19,71,17
19,72,7
19,73,18
19,74,5
19,75,17
19,76,8
19,77,16
19,78,7
19,79,17
19,80,8
19,81,16
19,82,8
19,83,24
19,84,6
19,85,9
19,86,38
19,87,11
19,88,23
19,89,8
19,90,19
19,91,4
19,92,18
19,93,8
19,94,11
19,95,5
19,96,8
19,97,18
19,98,5
19,99,16
19,100,6
19,101,20
19,102,6
19,103,6
19,104,10
19,105,6
19,106,9
19,107,18
19,108,16
19,109,8
19,110,15
19,111,9
19,112,15
19,113,15
19,114,11
19,115,7
19,116,15
19,117,15
19,118,9
19,119,15
19,120,12
19,121,11
19,122,11
19,123,8
19,124,17
19,125,7
19,126,6
19,127,9
19,128,16
19,129,8
19,130,9
19,131,23
19,132,18
19,133,6
19,134,8
19,135,10
19,136,7
19,137,17
19,138,7
19,139,15
19,140,9
19,141,7
19,142,8
19,143,4
19,144,22
19,145,6
19,146,18
19,147,6
19,148,6
19,149,10
19,150,9
19,151,17
19,152,7
19,153,16
19,154,8
19,155,42
19,156,6
19,157,9
19,158,30
19,159,5
19,160,9
19,161,13
19,162,6
19,163,17
19,164,7
19,165,7
19,166,9
19,167,9
19,168,10
19,169,6
19,170,7
19,171,15
19,172,10
19,173,13
19,174,9
19,175,16
19,176,9
19,177,16
19,178,7
19,179,16
19,180,10
19,181,14
19,182,8
19,183,16
19,184,9
19,185,16
19,186,8
19,187,15
19,188,10
19,189,15
19,190,9
19,191,15
19,192,8
19,193,16
19,194,8
19,195,16
19,196,9
19,197,15
19,198,9
19,199,15
19,200,8
19,201,16
19,202,8
19,203,16
19,204,7
19,205,17
19,206,8
19,207,16
19,208,8
19,209,16
19,210,8
19,211,16
19,212,9
19,213,13
19,214,12
19,215,14
19,216,10
19,217,14
19,218,8
19,219,16
19,220,9
19,221,14
19,222,11
19,223,14
19,224,7
19,225,15
19,226,11
19,227,15
19,228,8
19,229,14
19,230,11
19,231,16
19,232,9
19,233,12
19,234,11
19,235,15
19,236,9
19,237,15
19,238,8
19,239,16
19,240,8
19,241,17
19,242,7
19,243,14
19,244,10
19,245,16
19,246,11
19,247,13
19,248,8
19,249,16
19,250,8
19,251,16
19,252,8
19,253,16
19,254,9
19,255,14
19,256,9
19,257,14
19,258,10
19,259,14
19,260,11
19,261,15
19,262,8
19,263,16
19,264,8
19,265,14
19,266,10
19,267,16
19,268,8
19,269,14
19,270,11
19,271,15
19,272,9
19,273,15
19,274,8
19,275,14
19,276,11
19,277,14
19,278,9
19,279,16
19,280,8
19,281,16
19,282,9
19,283,8
19,284,6
19,285,8
19,286,15
19,287,12
19,288,12
19,289,9
19,290,15
19,291,11
19,292,15
19,293,7
19,294,17
19,295,9
19,296,15
19,297,9
19,298,14
19,299,9
19,300,14
19,301,11
19,302,13
19,303,11
19,304,15
19,305,9
19,306,14
19,307,12
19,308,13
19,309,9
19,310,13
19,311,10
19,312,14
19,313,10
19,314,14
19,315,10
19,316,14
19,317,11
19,318,15
19,319,8
19,320,15
19,321,9
19,322,16
19,323,10
19,324,13
19,325,9
19,326,16
19,327,8
19,328,6
19,329,10
19,330,8
19,331,17
19,332,9
19,333,12
19,334,13
19,335,8
19,336,4
19,337,10
19,338,15
19,339,11
19,340,11
19,341,13
19,342,11
19,343,12
19,344,13
19,345,11
19,346,14
19,347,9
19,348,15
19,349,9
19,350,5
19,351,10
19,352,10
19,353,13
19,354,9
19,355,14
19,356,12
19,357,14
19,358,11
19,359,13
19,360,9
19,361,3
19,362,12
19,363,9
19,364,13
19,365,11
19,366,14
19,367,10
19,368,15
19,369,9
19,370,13
19,371,8
19,372,8
19,373,9
19,374,9
19,375,14
19,376,10
19,377,14
19,378,11
19,379,13
19,380,13
19,381,12
19,382,10
19,383,15
19,384,9
19,385,14
19,386,10
19,387,15
19,388,9
19,389,13
19,390,10
19,391,16
19,392,9
19,393,13
19,394,11
19,395,15
19,396,10
19,397,13
19,398,10
19,399,15
19,400,10
19,401,14
19,402,8
19,403,16
19,404,8
19,405,16
19,406,9
19,407,15
19,408,8
19,409,16
19,410,8
19,411,15
19,412,10
19,413,15
19,414,9
19,415,15
19,416,7
19,417,18
19,418,8
19,419,15
19,420,10
19,421,12
19,422,11
19,423,14
19,424,10
19,425,13
19,426,9
19,427,15
19,428,9
19,429,17
19,430,9
19,431,15
19,432,9
19,433,15
19,434,8
19,435,15
19,436,9
19,437,15
19,438,9
19,439,16
19,440,10
19,441,13
19,442,9
19,443,16
19,444,9
19,445,15
19,446,8
19,447,16
19,448,8
19,449,17
19,450,7
19,451,15
19,452,10
19,453,15
19,454,9
19,455,15
19,456,8
19,457,16
19,458,8
19,459,15
19,460,9
19,461,15
19,462,9
19,463,16
19,464,7
19,465,8
19,466,8
19,467,11
19,468,14
19,469,8
19,470,15
19,471,10
19,472,14
19,473,10
19,474,15
19,475,8
19,476,16
19,477,8
19,478,30
19,479,9
19,480,9
19,481,15
19,482,9
19,483,16
19,484,14
19,485,10
19,486,9
19,487,16
19,488,8
19,489,15
19,490,14
19,491,8
19,492,11
19,493,14
19,494,9
19,495,17
19,496,24
19,497,6
19,498,18
19,499,7
19,500,5
19,501,9
19,502,10
19,503,16
19,504,8
19,505,15
19,506,9
19,507,24
19,508,40
19,509,8
19,510,16
19,511,8
19,512,16
19,513,8
19,514,16
19,515,8
19,516,16
19,517,7
19,518,17
19,519,8
19,520,16
19,521,7
19,522,17
19,523,8
19,524,16
19,525,7
19,526,17
19,527,8
19,528,16
19,529,8
19,530,16
19,531,8
19,532,6
19,533,11
19,534,6
19,535,42
19,536,6
19,537,6
19,538,9
19,539,15
19,540,9
19,541,10
19,542,6
19,543,8
19,544,11
19,545,19
19,546,9
19,547,10
19,548,15
19,549,34
19,550,8
19,551,18
19,552,11
19,553,9
19,554,15
19,555,11
19,556,8
19,557,16
19,558,8
19,559,30
19,560,18
19,561,14
19,562,16
19,563,10
19,564,8
19,565,14
19,566,15
19,567,12
19,568,7
19,569,14
19,570,5
19,571,30
19,572,17
19,573,5
19,574,15
19,575,16
19,576,8
19,577,16
19,578,7
19,579,11
19,580,14
19,581,11
19,582,13
19,583,15
19,584,24
19,585,34
19,586,14
19,587,12
19,588,12
19,589,12
19,590,13
19,591,11
19,592,12
19,593,50
19,594,32
19,595,40
19,596,8
19,597,14
19,598,10
19,599,8
19,600,78
19,601,10
19,602,16
19,603,17
19,604,22
19,605,17
19,606,16
19,607,8
19,608,14
19,609,12
19,610,46
19,611,13
19,612,35
19,613,26
19,614,7
19,615,9
19,616,6
19,617,14
19,618,36
19,619,7
19,620,15
19,621,14
19,622,10
19,623,14
19,624,10
19,625,16
19,626,8
19,627,16
19,628,8
19,629,15
19,630,48
19,631,9
19,632,16
19,633,8
19,634,9
19,635,7
19,636,8
19,637,14
19,638,10
19,639,14
19,640,19
19,641,6
19,642,12
19,643,16
19,644,29
19,645,16
19,646,8
19,647,16
19,648,13
19,649,10
19,650,9
19,651,15
19,652,9
19,653,14
19,654,12
19,655,13
19,656,39
19,657,8
19,658,10
19,659,14
19,660,14
19,661,5
19,662,12
19,663,4
19,664,15
19,665,29
19,666,6
19,667,37
19,668,44
19,669,38
19,670,37
19,671,24
19,672,26
1,1,47
1,2,22
1,3,10
1,4,16
1,5,8
1,6,14
1,7,10
1,8,15
1,9,9
1,10,14
1,11,10
1,12,7
1,13,6
1,14,12
1,15,19
1,16,20
1,17,8
1,18,15
1,19,9
1,20,16
1,21,8
1,22,14
1,23,10
1,24,14
1,25,30
1,26,6
1,27,37
1,28,9
1,29,14
1,30,10
1,31,15
1,32,9
1,33,15
1,34,11
1,35,12
1,36,10
1,37,14
1,38,7
1,39,41
1,40,10
1,41,16
1,42,8
1,43,14
1,44,10
1,45,14
1,46,10
1,47,8
1,48,16
1,49,15
1,50,57
1,51,8
1,52,31
1,53,9
1,54,15
1,55,9
1,56,15
1,57,9
1,58,15
1,59,28
1,60,15
1,61,10
1,62,4
1,63,14
1,64,10
1,65,16
1,66,8
1,67,14
1,68,10
1,69,15
1,70,9
1,71,15
1,72,8
1,73,7
1,74,19
1,75,7
1,76,10
1,77,7
1,78,10
1,79,4
1,80,11
1,81,6
1,82,7
1,83,9
1,84,14
1,85,10
1,86,16
1,87,8
1,88,8
1,89,8
1,90,16
1,91,18
1,92,6
1,93,16
1,94,16
1,95,10
1,96,6
1,97,21
1,98,11
1,99,8
1,100,16
1,101,47
1,102,9
1,103,9
1,104,15
1,105,16
1,106,8
1,107,15
1,108,11
1,109,7
1,110,15
1,111,15
1,112,9
1,113,15
1,114,10
1,115,14
1,116,12
1,117,6
1,118,7
1,119,12
1,120,12
1,121,8
1,122,8
1,123,10
1,124,8
1,125,13
1,126,9
1,127,15
1,128,8
1,129,4
1,130,5
1,131,6
1,132,12
1,133,13
1,134,12
1,135,45
1,136,9
1,137,15
1,138,9
1,139,17
1,140,7
1,141,15
1,142,15
1,143,15
1,144,20
1,145,8
1,146,16
1,147,6
1,148,16
1,149,40
1,150,8
1,151,10
1,152,16
1,153,7
1,154,16
1,155,9
1,156,16
1,157,8
1,158,16
1,159,8
1,160,16
1,161,8
1,162,15
1,163,8
1,164,14
1,165,11
1,166,14
1,167,9
1,168,15
1,169,9
1,170,15
1,171,10
1,172,13
1,173,11
1,174,15
1,175,8
1,176,16
1,177,8
1,178,16
1,179,8
1,180,15
1,181,10
1,182,8
1,183,7
1,184,15
1,185,9
1,186,9
1,187,16
1,188,6
1,189,17
1,190,8
1,191,16
1,192,7
1,193,18
1,194,7
1,195,14
1,196,11
1,197,15
1,198,9
1,199,15
1,200,8
1,201,14
1,202,18
1,203,8
1,204,8
1,205,16
1,206,8
1,207,18
1,208,6
1,209,16
1,210,8
1,211,16
1,212,8
1,213,16
1,214,8
1,215,14
1,216,12
1,217,12
1,218,10
1,219,16
1,220,9
1,221,13
1,222,10
1,223,16
1,224,9
1,225,15
1,226,9
1,227,15
1,228,8
1,229,16
1,230,8
1,231,16
1,232,8
1,233,16
1,234,8
1,235,14
1,236,10
1,237,16
1,238,8
1,239,15
1,240,9
1,241,16
1,242,9
1,243,13
1,244,11
1,245,13
1,246,9
1,247,17
1,248,8
1,249,16
1,250,8
1,251,16
1,252,11
1,253,13
1,254,8
1,255,16
1,256,9
1,257,13
1,258,11
1,259,15
1,260,8
1,261,14
1,262,10
1,263,14
1,264,10
1,265,14
1,266,11
1,267,15
1,268,9
1,269,14
1,270,9
1,271,16
1,272,8
1,273,16
1,274,8
1,275,16
1,276,8
1,277,16
1,278,8
1,279,14
1,280,10
1,281,14
1,282,10
1,283,15
1,284,9
1,285,14
1,286,11
1,287,13
1,288,11
1,289,13
1,290,10
1,291,14
1,292,11
1,293,13
1,294,11
1,295,14
1,296,10
1,297,15
1,298,6
1,299,8
1,300,8
1,301,11
1,302,13
1,303,11
1,304,13
1,305,10
1,306,14
1,307,11
1,308,15
1,309,8
1,310,16
1,311,8
1,312,16
1,313,9
1,314,13
1,315,11
1,316,13
1,317,11
1,318,15
1,319,8
1,320,14
1,321,10
1,322,14
1,323,12
1,324,14
1,325,10
1,326,13
1,327,9
1,328,14
1,329,9
1,330,17
1,331,10
1,332,12
1,333,12
1,334,16
1,335,12
1,336,10
1,337,8
1,338,15
1,339,8
1,340,17
1,341,11
1,342,11
1,343,10
1,344,14
1,345,13
1,346,13
1,347,8
1,348,14
1,349,6
1,350,10
1,351,8
1,352,11
1,353,14
1,354,10
1,355,9
1,356,6
1,357,8
1,358,14
1,359,12
1,360,14
1,361,9
1,362,13
1,363,12
1,364,12
1,365,11
1,366,15
1,367,8
1,368,14
1,369,4
1,370,7
1,371,14
1,372,10
1,373,13
1,374,10
1,375,14
1,376,10
1,377,16
1,378,8
1,379,14
1,380,11
1,381,15
1,382,9
1,383,13
1,384,10
1,385,16
1,386,8
1,387,14
1,388,11
1,389,15
1,390,9
1,391,15
1,392,9
1,393,15
1,394,9
1,395,15
1,396,9
1,397,15
1,398,8
1,399,15
1,400,11
1,401,14
1,402,9
1,403,13
1,404,16
1,405,9
1,406,10
1,407,15
1,408,6
1,409,18
1,410,9
1,411,14
1,412,9
1,413,16
1,414,9
1,415,15
1,416,8
1,417,16
1,418,9
1,419,16
1,420,6
1,421,16
1,422,9
1,423,16
1,424,9
1,425,14
1,426,9
1,427,16
1,428,7
1,429,15
1,430,11
1,431,16
1,432,7
1,433,15
1,434,10
1,435,15
1,436,8
1,437,16
1,438,10
1,439,14
1,440,9
1,441,9
1,442,6
1,443,9
1,444,15
1,445,9
1,446,14
1,447,9
1,448,5
1,449,11
1,450,8
1,451,6
1,452,10
1,453,8
1,454,16
1,455,10
1,456,14
1,457,9
1,458,15
1,459,8
1,460,16
1,461,7
1,462,16
1,463,8
1,464,16
1,465,9
1,466,16
1,467,8
1,468,16
1,469,9
1,470,14
1,471,9
1,472,17
1,473,7
1,474,15
1,475,9
1,476,16
1,477,9
1,478,15
1,479,7
1,480,17
1,481,9
1,482,15
1,483,7
1,484,16
1,485,10
1,486,16
1,487,13
1,488,10
1,489,9
1,490,13
1,491,11
1,492,15
1,493,9
1,494,15
1,495,7
1,496,16
1,497,9
1,498,15
1,499,8
1,500,17
1,501,9
1,502,15
1,503,7
1,504,17
1,505,9
1,506,15
1,507,9
1,508,14
1,509,14
1,510,9
1,511,11
1,512,15
1,513,14
1,514,10
1,515,9
1,516,13
1,517,8
1,518,17
1,519,9
1,520,5
1,521,13
1,522,5
1,523,24
1,524,17
1,525,8
1,526,16
1,527,8
1,528,17
1,529,7
1,530,14
1,531,15
1,532,11
1,533,14
1,534,8
1,535,16
1,536,8
1,537,15
1,538,11
1,539,14
1,540,9
1,541,14
1,542,11
1,543,8
1,544,14
1,545,9
1,546,15
1,547,15
1,548,9
1,549,16
1,550,10
1,551,8
1,552,14
1,553,9
1,554,9
1,555,9
1,556,7
1,557,16
1,558,7
1,559,15
1,560,13
1,561,15
1,562,5
1,563,19
1,564,6
1,565,14
1,566,15
1,567,9
1,568,15
1,569,13
1,570,5
1,571,39
1,572,62
1,573,10
1,574,15
1,575,9
1,576,15
1,577,13
1,578,6
1,579,38
1,580,10
1,581,18
1,582,36
1,583,14
1,584,18
1,585,16
1,586,49
1,587,8
1,588,16
1,589,8
1,590,15
1,591,9
1,592,16
1,593,8
1,594,16
1,595,70
1,596,12
1,597,13
1,598,9
1,599,16
1,600,8
1,601,62
1,602,26
1,603,8
1,604,7
1,605,17
1,606,16
1,607,9
1,608,13
1,609,10
1,610,14
1,611,10
1,612,15
1,613,9
1,614,14
1,615,24
1,616,34
1,617,14
1,618,10
1,619,14
1,620,10
1,621,11
1,622,21
1,623,8
1,624,8
1,625,14
1,626,12
1,627,46
1,628,15
1,629,9
1,630,14
1,631,10
1,632,15
1,633,9
1,634,15
1,635,9
1,636,14
1,637,36
1,638,12
1,639,10
1,640,16
1,641,8
1,642,9
1,643,39
1,644,40
1,645,8
1,646,7
1,647,5
1,648,14
1,649,12
1,650,10
1,651,16
1,652,8
1,653,15
1,654,101
1,655,25
1,656,14
1,657,4
1,658,9
1,659,16
1,660,14
1,661,10
1,662,8
1,663,15
1,664,10
1,665,15
1,666,33
1,667,36
1,668,13
1,669,24
1,670,36
1,671,10
1,672,17
22,1,31
22,2,24
22,3,15
22,4,9
22,5,15
22,6,26
22,7,31
22,8,14
22,9,10
22,10,16
22,11,8
22,12,8
22,13,17
22,14,15
22,15,8
22,16,13
22,17,5
22,18,54
22,19,14
22,20,10
22,21,31
22,22,9
22,23,8
22,24,16
22,25,8
22,26,15
22,27,57
22,28,14
22,29,10
22,30,16
22,31,8
22,32,16
22,33,8
22,34,16
22,35,8
22,36,14
22,37,12
22,38,14
22,39,34
22,40,14
22,41,8
22,42,16
22,43,8
22,44,16
22,45,8
22,46,14
22,47,10
22,48,15
22,49,6
22,50,22
22,51,12
22,52,17
22,53,16
22,54,8
22,55,15
22,56,9
22,57,14
22,58,10
22,59,12
22,60,12
22,61,14
22,62,26
22,63,32
22,64,16
22,65,8
22,66,16
22,67,8
22,68,16
22,69,8
22,70,24
22,71,16
22,72,10
22,73,46
22,74,10
22,75,18
22,76,44
22,77,40
22,78,34
22,79,7
22,80,30
22,81,9
22,82,32
22,83,18
22,84,7
22,85,17
22,86,6
22,87,17
22,88,8
22,89,16
22,90,8
22,91,15
22,92,9
22,93,15
22,94,9
22,95,15
22,96,8
22,97,18
22,98,6
22,99,17
22,100,8
22,101,6
22,102,10
22,103,9
22,104,8
22,105,7
22,106,8
22,107,15
22,108,8
22,109,16
22,110,16
22,111,8
22,112,10
22,113,14
22,114,9
22,115,30
22,116,10
22,117,9
22,118,17
22,119,5
22,120,16
22,121,10
22,122,16
22,123,7
22,124,39
22,125,9
22,126,17
22,127,6
22,128,17
22,129,9
22,130,16
22,131,7
22,132,15
22,133,10
22,134,14
22,135,8
22,136,18
22,137,6
22,138,16
22,139,10
22,140,14
22,141,10
22,142,16
22,143,20
22,144,3
22,145,10
22,146,12
22,147,11
22,148,12
22,149,5
22,150,7
22,151,17
22,152,5
22,153,19
22,154,13
22,155,7
22,156,15
22,157,12
22,158,8
22,159,15
22,160,7
22,161,17
22,162,8
22,163,17
22,164,8
22,165,15
22,166,8
22,167,18
22,168,8
22,169,14
22,170,9
22,171,15
22,172,9
22,173,16
22,174,7
22,175,16
22,176,8
22,177,17
22,178,7
22,179,16
22,180,8
22,181,16
22,182,7
22,183,17
22,184,8
22,185,15
22,186,9
22,187,15
22,188,10
22,189,15
22,190,8
22,191,16
22,192,8
22,193,14
22,194,10
22,195,18
22,196,6
22,197,16
22,198,8
22,199,16
22,200,8
22,201,16
22,202,9
22,203,15
22,204,7
22,205,17
22,206,8
22,207,16
22,208,8
22,209,16
22,210,9
22,211,13
22,212,10
22,213,16
22,214,8
22,215,39
22,216,12
22,217,11
22,218,10
22,219,16
22,220,9
22,221,13
22,222,11
22,223,15
22,224,10
22,225,12
22,226,10
22,227,16
22,228,9
22,229,13
22,230,10
22,231,14
22,232,11
22,233,13
22,234,15
22,235,9
22,236,13
22,237,11
22,238,15
22,239,10
22,240,10
22,241,14
22,242,9
22,243,16
22,244,8
22,245,16
22,246,9
22,247,13
22,248,11
22,249,13
22,250,12
22,251,14
22,252,10
22,253,14
22,254,14
22,255,10
22,256,9
22,257,14
22,258,8
22,259,15
22,260,12
22,261,12
22,262,13
22,263,11
22,264,11
22,265,14
22,266,9
22,267,6
22,268,9
22,269,10
22,270,15
22,271,9
22,272,15
22,273,8
22,274,14
22,275,9
22,276,15
22,277,10
22,278,14
22,279,11
22,280,13
22,281,11
22,282,14
22,283,10
22,284,14
22,285,10
22,286,13
22,287,10
22,288,14
22,289,9
22,290,15
22,291,7
22,292,20
22,293,7
22,294,6
22,295,9
22,296,9
22,297,15
22,298,10
22,299,14
22,300,10
22,301,15
22,302,9
22,303,13
22,304,10
22,305,14
22,306,10
22,307,14
22,308,14
22,309,10
22,310,10
22,311,16
22,312,11
22,313,13
22,314,10
22,315,12
22,316,11
22,317,15
22,318,8
22,319,17
22,320,8
22,321,13
22,322,11
22,323,13
22,324,12
22,325,13
22,326,9
22,327,15
22,328,10
22,329,14
22,330,10
22,331,13
22,332,10
22,333,14
22,334,10
22,335,16
22,336,8
22,337,14
22,338,13
22,339,13
22,340,9
22,341,14
22,342,10
22,343,13
22,344,11
22,345,13
22,346,11
22,347,13
22,348,11
22,349,13
22,350,11
22,351,13
22,352,10
22,353,14
22,354,11
22,355,15
22,356,9
22,357,15
22,358,8
22,359,17
22,360,8
22,361,13
22,362,10
22,363,14
22,364,11
22,365,14
22,366,9
22,367,16
22,368,8
22,369,16
22,370,8
22,371,16
22,372,8
22,373,14
22,374,10
22,375,16
22,376,9
22,377,13
22,378,11
22,379,15
22,380,8
22,381,14
22,382,10
22,383,16
22,384,8
22,385,16
22,386,8
22,387,16
22,388,9
22,389,13
22,390,13
22,391,13
22,392,8
22,393,16
22,394,8
22,395,16
22,396,8
22,397,18
22,398,6
22,399,16
22,400,9
22,401,15
22,402,8
22,403,14
22,404,11
22,405,15
22,406,9
22,407,15
22,408,7
22,409,15
22,410,4
22,411,6
22,412,15
22,413,11
22,414,12
22,415,10
22,416,16
22,417,9
22,418,15
22,419,8
22,420,14
22,421,10
22,422,14
22,423,11
22,424,14
22,425,9
22,426,40
22,427,7
22,428,15
22,429,10
22,430,16
22,431,10
22,432,12
22,433,10
22,434,14
22,435,12
22,436,13
22,437,9
22,438,16
22,439,8
22,440,17
22,441,9
22,442,14
22,443,8
22,444,5
22,445,10
22,446,8
22,447,17
22,448,7
22,449,17
22,450,9
22,451,15
22,452,8
22,453,15
22,454,9
22,455,16
22,456,7
22,457,15
22,458,9
22,459,17
22,460,11
22,461,13
22,462,7
22,463,6
22,464,11
22,465,9
22,466,14
22,467,8
22,468,18
22,469,8
22,470,13
22,471,16
22,472,8
22,473,11
22,474,15
22,475,9
22,476,12
22,477,11
22,478,14
22,479,11
22,480,15
22,481,9
22,482,16
22,483,7
22,484,14
22,485,15
22,486,9
22,487,10
22,488,14
22,489,11
22,490,15
22,491,8
22,492,14
22,493,10
22,494,17
22,495,8
22,496,14
22,497,10
22,498,17
22,499,5
22,500,17
22,501,8
22,502,18
22,503,12
22,504,11
22,505,6
22,506,17
22,507,12
22,508,12
22,509,9
22,510,15
22,511,8
22,512,16
22,513,13
22,514,9
22,515,15
22,516,9
22,517,10
22,518,18
22,519,11
22,520,9
22,521,10
22,522,10
22,523,6
22,524,8
22,525,38
22,526,10
22,527,14
22,528,16
22,529,8
22,530,15
22,531,9
22,532,10
22,533,5
22,534,9
22,535,9
22,536,6
22,537,57
22,538,11
22,539,15
22,540,8
22,541,18
22,542,5
22,543,7
22,544,8
22,545,26
22,546,13
22,547,11
22,548,7
22,549,17
22,550,13
22,551,9
22,552,26
22,553,13
22,554,9
22,555,9
22,556,38
22,557,16
22,558,12
22,559,12
22,560,11
22,561,24
22,562,8
22,563,18
22,564,11
22,565,10
22,566,16
22,567,8
22,568,14
22,569,12
22,570,14
22,571,8
22,572,16
22,573,24
22,574,8
22,575,14
22,576,19
22,577,18
22,578,5
22,579,66
22,580,15
22,581,10
22,582,7
22,583,14
22,584,16
22,585,10
22,586,13
22,587,9
22,588,16
22,589,8
22,590,16
22,591,8
22,592,14
22,593,42
22,594,16
22,595,15
22,596,9
22,597,15
22,598,9
22,599,15
22,600,9
22,601,16
22,602,8
22,603,13
22,604,24
22,605,13
22,606,12
22,607,10
22,608,15
22,609,9
22,610,14
22,611,13
22,612,4
22,613,8
22,614,9
22,615,16
22,616,8
22,617,13
22,618,18
22,619,17
22,620,5
22,621,11
22,622,8
22,623,9
22,624,5
22,625,10
22,626,16
22,627,8
22,628,15
22,629,9
22,630,15
22,631,12
22,632,11
22,633,10
22,634,14
22,635,9
22,636,20
22,637,5
22,638,14
22,639,10
22,640,15
22,641,9
22,642,15
22,643,9
22,644,11
22,645,13
22,646,14
22,647,12
22,648,11
22,649,13
22,650,12
22,651,10
22,652,16
22,653,8
22,654,16
22,655,8
22,656,14
22,657,17
22,658,17
22,659,13
22,660,13
22,661,12
22,662,12
22,663,13
22,664,33
22,665,15
22,666,52
22,667,13
22,668,8
22,669,51
22,670,4
22,671,12
22,672,30
23,1,33
23,2,18
23,3,52
23,4,14
23,5,10
23,6,7
23,7,8
23,8,9
23,9,16
23,10,8
23,11,14
23,12,13
23,13,11
23,14,12
23,15,19
23,16,12
23,17,7
23,18,11
23,19,11
23,20,10
23,21,14
23,22,10
23,23,15
23,24,9
23,25,56
23,26,8
23,27,16
23,28,16
23,29,14
23,30,10
23,31,16
23,32,8
23,33,16
23,34,18
23,35,29
23,36,24
23,37,11
23,38,13
23,39,9
23,40,15
23,41,9
23,42,16
23,43,8
23,44,15
23,45,9
23,46,15
23,47,9
23,48,16
23,49,16
23,50,18
23,51,7
23,52,15
23,53,16
23,54,10
23,55,5
23,56,9
23,57,8
23,58,14
23,59,10
23,60,16
23,61,8
23,62,15
23,63,10
23,64,7
23,65,17
23,66,7
23,67,16
23,68,15
23,69,9
23,70,16
23,71,8
23,72,15
23,73,9
23,74,15
23,75,9
23,76,31
23,77,18
23,78,15
23,79,8
23,80,16
23,81,17
23,82,6
23,83,24
23,84,10
23,85,7
23,86,7
23,87,7
23,88,17
23,89,18
23,90,29
23,91,10
23,92,16
23,93,8
23,94,9
23,95,30
23,96,11
23,97,13
23,98,35
23,99,46
23,100,15
23,101,9
23,102,9
23,103,15
23,104,16
23,105,8
23,106,11
23,107,15
23,108,7
23,109,5
23,110,11
23,111,8
23,112,4
23,113,13
23,114,8
23,115,14
23,116,9
23,117,15
23,118,9
23,119,15
23,120,9
23,121,15
23,122,16
23,123,8
23,124,10
23,125,40
23,126,8
23,127,14
23,128,15
23,129,9
23,130,16
23,131,8
23,132,8
23,133,18
23,134,6
23,135,18
23,136,6
23,137,18
23,138,6
23,139,18
23,140,8
23,141,14
23,142,9
23,143,17
23,144,7
23,145,17
23,146,8
23,147,14
23,148,10
23,149,14
23,150,10
23,151,14
23,152,10
23,153,15
23,154,9
23,155,15
23,156,9
23,157,16
23,158,7
23,159,14
23,160,11
23,161,14
23,162,10
23,163,16
23,164,6
23,165,15
23,166,11
23,167,16
23,168,6
23,169,16
23,170,8
23,171,41
23,172,7
23,173,19
23,174,29
23,175,16
23,176,10
23,177,16
23,178,7
23,179,16
23,180,9
23,181,15
23,182,7
23,183,17
23,184,8
23,185,16
23,186,8
23,187,16
23,188,8
23,189,5
23,190,12
23,191,8
23,192,14
23,193,15
23,194,8
23,195,10
23,196,16
23,197,7
23,198,15
23,199,9
23,200,17
23,201,8
23,202,17
23,203,6
23,204,7
23,205,9
23,206,10
23,207,12
23,208,3
23,209,8
23,210,14
23,211,12
23,212,12
23,213,11
23,214,13
23,215,10
23,216,14
23,217,12
23,218,15
23,219,7
23,220,16
23,221,9
23,222,15
23,223,9
23,224,16
23,225,7
23,226,14
23,227,11
23,228,15
23,229,8
23,230,14
23,231,11
23,232,13
23,233,15
23,234,11
23,235,8
23,236,16
23,237,7
23,238,7
23,239,8
23,240,16
23,241,10
23,242,9
23,243,13
23,244,10
23,245,17
23,246,8
23,247,13
23,248,11
23,249,15
23,250,10
23,251,14
23,252,8
23,253,16
23,254,8
23,255,14
23,256,11
23,257,13
23,258,10
23,259,16
23,260,9
23,261,15
23,262,8
23,263,16
23,264,9
23,265,15
23,266,9
23,267,15
23,268,8
23,269,16
23,270,9
23,271,15
23,272,9
23,273,13
23,274,10
23,275,15
23,276,9
23,277,15
23,278,9
23,279,15
23,280,9
23,281,17
23,282,8
23,283,13
23,284,11
23,285,13
23,286,13
23,287,14
23,288,8
23,289,13
23,290,12
23,291,13
23,292,12
23,293,13
23,294,9
23,295,13
23,296,6
23,297,6
23,298,12
23,299,11
23,300,13
23,301,11
23,302,13
23,303,10
23,304,14
23,305,10
23,306,16
23,307,9
23,308,14
23,309,9
23,310,16
23,311,10
23,312,12
23,313,11
23,314,13
23,315,12
23,316,12
23,317,11
23,318,13
23,319,10
23,320,15
23,321,9
23,322,16
23,323,11
23,324,11
23,325,11
23,326,13
23,327,11
23,328,13
23,329,10
23,330,6
23,331,9
23,332,10
23,333,14
23,334,10
23,335,14
23,336,12
23,337,38
23,338,8
23,339,13
23,340,13
23,341,13
23,342,9
23,343,15
23,344,9
23,345,13
23,346,12
23,347,13
23,348,10
23,349,15
23,350,11
23,351,11
23,352,11
23,353,16
23,354,8
23,355,13
23,356,12
23,357,12
23,358,13
23,359,13
23,360,9
23,361,15
23,362,8
23,363,15
23,364,11
23,365,12
23,366,10
23,367,14
23,368,11
23,369,13
23,370,10
23,371,14
23,372,11
23,373,13
23,374,13
23,375,12
23,376,9
23,377,15
23,378,11
23,379,14
23,380,8
23,381,16
23,382,9
23,383,13
23,384,9
23,385,15
23,386,11
23,387,13
23,388,11
23,389,15
23,390,8
23,391,15
23,392,9
23,393,16
23,394,8
23,395,16
23,396,8
23,397,16
23,398,9
23,399,13
23,400,10
23,401,16
23,402,8
23,403,15
23,404,7
23,405,18
23,406,9
23,407,15
23,408,9
23,409,13
23,410,11
23,411,14
23,412,10
23,413,13
23,414,11
23,415,14
23,416,10
23,417,14
23,418,9
23,419,16
23,420,10
23,421,14
23,422,8
23,423,16
23,424,9
23,425,15
23,426,8
23,427,16
23,428,8
23,429,16
23,430,7
23,431,17
23,432,8
23,433,15
23,434,11
23,435,12
23,436,10
23,437,6
23,438,8
23,439,9
23,440,18
23,441,8
23,442,14
23,443,11
23,444,15
23,445,8
23,446,14
23,447,11
23,448,14
23,449,8
23,450,14
23,451,10
23,452,16
23,453,8
23,454,15
23,455,8
23,456,18
23,457,7
23,458,6
23,459,8
23,460,11
23,461,14
23,462,10
23,463,15
23,464,13
23,465,10
23,466,8
23,467,17
23,468,7
23,469,18
23,470,13
23,471,10
23,472,8
23,473,17
23,474,6
23,475,17
23,476,8
23,477,16
23,478,8
23,479,14
23,480,4
23,481,6
23,482,16
23,483,9
23,484,15
23,485,9
23,486,15
23,487,5
23,488,9
23,489,8
23,490,15
23,491,10
23,492,10
23,493,14
23,494,10
23,495,16
23,496,8
23,497,13
23,498,11
23,499,13
23,500,9
23,501,15
23,502,16
23,503,11
23,504,8
23,505,15
23,506,9
23,507,15
23,508,8
23,509,14
23,510,16
23,511,8
23,512,11
23,513,16
23,514,6
23,515,15
23,516,10
23,517,14
23,518,34
23,519,17
23,520,6
23,521,17
23,522,12
23,523,13
23,524,7
23,525,16
23,526,8
23,527,8
23,528,6
23,529,10
23,530,48
23,531,16
23,532,8
23,533,6
23,534,8
23,535,10
23,536,14
23,537,10
23,538,16
23,539,8
23,540,14
23,541,16
23,542,8
23,543,15
23,544,12
23,545,7
23,546,16
23,547,8
23,548,14
23,549,17
23,550,7
23,551,10
23,552,6
23,553,8
23,554,28
23,555,6
23,556,6
23,557,8
23,558,15
23,559,11
23,560,8
23,561,10
23,562,28
23,563,16
23,564,8
23,565,16
23,566,8
23,567,15
23,568,12
23,569,7
23,570,88
23,571,9
23,572,16
23,573,6
23,574,18
23,575,14
23,576,8
23,577,14
23,578,42
23,579,15
23,580,8
23,581,16
23,582,9
23,583,8
23,584,8
23,585,13
23,586,13
23,587,13
23,588,9
23,589,16
23,590,11
23,591,5
23,592,17
23,593,47
23,594,16
23,595,8
23,596,16
23,597,8
23,598,16
23,599,8
23,600,16
23,601,8
23,602,39
23,603,11
23,604,62
23,605,8
23,606,16
23,607,8
23,608,15
23,609,9
23,610,16
23,611,9
23,612,17
23,613,15
23,614,7
23,615,8
23,616,7
23,617,8
23,618,9
23,619,16
23,620,15
23,621,24
23,622,9
23,623,8
23,624,38
23,625,34
23,626,40
23,627,8
23,628,16
23,629,8
23,630,14
23,631,7
23,632,31
23,633,11
23,634,12
23,635,12
23,636,9
23,637,7
23,638,7
23,639,10
23,640,13
23,641,11
23,642,9
23,643,6
23,644,9
23,645,15
23,646,9
23,647,16
23,648,56
23,649,15
23,650,9
23,651,16
23,652,8
23,653,14
23,654,50
23,655,24
23,656,10
23,657,38
23,658,8
23,659,16
23,660,8
23,661,18
23,662,13
23,663,8
23,664,8
23,665,32
23,666,16
23,667,10
23,668,12
23,669,27
23,670,25
23,671,16
23,672,24
24,1,21
24,2,19
24,3,18
24,4,23
24,5,22
24,6,15
24,7,9
24,8,15
24,9,9
24,10,14
24,11,10
24,12,15
24,13,9
24,14,15
24,15,47
24,16,11
24,17,13
24,18,10
24,19,27
24,20,11
24,21,10
24,22,58
24,23,16
24,24,14
24,25,8
24,26,15
24,27,9
24,28,15
24,29,9
24,30,15
24,31,9
24,32,15
24,33,49
24,34,10
24,35,22
24,36,13
24,37,26
24,38,14
24,39,10
24,40,9
24,41,6
24,42,33
24,43,8
24,44,16
24,45,8
24,46,15
24,47,12
24,48,14
24,49,8
24,50,16
24,51,8
24,52,15
24,53,9
24,54,16
24,55,8
24,56,15
24,57,11
24,58,15
24,59,22
24,60,9
24,61,15
24,62,9
24,63,16
24,64,8
24,65,15
24,66,9
24,67,15
24,68,9
24,69,17
24,70,9
24,71,13
24,72,11
24,73,49
24,74,5
24,75,18
24,76,7
24,77,17
24,78,7
24,79,8
24,80,9
24,81,7
24,82,16
24,83,7
24,84,17
24,85,8
24,86,41
24,87,13
24,88,9
24,89,15
24,90,9
24,91,9
24,92,17
24,93,7
24,94,16
24,95,7
24,96,17
24,97,8
24,98,17
24,99,6
24,100,18
24,101,7
24,102,17
24,103,6
24,104,19
24,105,6
24,106,7
24,107,41
24,108,39
24,109,14
24,110,10
24,111,15
24,112,9
24,113,10
24,114,14
24,115,9
24,116,15
24,117,9
24,118,31
24,119,11
24,120,45
24,121,15
24,122,11
24,123,7
24,124,15
24,125,9
24,126,17
24,127,6
24,128,18
24,129,6
24,130,8
24,131,32
24,132,16
24,133,8
24,134,16
24,135,8
24,136,9
24,137,16
24,138,8
24,139,16
24,140,9
24,141,14
24,142,10
24,143,15
24,144,8
24,145,16
24,146,9
24,147,15
24,148,10
24,149,14
24,150,9
24,151,15
24,152,8
24,153,15
24,154,9
24,155,15
24,156,9
24,157,15
24,158,9
24,159,15
24,160,9
24,161,14
24,162,10
24,163,16
24,164,8
24,165,16
24,166,8
24,167,16
24,168,8
24,169,41
24,170,9
24,171,15
24,172,5
24,173,19
24,174,7
24,175,16
24,176,9
24,177,7
24,178,6
24,179,11
24,180,6
24,181,9
24,182,10
24,183,13
24,184,10
24,185,5
24,186,10
24,187,8
24,188,16
24,189,8
24,190,16
24,191,8
24,192,18
24,193,8
24,194,14
24,195,10
24,196,15
24,197,7
24,198,16
24,199,10
24,200,13
24,201,9
24,202,16
24,203,8
24,204,14
24,205,12
24,206,12
24,207,10
24,208,5
24,209,9
24,210,10
24,211,14
24,212,10
24,213,15
24,214,9
24,215,15
24,216,11
24,217,14
24,218,9
24,219,15
24,220,10
24,221,14
24,222,9
24,223,15
24,224,8
24,225,17
24,226,7
24,227,15
24,228,10
24,229,14
24,230,10
24,231,16
24,232,7
24,233,14
24,234,7
24,235,17
24,236,11
24,237,13
24,238,9
24,239,7
24,240,8
24,241,10
24,242,5
24,243,11
24,244,8
24,245,16
24,246,7
24,247,15
24,248,16
24,249,8
24,250,11
24,251,13
24,252,11
24,253,13
24,254,11
24,255,13
24,256,10
24,257,14
24,258,11
24,259,15
24,260,11
24,261,13
24,262,8
24,263,16
24,264,8
24,265,14
24,266,11
24,267,14
24,268,11
24,269,12
24,270,10
24,271,15
24,272,10
24,273,13
24,274,11
24,275,13
24,276,11
24,277,13
24,278,11
24,279,15
24,280,9
24,281,15
24,282,8
24,283,14
24,284,11
24,285,15
24,286,8
24,287,16
24,288,8
24,289,16
24,290,8
24,291,16
24,292,8
24,293,14
24,294,10
24,295,14
24,296,13
24,297,11
24,298,11
24,299,15
24,300,11
24,301,12
24,302,12
24,303,11
24,304,11
24,305,13
24,306,11
24,307,13
24,308,12
24,309,12
24,310,10
24,311,14
24,312,11
24,313,15
24,314,8
24,315,16
24,316,8
24,317,7
24,318,8
24,319,11
24,320,12
24,321,12
24,322,14
24,323,8
24,324,14
24,325,11
24,326,13
24,327,10
24,328,16
24,329,10
24,330,15
24,331,13
24,332,8
24,333,10
24,334,17
24,335,10
24,336,12
24,337,10
24,338,13
24,339,14
24,340,11
24,341,11
24,342,14
24,343,11
24,344,13
24,345,8
24,346,14
24,347,11
24,348,15
24,349,8
24,350,14
24,351,11
24,352,15
24,353,9
24,354,13
24,355,11
24,356,14
24,357,9
24,358,16
24,359,8
24,360,16
24,361,9
24,362,15
24,363,9
24,364,13
24,365,11
24,366,15
24,367,8
24,368,16
24,369,9
24,370,14
24,371,10
24,372,14
24,373,9
24,374,16
24,375,9
24,376,15
24,377,8
24,378,16
24,379,8
24,380,17
24,381,8
24,382,15
24,383,9
24,384,14
24,385,9
24,386,14
24,387,11
24,388,15
24,389,7
24,390,17
24,391,9
24,392,15
24,393,9
24,394,13
24,395,10
24,396,15
24,397,10
24,398,15
24,399,8
24,400,16
24,401,8
24,402,15
24,403,11
24,404,13
24,405,9
24,406,14
24,407,11
24,408,15
24,409,9
24,410,14
24,411,9
24,412,15
24,413,11
24,414,14
24,415,8
24,416,14
24,417,10
24,418,15
24,419,10
24,420,14
24,421,9
24,422,14
24,423,10
24,424,15
24,425,11
24,426,15
24,427,5
24,428,18
24,429,8
24,430,16
24,431,10
24,432,13
24,433,9
24,434,15
24,435,9
24,436,16
24,437,8
24,438,17
24,439,6
24,440,16
24,441,9
24,442,15
24,443,7
24,444,18
24,445,8
24,446,15
24,447,9
24,448,16
24,449,8
24,450,16
24,451,8
24,452,16
24,453,9
24,454,14
24,455,10
24,456,16
24,457,8
24,458,15
24,459,7
24,460,18
24,461,12
24,462,10
24,463,9
24,464,16
24,465,9
24,466,16
24,467,7
24,468,15
24,469,9
24,470,15
24,471,9
24,472,16
24,473,8
24,474,16
24,475,9
24,476,15
24,477,8
24,478,6
24,479,10
24,480,9
24,481,13
24,482,11
24,483,14
24,484,8
24,485,18
24,486,12
24,487,11
24,488,9
24,489,10
24,490,5
24,491,10
24,492,14
24,493,8
24,494,14
24,495,8
24,496,19
24,497,6
24,498,7
24,499,13
24,500,11
24,501,10
24,502,7
24,503,15
24,504,10
24,505,16
24,506,9
24,507,15
24,508,9
24,509,15
24,510,7
24,511,15
24,512,10
24,513,15
24,514,8
24,515,18
24,516,7
24,517,16
24,518,8
24,519,16
24,520,9
24,521,15
24,522,8
24,523,79
24,524,9
24,525,8
24,526,14
24,527,16
24,528,10
24,529,8
24,530,16
24,531,8
24,532,16
24,533,8
24,534,18
24,535,6
24,536,17
24,537,7
24,538,16
24,539,7
24,540,15
24,541,16
24,542,8
24,543,16
24,544,8
24,545,14
24,546,14
24,547,6
24,548,19
24,549,11
24,550,10
24,551,8
24,552,15
24,553,8
24,554,15
24,555,16
24,556,8
24,557,16
24,558,13
24,559,45
24,560,12
24,561,12
24,562,12
24,563,8
24,564,19
24,565,12
24,566,9
24,567,11
24,568,17
24,569,6
24,570,27
24,571,14
24,572,12
24,573,11
24,574,35
24,575,12
24,576,11
24,577,4
24,578,9
24,579,12
24,580,7
24,581,18
24,582,5
24,583,7
24,584,9
24,585,7
24,586,9
24,587,8
24,588,14
24,589,12
24,590,12
24,591,12
24,592,11
24,593,11
24,594,19
24,595,7
24,596,7
24,597,9
24,598,6
24,599,15
24,600,11
24,601,14
24,602,13
24,603,11
24,604,16
24,605,6
24,606,12
24,607,36
24,608,34
24,609,15
24,610,9
24,611,15
24,612,9
24,613,14
24,614,13
24,615,11
24,616,34
24,617,16
24,618,8
24,619,14
24,620,10
24,621,16
24,622,47
24,623,27
24,624,6
24,625,16
24,626,8
24,627,16
24,628,8
24,629,16
24,630,8
24,631,38
24,632,10
24,633,16
24,634,7
24,635,17
24,636,10
24,637,7
24,638,15
24,639,13
24,640,11
24,641,15
24,642,9
24,643,16
24,644,8
24,645,16
24,646,8
24,647,14
24,648,60
24,649,17
24,650,7
24,651,9
24,652,16
24,653,11
24,654,24
24,655,10
24,656,9
24,657,11
24,658,37
24,659,15
24,660,39
24,661,12
24,662,35
24,663,12
24,664,12
24,665,21
24,666,3
24,667,29
24,668,8
24,669,33
24,670,24
24,671,7
24,672,22
26,1,11
26,2,28
26,3,13
26,4,27
26,5,16
26,6,8
26,7,15
26,8,9
26,9,14
26,10,10
26,11,15
26,12,9
26,13,16
26,14,11
26,15,8
26,16,37
26,17,15
26,18,17
26,19,7
26,20,9
26,21,14
26,22,10
26,23,10
26,24,34
26,25,6
26,26,14
26,27,10
26,28,12
26,29,10
26,30,14
26,31,10
26,32,32
26,33,16
26,34,15
26,35,9
26,36,14
26,37,9
26,38,9
26,39,18
26,40,14
26,41,8
26,42,15
26,43,9
26,44,14
26,45,10
26,46,14
26,47,10
26,48,15
26,49,9
26,50,16
26,51,10
26,52,14
26,53,12
26,54,6
26,55,14
26,56,8
26,57,8
26,58,8
26,59,15
26,60,9
26,61,16
26,62,10
26,63,13
26,64,81
26,65,14
26,66,10
26,67,16
26,68,8
26,69,14
26,70,10
26,71,16
26,72,8
26,73,14
26,74,6
26,75,20
26,76,32
26,77,38
26,78,12
26,79,7
26,80,15
26,81,9
26,82,15
26,83,15
26,84,61
26,85,11
26,86,9
26,87,35
26,88,4
26,89,9
26,90,10
26,91,5
26,92,24
26,93,10
26,94,10
26,95,21
26,96,16
26,97,15
26,98,11
26,99,12
26,100,14
26,101,10
26,102,11
26,103,7
26,104,7
26,105,11
26,106,6
26,107,19
26,108,6
26,109,31
26,110,9
26,111,13
26,112,12
26,113,13
26,114,11
26,115,6
26,116,7
26,117,9
26,118,12
26,119,12
26,120,12
26,121,38
26,122,7
26,123,17
26,124,7
26,125,17
26,126,7
26,127,15
26,128,9
26,129,18
26,130,5
26,131,18
26,132,6
26,133,17
26,134,8
26,135,16
26,136,7
26,137,16
26,138,9
26,139,6
26,140,9
26,141,10
26,142,16
26,143,6
26,144,16
26,145,10
26,146,5
26,147,11
26,148,8
26,149,10
26,150,7
26,151,6
26,152,10
26,153,3
26,154,12
26,155,13
26,156,6
26,157,18
26,158,12
26,159,13
26,160,9
26,161,14
26,162,11
26,163,14
26,164,14
26,165,36
26,166,8
26,167,14
26,168,9
26,169,18
26,170,6
26,171,16
26,172,9
26,173,15
26,174,8
26,175,16
26,176,8
26,177,15
26,178,11
26,179,14
26,180,9
26,181,16
26,182,8
26,183,4
26,184,9
26,185,11
26,186,16
26,187,7
26,188,15
26,189,10
26,190,15
26,191,8
26,192,16
26,193,8
26,194,17
26,195,7
26,196,16
26,197,9
26,198,15
26,199,8
26,200,14
26,201,10
26,202,16
26,203,8
26,204,16
26,205,8
26,206,16
26,207,7
26,208,16
26,209,9
26,210,14
26,211,10
26,212,14
26,213,10
26,214,14
26,215,10
26,216,16
26,217,8
26,218,16
26,219,9
26,220,14
26,221,11
26,222,13
26,223,9
26,224,17
26,225,7
26,226,16
26,227,8
26,228,5
26,229,13
26,230,8
26,231,28
26,232,8
26,233,10
26,234,16
26,235,9
26,236,16
26,237,8
26,238,16
26,239,8
26,240,15
26,241,8
26,242,16
26,243,10
26,244,6
26,245,6
26,246,11
26,247,13
26,248,11
26,249,15
26,250,6
26,251,18
26,252,10
26,253,12
26,254,11
26,255,13
26,256,11
26,257,13
26,258,12
26,259,14
26,260,8
26,261,14
26,262,10
26,263,15
26,264,11
26,265,12
26,266,12
26,267,14
26,268,8
26,269,14
26,270,11
26,271,13
26,272,11
26,273,13
26,274,9
26,275,17
26,276,10
26,277,13
26,278,11
26,279,14
26,280,8
26,281,7
26,282,10
26,283,8
26,284,13
26,285,6
26,286,18
26,287,10
26,288,6
26,289,9
26,290,10
26,291,13
26,292,10
26,293,16
26,294,9
26,295,15
26,296,11
26,297,11
26,298,11
26,299,15
26,300,9
26,301,13
26,302,11
26,303,15
26,304,9
26,305,13
26,306,12
26,307,13
26,308,9
26,309,16
26,310,8
26,311,16
26,312,9
26,313,15
26,314,8
26,315,14
26,316,12
26,317,14
26,318,9
26,319,13
26,320,11
26,321,15
26,322,9
26,323,29
26,324,8
26,325,11
26,326,15
26,327,9
26,328,15
26,329,8
26,330,14
26,331,9
26,332,15
26,333,14
26,334,11
26,335,11
26,336,13
26,337,9
26,338,14
26,339,11
26,340,14
26,341,10
26,342,13
26,343,10
26,344,15
26,345,8
26,346,15
26,347,10
26,348,15
26,349,9
26,350,15
26,351,12
26,352,11
26,353,12
26,354,12
26,355,11
26,356,16
26,357,8
26,358,15
26,359,8
26,360,14
26,361,11
26,362,14
26,363,9
26,364,15
26,365,10
26,366,13
26,367,11
26,368,16
26,369,8
26,370,13
26,371,11
26,372,15
26,373,9
26,374,15
26,375,9
26,376,16
26,377,8
26,378,14
26,379,9
26,380,17
26,381,8
26,382,17
26,383,8
26,384,12
26,385,11
26,386,14
26,387,9
26,388,14
26,389,11
26,390,14
26,391,8
26,392,11
26,393,6
26,394,9
26,395,16
26,396,9
26,397,14
26,398,9
26,399,13
26,400,10
26,401,15
26,402,10
26,403,15
26,404,9
26,405,15
26,406,8
26,407,16
26,408,9
26,409,14
26,410,11
26,411,13
26,412,9
26,413,17
26,414,7
26,415,7
26,416,9
26,417,7
26,418,18
26,419,8
26,420,14
26,421,9
26,422,16
26,423,8
26,424,16
26,425,9
26,426,13
26,427,11
26,428,15
26,429,8
26,430,16
26,431,8
26,432,16
26,433,8
26,434,40
26,435,8
26,436,15
26,437,9
26,438,15
26,439,9
26,440,14
26,441,16
26,442,8
26,443,15
26,444,9
26,445,10
26,446,16
26,447,9
26,448,15
26,449,9
26,450,15
26,451,9
26,452,7
26,453,8
26,454,13
26,455,9
26,456,9
26,457,15
26,458,9
26,459,17
26,460,9
26,461,15
26,462,7
26,463,17
26,464,8
26,465,16
26,466,8
26,467,16
26,468,8
26,469,15
26,470,9
26,471,15
26,472,9
26,473,16
26,474,8
26,475,15
26,476,10
26,477,15
26,478,9
26,479,15
26,480,9
26,481,15
26,482,9
26,483,16
26,484,8
26,485,17
26,486,6
26,487,16
26,488,8
26,489,16
26,490,8
26,491,17
26,492,8
26,493,15
26,494,7
26,495,17
26,496,13
26,497,11
26,498,12
26,499,11
26,500,8
26,501,17
26,502,7
26,503,17
26,504,7
26,505,17
26,506,8
26,507,17
26,508,7
26,509,41
26,510,8
26,511,15
26,512,14
26,513,10
26,514,8
26,515,15
26,516,8
26,517,17
26,518,9
26,519,15
26,520,8
26,521,16
26,522,9
26,523,15
26,524,8
26,525,16
26,526,9
26,527,15
26,528,8
26,529,18
26,530,5
26,531,19
26,532,5
26,533,19
26,534,6
26,535,5
26,536,9
26,537,16
26,538,8
26,539,24
26,540,15
26,541,11
26,542,8
26,543,17
26,544,7
26,545,38
26,546,16
26,547,10
26,548,8
26,549,18
26,550,6
26,551,14
26,552,10
26,553,14
26,554,10
26,555,53
26,556,9
26,557,16
26,558,8
26,559,15
26,560,9
26,561,16
26,562,8
26,563,15
26,564,12
26,565,6
26,566,4
26,567,16
26,568,43
26,569,15
26,570,49
26,571,24
26,572,16
26,573,32
26,574,12
26,575,23
26,576,7
26,577,15
26,578,15
26,579,9
26,580,38
26,581,10
26,582,16
26,583,9
26,584,13
26,585,11
26,586,14
26,587,10
26,588,14
26,589,9
26,590,14
26,591,10
26,592,14
26,593,29
26,594,8
26,595,12
26,596,36
26,597,8
26,598,22
26,599,15
26,600,15
26,601,14
26,602,10
26,603,11
26,604,22
26,605,38
26,606,13
26,607,11
26,608,10
26,609,14
26,610,16
26,611,8
26,612,10
26,613,14
26,614,10
26,615,16
26,616,8
26,617,15
26,618,11
26,619,27
26,620,35
26,621,6
26,622,15
26,623,11
26,624,5
26,625,10
26,626,9
26,627,7
26,628,23
26,629,9
26,630,16
26,631,31
26,632,10
26,633,7
26,634,8
26,635,9
26,636,14
26,637,25
26,638,9
26,639,15
26,640,9
26,641,42
26,642,10
26,643,14
26,644,6
26,645,15
26,646,9
26,647,14
26,648,17
26,649,32
26,650,47
26,651,24
26,652,10
26,653,15
26,654,12
26,655,9
26,656,7
26,657,32
26,658,9
26,659,13
26,660,15
26,661,10
26,662,5
26,663,8
26,664,31
26,665,16
26,666,7
26,667,25
26,668,9
26,669,7
26,670,20
26,671,17
26,672,14
27,1,11
27,2,6
27,3,14
27,4,15
27,5,11
27,6,11
27,7,11
27,8,14
27,9,11
27,10,15
27,11,10
27,12,13
27,13,9
27,14,14
27,15,10
27,16,15
27,17,9
27,18,14
27,19,10
27,20,16
27,21,8
27,22,14
27,23,36
27,24,12
27,25,10
27,26,14
27,27,10
27,28,14
27,29,10
27,30,14
27,31,10
27,32,14
27,33,10
27,34,16
27,35,47
27,36,9
27,37,15
27,38,9
27,39,15
27,40,9
27,41,10
27,42,28
27,43,10
27,44,14
27,45,10
27,46,13
27,47,13
27,48,10
27,49,18
27,50,10
27,51,8
27,52,16
27,53,8
27,54,18
27,55,6
27,56,13
27,57,4
27,58,7
27,59,16
27,60,9
27,61,13
27,62,12
27,63,30
27,64,8
27,65,8
27,66,15
27,67,9
27,68,14
27,69,10
27,70,15
27,71,9
27,72,15
27,73,11
27,74,7
27,75,17
27,76,7
27,77,15
27,78,14
27,79,10
27,80,15
27,81,9
27,82,50
27,83,7
27,84,6
27,85,10
27,86,14
27,87,11
27,88,23
27,89,8
27,90,18
27,91,61
27,92,9
27,93,7
27,94,17
27,95,8
27,96,16
27,97,8
27,98,15
27,99,9
27,100,40
27,101,7
27,102,18
27,103,7
27,104,17
27,105,7
27,106,10
27,107,45
27,108,8
27,109,11
27,110,14
27,111,8
27,112,15
27,113,9
27,114,15
27,115,16
27,116,8
27,117,9
27,118,17
27,119,6
27,120,15
27,121,9
27,122,6
27,123,12
27,124,7
27,125,17
27,126,7
27,127,31
27,128,8
27,129,8
27,130,18
27,131,7
27,132,6
27,133,10
27,134,7
27,135,17
27,136,9
27,137,16
27,138,8
27,139,29
27,140,9
27,141,10
27,142,14
27,143,8
27,144,18
27,145,7
27,146,17
27,147,7
27,148,17
27,149,7
27,150,15
27,151,16
27,152,8
27,153,11
27,154,13
27,155,16
27,156,8
27,157,9
27,158,17
27,159,8
27,160,16
27,161,6
27,162,18
27,163,6
27,164,17
27,165,9
27,166,16
27,167,12
27,168,12
27,169,6
27,170,17
27,171,8
27,172,40
27,173,9
27,174,14
27,175,9
27,176,14
27,177,11
27,178,13
27,179,9
27,180,17
27,181,8
27,182,16
27,183,7
27,184,17
27,185,9
27,186,16
27,187,7
27,188,16
27,189,8
27,190,16
27,191,9
27,192,15
27,193,14
27,194,10
27,195,9
27,196,15
27,197,9
27,198,15
27,199,8
27,200,16
27,201,8
27,202,16
27,203,8
27,204,16
27,205,8
27,206,16
27,207,8
27,208,15
27,209,9
27,210,16
27,211,8
27,212,15
27,213,10
27,214,15
27,215,9
27,216,14
27,217,9
27,218,17
27,219,6
27,220,15
27,221,11
27,222,14
27,223,9
27,224,14
27,225,13
27,226,11
27,227,12
27,228,14
27,229,8
27,230,16
27,231,9
27,232,14
27,233,11
27,234,12
27,235,11
27,236,13
27,237,12
27,238,12
27,239,11
27,240,15
27,241,8
27,242,16
27,243,9
27,244,15
27,245,9
27,246,15
27,247,8
27,248,16
27,249,8
27,250,16
27,251,9
27,252,13
27,253,10
27,254,16
27,255,8
27,256,15
27,257,9
27,258,16
27,259,9
27,260,13
27,261,9
27,262,15
27,263,11
27,264,13
27,265,11
27,266,13
27,267,11
27,268,15
27,269,9
27,270,15
27,271,9
27,272,15
27,273,9
27,274,15
27,275,9
27,276,15
27,277,9
27,278,15
27,279,8
27,280,14
27,281,11
27,282,15
27,283,9
27,284,13
27,285,11
27,286,14
27,287,10
27,288,15
27,289,8
27,290,16
27,291,8
27,292,16
27,293,8
27,294,14
27,295,11
27,296,13
27,297,11
27,298,14
27,299,9
27,300,16
27,301,9
27,302,15
27,303,7
27,304,63
27,305,12
27,306,12
27,307,11
27,308,14
27,309,8
27,310,17
27,311,8
27,312,14
27,313,11
27,314,13
27,315,16
27,316,8
27,317,12
27,318,12
27,319,7
27,320,20
27,321,9
27,322,13
27,323,10
27,324,14
27,325,9
27,326,14
27,327,10
27,328,15
27,329,10
27,330,13
27,331,12
27,332,12
27,333,10
27,334,14
27,335,11
27,336,14
27,337,8
27,338,19
27,339,7
27,340,13
27,341,11
27,342,14
27,343,10
27,344,13
27,345,12
27,346,12
27,347,10
27,348,14
27,349,11
27,350,15
27,351,9
27,352,13
27,353,11
27,354,14
27,355,9
27,356,16
27,357,9
27,358,20
27,359,12
27,360,5
27,361,13
27,362,13
27,363,9
27,364,14
27,365,10
27,366,14
27,367,9
27,368,15
27,369,9
27,370,14
27,371,11
27,372,13
27,373,11
27,374,13
27,375,11
27,376,15
27,377,9
27,378,15
27,379,9
27,380,14
27,381,11
27,382,12
27,383,11
27,384,13
27,385,10
27,386,16
27,387,9
27,388,13
27,389,10
27,390,14
27,391,10
27,392,15
27,393,9
27,394,14
27,395,11
27,396,13
27,397,11
27,398,15
27,399,8
27,400,16
27,401,8
27,402,14
27,403,10
27,404,14
27,405,12
27,406,13
27,407,12
27,408,13
27,409,8
27,410,16
27,411,9
27,412,13
27,413,10
27,414,15
27,415,7
27,416,5
27,417,13
27,418,8
27,419,16
27,420,10
27,421,14
27,422,8
27,423,16
27,424,7
27,425,7
27,426,8
27,427,11
27,428,15
27,429,9
27,430,14
27,431,9
27,432,14
27,433,10
27,434,16
27,435,9
27,436,15
27,437,8
27,438,16
27,439,8
27,440,17
27,441,8
27,442,13
27,443,13
27,444,13
27,445,9
27,446,15
27,447,8
27,448,17
27,449,8
27,450,15
27,451,8
27,452,15
27,453,8
27,454,17
27,455,8
27,456,16
27,457,8
27,458,16
27,459,8
27,460,16
27,461,8
27,462,15
27,463,9
27,464,16
27,465,9
27,466,16
27,467,7
27,468,14
27,469,8
27,470,18
27,471,13
27,472,9
27,473,10
27,474,16
27,475,9
27,476,15
27,477,8
27,478,15
27,479,8
27,480,16
27,481,10
27,482,16
27,483,8
27,484,16
27,485,6
27,486,9
27,487,6
27,488,10
27,489,16
27,490,8
27,491,16
27,492,8
27,493,16
27,494,7
27,495,16
27,496,10
27,497,15
27,498,9
27,499,16
27,500,7
27,501,17
27,502,8
27,503,13
27,504,10
27,505,16
27,506,8
27,507,15
27,508,9
27,509,18
27,510,5
27,511,17
27,512,8
27,513,14
27,514,10
27,515,14
27,516,16
27,517,11
27,518,7
27,519,5
27,520,9
27,521,17
27,522,8
27,523,24
27,524,7
27,525,18
27,526,7
27,527,6
27,528,12
27,529,7
27,530,29
27,531,13
27,532,6
27,533,16
27,534,9
27,535,15
27,536,8
27,537,16
27,538,7
27,539,17
27,540,8
27,541,16
27,542,8
27,543,16
27,544,8
27,545,16
27,546,8
27,547,17
27,548,7
27,549,16
27,550,8
27,551,16
27,552,7
27,553,17
27,554,14
27,555,8
27,556,16
27,557,8
27,558,11
27,559,13
27,560,15
27,561,9
27,562,16
27,563,12
27,564,5
27,565,17
27,566,7
27,567,15
27,568,16
27,569,36
27,570,5
27,571,15
27,572,15
27,573,9
27,574,15
27,575,12
27,576,7
27,577,16
27,578,23
27,579,15
27,580,8
27,581,15
27,582,74
27,583,10
27,584,15
27,585,8
27,586,8
27,587,15
27,588,16
27,589,8
27,590,16
27,591,10
27,592,13
27,593,9
27,594,15
27,595,12
27,596,12
27,597,10
27,598,47
27,599,16
27,600,8
27,601,8
27,602,8
27,603,8
27,604,14
27,605,10
27,606,16
27,607,8
27,608,14
27,609,12
27,610,13
27,611,33
27,612,15
27,613,9
27,614,16
27,615,8
27,616,15
27,617,9
27,618,9
27,619,7
27,620,8
27,621,7
27,622,25
27,623,5
27,624,20
27,625,15
27,626,16
27,627,10
27,628,14
27,629,8
27,630,15
27,631,9
27,632,40
27,633,35
27,634,21
27,635,14
27,636,10
27,637,16
27,638,8
27,639,16
27,640,8
27,641,14
27,642,10
27,643,14
27,644,18
27,645,6
27,646,12
27,647,13
27,648,9
27,649,16
27,650,8
27,651,14
27,652,10
27,653,33
27,654,41
27,655,14
27,656,10
27,657,22
27,658,15
27,659,9
27,660,16
27,661,8
27,662,14
27,663,47
27,664,14
27,665,11
27,666,12
27,667,48
27,668,11
27,669,71
27,670,14
27,671,48
27,672,39
29,1,28
29,2,6
29,3,11
29,4,26
29,5,4
29,6,8
29,7,13
29,8,7
29,9,15
29,10,9
29,11,14
29,12,13
29,13,11
29,14,10
29,15,16
29,16,34
29,17,46
29,18,15
29,19,9
29,20,15
29,21,9
29,22,14
29,23,10
29,24,15
29,25,43
29,26,14
29,27,14
29,28,10
29,29,16
29,30,8
29,31,29
29,32,11
29,33,8
29,34,15
29,35,10
29,36,18
29,37,15
29,38,14
29,39,16
29,40,8
29,41,14
29,42,10
29,43,15
29,44,9
29,45,15
29,46,9
29,47,14
29,48,13
29,49,12
29,50,33
29,51,15
29,52,9
29,53,7
29,54,33
29,55,10
29,56,13
29,57,9
29,58,16
29,59,10
29,60,13
29,61,11
29,62,6
29,63,16
29,64,15
29,65,9
29,66,16
29,67,10
29,68,13
29,69,9
29,70,15
29,71,9
29,72,14
29,73,12
29,74,11
29,75,10
29,76,15
29,77,10
29,78,15
29,79,10
29,80,14
29,81,9
29,82,64
29,83,11
29,84,5
29,85,6
29,86,12
29,87,7
29,88,15
29,89,8
29,90,19
29,91,6
29,92,17
29,93,7
29,94,17
29,95,7
29,96,15
29,97,15
29,98,25
29,99,9
29,100,23
29,101,16
29,102,8
29,103,16
29,104,8
29,105,16
29,106,8
29,107,39
29,108,10
29,109,32
29,110,17
29,111,7
29,112,7
29,113,8
29,114,7
29,115,8
29,116,9
29,117,15
29,118,9
29,119,9
29,120,42
29,121,6
29,122,7
29,123,9
29,124,7
29,125,16
29,126,16
29,127,8
29,128,16
29,129,8
29,130,9
29,131,15
29,132,10
29,133,14
29,134,10
29,135,16
29,136,7
29,137,16
29,138,7
29,139,18
29,140,6
29,141,6
29,142,10
29,143,8
29,144,7
29,145,9
29,146,7
29,147,19
29,148,7
29,149,17
29,150,7
29,151,5
29,152,26
29,153,34
29,154,6
29,155,15
29,156,10
29,157,14
29,158,11
29,159,15
29,160,8
29,161,5
29,162,10
29,163,15
29,164,18
29,165,17
29,166,8
29,167,15
29,168,8
29,169,6
29,170,8
29,171,18
29,172,6
29,173,17
29,174,10
29,175,6
29,176,18
29,177,6
29,178,63
29,179,15
29,180,35
29,181,8
29,182,16
29,183,8
29,184,16
29,185,8
29,186,7
29,187,23
29,188,10
29,189,10
29,190,12
29,191,10
29,192,16
29,193,8
29,194,17
29,195,7
29,196,18
29,197,6
29,198,16
29,199,8
29,200,16
29,201,8
29,202,15
29,203,7
29,204,16
29,205,12
29,206,38
29,207,8
29,208,14
29,209,9
29,210,17
29,211,8
29,212,16
29,213,6
29,214,18
29,215,9
29,216,16
29,217,9
29,218,12
29,219,12
29,220,14
29,221,9
29,222,15
29,223,10
29,224,14
29,225,9
29,226,15
29,227,7
29,228,17
29,229,9
29,230,13
29,231,11
29,232,6
29,233,9
29,234,9
29,235,4
29,236,9
29,237,9
29,238,18
29,239,8
29,240,13
29,241,11
29,242,13
29,243,11
29,244,15
29,245,9
29,246,15
29,247,8
29,248,16
29,249,7
29,250,18
29,251,7
29,252,14
29,253,11
29,254,13
29,255,10
29,256,16
29,257,8
29,258,16
29,259,9
29,260,15
29,261,8
29,262,16
29,263,9
29,264,16
29,265,8
29,266,13
29,267,11
29,268,13
29,269,12
29,270,14
29,271,8
29,272,16
29,273,8
29,274,15
29,275,10
29,276,13
29,277,9
29,278,15
29,279,11
29,280,15
29,281,9
29,282,13
29,283,13
29,284,13
29,285,8
29,286,16
29,287,8
29,288,14
29,289,11
29,290,13
29,291,10
29,292,14
29,293,11
29,294,13
29,295,11
29,296,13
29,297,11
29,298,14
29,299,10
29,300,14
29,301,11
29,302,12
29,303,9
29,304,3
29,305,13
29,306,10
29,307,16
29,308,7
29,309,14
29,310,11
29,311,13
29,312,11
29,313,6
29,314,8
29,315,11
29,316,14
29,317,7
29,318,9
29,319,8
29,320,9
29,321,13
29,322,11
29,323,13
29,324,11
29,325,15
29,326,9
29,327,13
29,328,11
29,329,14
29,330,10
29,331,14
29,332,11
29,333,12
29,334,12
29,335,12
29,336,12
29,337,14
29,338,10
29,339,13
29,340,9
29,341,16
29,342,9
29,343,14
29,344,11
29,345,13
29,346,9
29,347,16
29,348,9
29,349,13
29,350,10
29,351,16
29,352,9
29,353,13
29,354,11
29,355,15
29,356,8
29,357,16
29,358,9
29,359,15
29,360,8
29,361,14
29,362,11
29,363,13
29,364,11
29,365,13
29,366,11
29,367,13
29,368,11
29,369,13
29,370,10
29,371,15
29,372,10
29,373,14
29,374,10
29,375,13
29,376,11
29,377,13
29,378,11
29,379,15
29,380,8
29,381,16
29,382,9
29,383,13
29,384,10
29,385,15
29,386,9
29,387,15
29,388,9
29,389,16
29,390,8
29,391,16
29,392,9
29,393,14
29,394,7
29,395,8
29,396,9
29,397,10
29,398,15
29,399,7
29,400,17
29,401,9
29,402,14
29,403,7
29,404,16
29,405,10
29,406,16
29,407,9
29,408,16
29,409,8
29,410,15
29,411,8
29,412,16
29,413,9
29,414,15
29,415,8
29,416,16
29,417,8
29,418,14
29,419,12
29,420,12
29,421,12
29,422,12
29,423,12
29,424,12
29,425,10
29,426,16
29,427,8
29,428,15
29,429,11
29,430,14
29,431,9
29,432,13
29,433,12
29,434,15
29,435,5
29,436,17
29,437,9
29,438,15
29,439,9
29,440,16
29,441,8
29,442,15
29,443,10
29,444,15
29,445,10
29,446,16
29,447,7
29,448,14
29,449,8
29,450,17
29,451,8
29,452,13
29,453,4
29,454,7
29,455,16
29,456,9
29,457,15
29,458,7
29,459,17
29,460,8
29,461,16
29,462,8
29,463,16
29,464,8
29,465,16
29,466,8
29,467,15
29,468,9
29,469,16
29,470,8
29,471,15
29,472,10
29,473,14
29,474,9
29,475,15
29,476,10
29,477,15
29,478,9
29,479,13
29,480,15
29,481,10
29,482,9
29,483,29
29,484,10
29,485,10
29,486,16
29,487,7
29,488,16
29,489,7
29,490,17
29,491,9
29,492,14
29,493,14
29,494,11
29,495,7
29,496,18
29,497,7
29,498,8
29,499,7
29,500,9
29,501,16
29,502,12
29,503,10
29,504,7
29,505,10
29,506,10
29,507,8
29,508,13
29,509,10
29,510,17
29,511,8
29,512,15
29,513,8
29,514,17
29,515,6
29,516,16
29,517,9
29,518,16
29,519,9
29,520,16
29,521,7
29,522,14
29,523,15
29,524,12
29,525,7
29,526,17
29,527,7
29,528,6
29,529,12
29,530,7
29,531,7
29,532,9
29,533,25
29,534,11
29,535,9
29,536,16
29,537,8
29,538,16
29,539,8
29,540,5
29,541,11
29,542,8
29,543,15
29,544,12
29,545,6
29,546,18
29,547,7
29,548,14
29,549,12
29,550,10
29,551,19
29,552,7
29,553,17
29,554,7
29,555,40
29,556,12
29,557,12
29,558,32
29,559,16
29,560,35
29,561,7
29,562,14
29,563,15
29,564,13
29,565,5
29,566,7
29,567,24
29,568,10
29,569,22
29,570,15
29,571,9
29,572,16
29,573,8
29,574,16
29,575,12
29,576,6
29,577,14
29,578,10
29,579,89
29,580,12
29,581,10
29,582,15
29,583,9
29,584,14
29,585,10
29,586,14
29,587,12
29,588,7
29,589,29
29,590,10
29,591,14
29,592,17
29,593,8
29,594,9
29,595,15
29,596,9
29,597,15
29,598,9
29,599,15
29,600,12
29,601,12
29,602,25
29,603,8
29,604,14
29,605,10
29,606,15
29,607,12
29,608,5
29,609,19
29,610,5
29,611,31
29,612,23
29,613,22
29,614,12
29,615,15
29,616,9
29,617,15
29,618,9
29,619,14
29,620,10
29,621,15
29,622,9
29,623,16
29,624,9
29,625,11
29,626,12
29,627,16
29,628,8
29,629,15
29,630,9
29,631,14
29,632,10
29,633,13
29,634,11
29,635,14
29,636,10
29,637,14
29,638,31
29,639,27
29,640,20
29,641,31
29,642,12
29,643,9
29,644,15
29,645,9
29,646,14
29,647,26
29,648,10
29,649,13
29,650,9
29,651,15
29,652,9
29,653,16
29,654,8
29,655,16
29,656,8
29,657,32
29,658,7
29,659,16
29,660,8
29,661,33
29,662,15
29,663,9
29,664,16
29,665,8
29,666,16
29,667,46
29,668,76
29,669,26
29,670,11
29,671,43
29,672,15
30,1,11
30,2,23
30,3,48
30,4,60
30,5,10
30,6,13
30,7,10
30,8,15
30,9,9
30,10,14
30,11,48
30,12,11
30,13,14
30,14,9
30,15,16
30,16,8
30,17,14
30,18,10
30,19,14
30,20,10
30,21,16
30,22,10
30,23,6
30,24,6
30,25,15
30,26,19
30,27,16
30,28,8
30,29,15
30,30,9
30,31,8
30,32,8
30,33,8
30,34,15
30,35,9
30,36,15
30,37,27
30,38,9
30,39,37
30,40,8
30,41,12
30,42,12
30,43,15
30,44,9
30,45,14
30,46,10
30,47,15
30,48,11
30,49,6
30,50,40
30,51,15
30,52,9
30,53,16
30,54,11
30,55,5
30,56,6
30,57,10
30,58,8
30,59,8
30,60,8
30,61,15
30,62,11
30,63,21
30,64,33
30,65,5
30,66,5
30,67,10
30,68,10
30,69,10
30,70,16
30,71,8
30,72,15
30,73,9
30,74,15
30,75,12
30,76,5
30,77,18
30,78,7
30,79,17
30,80,13
30,81,49
30,82,8
30,83,13
30,84,27
30,85,9
30,86,8
30,87,17
30,88,7
30,89,15
30,90,16
30,91,11
30,92,6
30,93,17
30,94,7
30,95,15
30,96,8
30,97,16
30,98,9
30,99,48
30,100,19
30,101,2
30,102,18
30,103,7
30,104,7
30,105,10
30,106,15
30,107,11
30,108,7
30,109,7
30,110,33
30,111,14
30,112,16
30,113,17
30,114,13
30,115,14
30,116,21
30,117,9
30,118,6
30,119,25
30,120,8
30,121,9
30,122,18
30,123,6
30,124,12
30,125,12
30,126,5
30,127,10
30,128,16
30,129,8
30,130,15
30,131,9
30,132,16
30,133,8
30,134,16
30,135,8
30,136,9
30,137,16
30,138,12
30,139,13
30,140,7
30,141,15
30,142,8
30,143,16
30,144,8
30,145,6
30,146,10
30,147,10
30,148,16
30,149,7
30,150,15
30,151,10
30,152,16
30,153,8
30,154,16
30,155,7
30,156,16
30,157,8
30,158,16
30,159,8
30,160,16
30,161,7
30,162,31
30,163,24
30,164,13
30,165,6
30,166,16
30,167,6
30,168,17
30,169,8
30,170,17
30,171,7
30,172,16
30,173,8
30,174,16
30,175,8
30,176,16
30,177,8
30,178,15
30,179,9
30,180,15
30,181,10
30,182,15
30,183,8
30,184,16
30,185,8
30,186,16
30,187,8
30,188,7
30,189,7
30,190,26
30,191,8
30,192,16
30,193,8
30,194,16
30,195,8
30,196,16
30,197,8
30,198,17
30,199,7
30,200,17
30,201,7
30,202,17
30,203,7
30,204,18
30,205,5
30,206,7
30,207,9
30,208,9
30,209,17
30,210,8
30,211,13
30,212,12
30,213,7
30,214,7
30,215,8
30,216,17
30,217,7
30,218,14
30,219,10
30,220,14
30,221,10
30,222,15
30,223,9
30,224,16
30,225,7
30,226,15
30,227,12
30,228,12
30,229,10
30,230,14
30,231,10
30,232,14
30,233,16
30,234,8
30,235,16
30,236,9
30,237,11
30,238,14
30,239,10
30,240,14
30,241,9
30,242,15
30,243,8
30,244,16
30,245,8
30,246,16
30,247,8
30,248,14
30,249,10
30,250,16
30,251,8
30,252,15
30,253,9
30,254,14
30,255,10
30,256,14
30,257,10
30,258,14
30,259,10
30,260,16
30,261,8
30,262,16
30,263,9
30,264,14
30,265,12
30,266,13
30,267,9
30,268,15
30,269,9
30,270,15
30,271,11
30,272,12
30,273,10
30,274,15
30,275,9
30,276,13
30,277,9
30,278,16
30,279,10
30,280,16
30,281,14
30,282,8
30,283,15
30,284,11
30,285,8
30,286,15
30,287,8
30,288,6
30,289,8
30,290,10
30,291,16
30,292,7
30,293,17
30,294,9
30,295,14
30,296,9
30,297,16
30,298,9
30,299,14
30,300,9
30,301,14
30,302,11
30,303,13
30,304,11
30,305,13
30,306,11
30,307,14
30,308,9
30,309,16
30,310,10
30,311,14
30,312,10
30,313,13
30,314,10
30,315,15
30,316,8
30,317,14
30,318,9
30,319,17
30,320,8
30,321,14
30,322,11
30,323,14
30,324,9
30,325,14
30,326,11
30,327,13
30,328,9
30,329,15
30,330,11
30,331,15
30,332,9
30,333,15
30,334,9
30,335,14
30,336,10
30,337,14
30,338,9
30,339,15
30,340,11
30,341,12
30,342,11
30,343,13
30,344,11
30,345,13
30,346,13
30,347,11
30,348,11
30,349,15
30,350,9
30,351,14
30,352,11
30,353,12
30,354,11
30,355,13
30,356,11
30,357,13
30,358,11
30,359,13
30,360,10
30,361,16
30,362,9
30,363,15
30,364,9
30,365,14
30,366,11
30,367,12
30,368,11
30,369,15
30,370,9
30,371,15
30,372,9
30,373,15
30,374,9
30,375,16
30,376,10
30,377,13
30,378,9
30,379,16
30,380,7
30,381,14
30,382,12
30,383,12
30,384,11
30,385,16
30,386,7
30,387,6
30,388,10
30,389,10
30,390,13
30,391,11
30,392,13
30,393,10
30,394,15
30,395,8
30,396,16
30,397,9
30,398,13
30,399,10
30,400,14
30,401,10
30,402,14
30,403,9
30,404,16
30,405,10
30,406,14
30,407,9
30,408,16
30,409,8
30,410,14
30,411,10
30,412,16
30,413,10
30,414,14
30,415,10
30,416,14
30,417,9
30,418,14
30,419,10
30,420,14
30,421,9
30,422,7
30,423,9
30,424,9
30,425,15
30,426,9
30,427,15
30,428,9
30,429,15
30,430,8
30,431,16
30,432,10
30,433,16
30,434,7
30,435,15
30,436,6
30,437,4
30,438,11
30,439,11
30,440,15
30,441,9
30,442,16
30,443,9
30,444,14
30,445,9
30,446,16
30,447,8
30,448,16
30,449,8
30,450,6
30,451,9
30,452,9
30,453,5
30,454,12
30,455,7
30,456,16
30,457,7
30,458,17
30,459,8
30,460,16
30,461,8
30,462,16
30,463,8
30,464,16
30,465,9
30,466,14
30,467,10
30,468,14
30,469,10
30,470,14
30,471,10
30,472,16
30,473,7
30,474,16
30,475,9
30,476,13
30,477,12
30,478,14
30,479,7
30,480,8
30,481,8
30,482,9
30,483,6
30,484,11
30,485,8
30,486,15
30,487,8
30,488,17
30,489,7
30,490,38
30,491,10
30,492,5
30,493,11
30,494,8
30,495,17
30,496,8
30,497,5
30,498,9
30,499,10
30,500,15
30,501,9
30,502,13
30,503,11
30,504,17
30,505,7
30,506,15
30,507,9
30,508,15
30,509,9
30,510,14
30,511,10
30,512,15
30,513,9
30,514,15
30,515,8
30,516,14
30,517,27
30,518,6
30,519,15
30,520,16
30,521,10
30,522,14
30,523,11
30,524,7
30,525,38
30,526,10
30,527,30
30,528,8
30,529,12
30,530,15
30,531,6
30,532,17
30,533,7
30,534,19
30,535,7
30,536,16
30,537,7
30,538,14
30,539,15
30,540,9
30,541,11
30,542,13
30,543,10
30,544,14
30,545,16
30,546,8
30,547,16
30,548,50
30,549,6
30,550,16
30,551,8
30,552,16
30,553,12
30,554,23
30,555,13
30,556,8
30,557,10
30,558,16
30,559,46
30,560,16
30,561,8
30,562,10
30,563,14
30,564,16
30,565,32
30,566,16
30,567,40
30,568,25
30,569,18
30,570,7
30,571,7
30,572,8
30,573,9
30,574,17
30,575,6
30,576,31
30,577,11
30,578,6
30,579,30
30,580,10
30,581,16
30,582,8
30,583,16
30,584,8
30,585,14
30,586,10
30,587,16
30,588,8
30,589,16
30,590,9
30,591,18
30,592,29
30,593,16
30,594,8
30,595,15
30,596,9
30,597,16
30,598,8
30,599,14
30,600,10
30,601,15
30,602,49
30,603,8
30,604,40
30,605,10
30,606,14
30,607,8
30,608,14
30,609,10
30,610,72
30,611,13
30,612,11
30,613,16
30,614,8
30,615,15
30,616,9
30,617,14
30,618,24
30,619,12
30,620,12
30,621,12
30,622,22
30,623,15
30,624,9
30,625,16
30,626,8
30,627,64
30,628,10
30,629,12
30,630,12
30,631,14
30,632,8
30,633,9
30,634,4
30,635,23
30,636,16
30,637,6
30,638,5
30,639,6
30,640,4
30,641,13
30,642,10
30,643,16
30,644,10
30,645,19
30,646,27
30,647,10
30,648,6
30,649,8
30,650,16
30,651,11
30,652,11
30,653,34
30,654,9
30,655,6
30,656,10
30,657,14
30,658,11
30,659,37
30,660,10
30,661,15
30,662,7
30,663,15
30,664,36
30,665,15
30,666,4
30,667,14
30,668,37
30,669,50
30,670,14
30,671,11
30,672,14
4,1,10
4,2,23
4,3,12
4,4,13
4,5,17
4,6,6
4,7,15
4,8,10
4,9,11
4,10,10
4,11,15
4,12,13
4,13,10
4,14,10
4,15,15
4,16,19
4,17,6
4,18,7
4,19,63
4,20,10
4,21,14
4,22,17
4,23,7
4,24,26
4,25,8
4,26,14
4,27,10
4,28,14
4,29,12
4,30,8
4,31,12
4,32,10
4,33,16
4,34,15
4,35,11
4,36,13
4,37,9
4,38,15
4,39,6
4,40,9
4,41,9
4,42,9
4,43,14
4,44,13
4,45,11
4,46,13
4,47,11
4,48,10
4,49,14
4,50,10
4,51,14
4,52,10
4,53,15
4,54,9
4,55,16
4,56,8
4,57,14
4,58,23
4,59,35
4,60,24
4,61,15
4,62,9
4,63,15
4,64,9
4,65,16
4,66,33
4,67,47
4,68,15
4,69,9
4,70,15
4,71,9
4,72,15
4,73,9
4,74,16
4,75,8
4,76,15
4,77,42
4,78,15
4,79,15
4,80,9
4,81,4
4,82,11
4,83,10
4,84,8
4,85,6
4,86,9
4,87,7
4,88,8
4,89,10
4,90,8
4,91,6
4,92,24
4,93,11
4,94,7
4,95,15
4,96,15
4,97,9
4,98,16
4,99,15
4,100,56
4,101,10
4,102,38
4,103,11
4,104,12
4,105,10
4,106,8
4,107,40
4,108,8
4,109,18
4,110,7
4,111,16
4,112,8
4,113,16
4,114,8
4,115,15
4,116,9
4,117,15
4,118,8
4,119,16
4,120,9
4,121,15
4,122,10
4,123,17
4,124,6
4,125,17
4,126,7
4,127,17
4,128,22
4,129,9
4,130,15
4,131,10
4,132,14
4,133,9
4,134,17
4,135,7
4,136,15
4,137,16
4,138,9
4,139,7
4,140,17
4,141,8
4,142,15
4,143,10
4,144,14
4,145,10
4,146,14
4,147,10
4,148,14
4,149,9
4,150,15
4,151,14
4,152,12
4,153,24
4,154,8
4,155,5
4,156,12
4,157,7
4,158,16
4,159,7
4,160,16
4,161,8
4,162,17
4,163,12
4,164,12
4,165,8
4,166,8
4,167,8
4,168,7
4,169,17
4,170,7
4,171,5
4,172,11
4,173,13
4,174,9
4,175,15
4,176,9
4,177,15
4,178,11
4,179,8
4,180,17
4,181,13
4,182,9
4,183,9
4,184,17
4,185,8
4,186,15
4,187,8
4,188,17
4,189,7
4,190,17
4,191,7
4,192,17
4,193,8
4,194,14
4,195,9
4,196,16
4,197,26
4,198,6
4,199,16
4,200,9
4,201,16
4,202,7
4,203,16
4,204,14
4,205,8
4,206,10
4,207,14
4,208,16
4,209,9
4,210,9
4,211,17
4,212,8
4,213,15
4,214,8
4,215,16
4,216,8
4,217,16
4,218,8
4,219,16
4,220,8
4,221,14
4,222,10
4,223,15
4,224,9
4,225,16
4,226,8
4,227,16
4,228,9
4,229,13
4,230,12
4,231,13
4,232,9
4,233,16
4,234,8
4,235,16
4,236,8
4,237,15
4,238,9
4,239,16
4,240,9
4,241,15
4,242,9
4,243,15
4,244,9
4,245,16
4,246,9
4,247,14
4,248,9
4,249,13
4,250,12
4,251,13
4,252,17
4,253,8
4,254,8
4,255,14
4,256,11
4,257,13
4,258,10
4,259,16
4,260,10
4,261,12
4,262,9
4,263,18
4,264,7
4,265,16
4,266,9
4,267,13
4,268,11
4,269,14
4,270,9
4,271,14
4,272,10
4,273,16
4,274,8
4,275,15
4,276,9
4,277,6
4,278,8
4,279,11
4,280,14
4,281,9
4,282,6
4,283,9
4,284,9
4,285,14
4,286,11
4,287,13
4,288,11
4,289,13
4,290,11
4,291,13
4,292,11
4,293,15
4,294,8
4,295,15
4,296,10
4,297,14
4,298,10
4,299,13
4,300,12
4,301,12
4,302,9
4,303,15
4,304,13
4,305,13
4,306,8
4,307,17
4,308,7
4,309,16
4,310,10
4,311,13
4,312,10
4,313,13
4,314,12
4,315,14
4,316,9
4,317,15
4,318,10
4,319,14
4,320,10
4,321,12
4,322,11
4,323,15
4,324,8
4,325,15
4,326,10
4,327,13
4,328,11
4,329,15
4,330,9
4,331,13
4,332,10
4,333,15
4,334,10
4,335,15
4,336,9
4,337,14
4,338,9
4,339,16
4,340,9
4,341,15
4,342,8
4,343,14
4,344,11
4,345,13
4,346,11
4,347,13
4,348,11
4,349,14
4,350,10
4,351,13
4,352,11
4,353,15
4,354,11
4,355,12
4,356,11
4,357,14
4,358,13
4,359,9
4,360,12
4,361,14
4,362,9
4,363,13
4,364,11
4,365,14
4,366,9
4,367,15
4,368,8
4,369,17
4,370,8
4,371,16
4,372,9
4,373,15
4,374,9
4,375,13
4,376,11
4,377,13
4,378,11
4,379,14
4,380,9
4,381,16
4,382,9
4,383,15
4,384,8
4,385,14
4,386,10
4,387,6
4,388,9
4,389,10
4,390,15
4,391,10
4,392,12
4,393,11
4,394,15
4,395,10
4,396,14
4,397,9
4,398,15
4,399,8
4,400,15
4,401,9
4,402,14
4,403,12
4,404,12
4,405,11
4,406,15
4,407,7
4,408,16
4,409,10
4,410,15
4,411,8
4,412,16
4,413,7
4,414,7
4,415,10
4,416,9
4,417,13
4,418,9
4,419,15
4,420,10
4,421,14
4,422,9
4,423,19
4,424,6
4,425,15
4,426,11
4,427,13
4,428,10
4,429,4
4,430,11
4,431,10
4,432,4
4,433,10
4,434,9
4,435,15
4,436,8
4,437,16
4,438,8
4,439,16
4,440,8
4,441,16
4,442,8
4,443,14
4,444,12
4,445,16
4,446,6
4,447,14
4,448,11
4,449,15
4,450,8
4,451,16
4,452,9
4,453,14
4,454,9
4,455,15
4,456,9
4,457,15
4,458,9
4,459,16
4,460,9
4,461,14
4,462,8
4,463,17
4,464,8
4,465,15
4,466,9
4,467,15
4,468,9
4,469,15
4,470,9
4,471,15
4,472,9
4,473,16
4,474,7
4,475,18
4,476,7
4,477,16
4,478,10
4,479,14
4,480,9
4,481,14
4,482,9
4,483,15
4,484,8
4,485,15
4,486,16
4,487,10
4,488,8
4,489,16
4,490,13
4,491,11
4,492,7
4,493,19
4,494,4
4,495,17
4,496,10
4,497,16
4,498,6
4,499,19
4,500,6
4,501,16
4,502,8
4,503,16
4,504,9
4,505,15
4,506,8
4,507,17
4,508,13
4,509,10
4,510,7
4,511,18
4,512,7
4,513,16
4,514,8
4,515,16
4,516,8
4,517,16
4,518,8
4,519,16
4,520,8
4,521,16
4,522,8
4,523,17
4,524,7
4,525,17
4,526,7
4,527,14
4,528,11
4,529,9
4,530,7
4,531,7
4,532,14
4,533,16
4,534,8
4,535,9
4,536,15
4,537,10
4,538,15
4,539,9
4,540,16
4,541,8
4,542,14
4,543,16
4,544,8
4,545,10
4,546,66
4,547,6
4,548,16
4,549,12
4,550,14
4,551,6
4,552,14
4,553,16
4,554,8
4,555,10
4,556,16
4,557,8
4,558,16
4,559,8
4,560,16
4,561,8
4,562,16
4,563,8
4,564,17
4,565,7
4,566,14
4,567,10
4,568,14
4,569,16
4,570,8
4,571,40
4,572,8
4,573,15
4,574,58
4,575,112
4,576,34
4,577,22
4,578,16
4,579,8
4,580,16
4,581,8
4,582,16
4,583,8
4,584,14
4,585,10
4,586,39
4,587,5
4,588,8
4,589,10
4,590,10
4,591,14
4,592,10
4,593,14
4,594,10
4,595,15
4,596,16
4,597,7
4,598,10
4,599,14
4,600,11
4,601,37
4,602,10
4,603,52
4,604,12
4,605,8
4,606,15
4,607,9
4,608,14
4,609,58
4,610,16
4,611,8
4,612,15
4,613,9
4,614,15
4,615,9
4,616,16
4,617,8
4,618,14
4,619,12
4,620,13
4,621,12
4,622,21
4,623,14
4,624,10
4,625,16
4,626,8
4,627,15
4,628,9
4,629,14
4,630,10
4,631,16
4,632,17
4,633,34
4,634,9
4,635,14
4,636,6
4,637,8
4,638,8
4,639,8
4,640,33
4,641,6
4,642,14
4,643,9
4,644,12
4,645,14
4,646,13
4,647,11
4,648,8
4,649,15
4,650,9
4,651,15
4,652,9
4,653,9
4,654,7
4,655,8
4,656,33
4,657,6
4,658,6
4,659,17
4,660,14
4,661,8
4,662,67
4,663,8
4,664,17
4,665,31
4,666,11
4,667,13
4,668,11
4,669,19
4,670,12
4,671,20
4,672,36
7,1,31
7,2,15
7,3,11
7,4,13
7,5,25
7,6,35
7,7,25
7,8,10
7,9,13
7,10,12
7,11,9
7,12,14
7,13,10
7,14,15
7,15,9
7,16,15
7,17,57
7,18,16
7,19,8
7,20,16
7,21,8
7,22,16
7,23,8
7,24,15
7,25,9
7,26,15
7,27,11
7,28,12
7,29,13
7,30,23
7,31,13
7,32,9
7,33,15
7,34,9
7,35,16
7,36,8
7,37,15
7,38,9
7,39,16
7,40,22
7,41,34
7,42,16
7,43,8
7,44,16
7,45,8
7,46,40
7,47,8
7,48,32
7,49,31
7,50,11
7,51,6
7,52,7
7,53,9
7,54,15
7,55,9
7,56,6
7,57,9
7,58,9
7,59,42
7,60,4
7,61,17
7,62,11
7,63,12
7,64,10
7,65,15
7,66,9
7,67,16
7,68,8
7,69,16
7,70,10
7,71,6
7,72,6
7,73,10
7,74,15
7,75,12
7,76,19
7,77,7
7,78,10
7,79,34
7,80,7
7,81,18
7,82,7
7,83,7
7,84,9
7,85,36
7,86,13
7,87,11
7,88,13
7,89,22
7,90,15
7,91,11
7,92,6
7,93,18
7,94,7
7,95,17
7,96,7
7,97,15
7,98,8
7,99,90
7,100,7
7,101,17
7,102,7
7,103,17
7,104,7
7,105,17
7,106,7
7,107,17
7,108,7
7,109,6
7,110,12
7,111,6
7,112,17
7,113,7
7,114,28
7,115,37
7,116,7
7,117,16
7,118,8
7,119,7
7,120,41
7,121,17
7,122,6
7,123,18
7,124,6
7,125,18
7,126,7
7,127,17
7,128,7
7,129,31
7,130,10
7,131,5
7,132,20
7,133,6
7,134,17
7,135,7
7,136,18
7,137,5
7,138,16
7,139,14
7,140,10
7,141,8
7,142,8
7,143,10
7,144,6
7,145,17
7,146,9
7,147,15
7,148,9
7,149,14
7,150,9
7,151,16
7,152,8
7,153,16
7,154,9
7,155,15
7,156,8
7,157,16
7,158,8
7,159,15
7,160,9
7,161,16
7,162,7
7,163,17
7,164,9
7,165,15
7,166,9
7,167,15
7,168,8
7,169,41
7,170,9
7,171,13
7,172,15
7,173,11
7,174,7
7,175,14
7,176,15
7,177,9
7,178,10
7,179,30
7,180,11
7,181,8
7,182,13
7,183,9
7,184,7
7,185,10
7,186,9
7,187,14
7,188,10
7,189,15
7,190,8
7,191,14
7,192,10
7,193,14
7,194,10
7,195,16
7,196,8
7,197,16
7,198,7
7,199,17
7,200,9
7,201,14
7,202,9
7,203,16
7,204,8
7,205,14
7,206,11
7,207,13
7,208,9
7,209,15
7,210,16
7,211,9
7,212,10
7,213,15
7,214,8
7,215,15
7,216,10
7,217,15
7,218,8
7,219,16
7,220,8
7,221,16
7,222,8
7,223,16
7,224,8
7,225,16
7,226,9
7,227,14
7,228,10
7,229,15
7,230,8
7,231,16
7,232,9
7,233,15
7,234,8
7,235,16
7,236,8
7,237,14
7,238,10
7,239,14
7,240,9
7,241,17
7,242,9
7,243,13
7,244,10
7,245,9
7,246,5
7,247,10
7,248,16
7,249,8
7,250,16
7,251,8
7,252,16
7,253,7
7,254,7
7,255,8
7,256,10
7,257,16
7,258,10
7,259,13
7,260,9
7,261,16
7,262,9
7,263,15
7,264,9
7,265,15
7,266,4
7,267,10
7,268,8
7,269,12
7,270,16
7,271,8
7,272,13
7,273,11
7,274,13
7,275,11
7,276,12
7,277,10
7,278,14
7,279,4
7,280,7
7,281,14
7,282,10
7,283,15
7,284,9
7,285,5
7,286,8
7,287,12
7,288,13
7,289,9
7,290,16
7,291,9
7,292,13
7,293,11
7,294,15
7,295,8
7,296,18
7,297,13
7,298,9
7,299,10
7,300,13
7,301,9
7,302,15
7,303,9
7,304,16
7,305,9
7,306,15
7,307,8
7,308,16
7,309,8
7,310,16
7,311,9
7,312,13
7,313,11
7,314,15
7,315,9
7,316,15
7,317,9
7,318,15
7,319,9
7,320,13
7,321,11
7,322,13
7,323,11
7,324,15
7,325,8
7,326,16
7,327,8
7,328,14
7,329,11
7,330,15
7,331,8
7,332,15
7,333,10
7,334,5
7,335,11
7,336,8
7,337,13
7,338,12
7,339,12
7,340,10
7,341,14
7,342,12
7,343,12
7,344,11
7,345,8
7,346,6
7,347,10
7,348,15
7,349,9
7,350,13
7,351,11
7,352,15
7,353,8
7,354,14
7,355,11
7,356,14
7,357,11
7,358,13
7,359,10
7,360,14
7,361,10
7,362,13
7,363,11
7,364,13
7,365,11
7,366,15
7,367,10
7,368,14
7,369,9
7,370,15
7,371,9
7,372,13
7,373,11
7,374,15
7,375,8
7,376,16
7,377,8
7,378,16
7,379,9
7,380,15
7,381,9
7,382,13
7,383,10
7,384,16
7,385,9
7,386,15
7,387,11
7,388,13
7,389,8
7,390,15
7,391,9
7,392,14
7,393,9
7,394,16
7,395,10
7,396,17
7,397,7
7,398,15
7,399,10
7,400,13
7,401,11
7,402,13
7,403,11
7,404,14
7,405,9
7,406,15
7,407,9
7,408,13
7,409,9
7,410,15
7,411,10
7,412,16
7,413,8
7,414,15
7,415,10
7,416,14
7,417,10
7,418,15
7,419,8
7,420,14
7,421,10
7,422,15
7,423,9
7,424,16
7,425,8
7,426,16
7,427,8
7,428,15
7,429,10
7,430,14
7,431,9
7,432,16
7,433,8
7,434,16
7,435,8
7,436,17
7,437,7
7,438,16
7,439,8
7,440,16
7,441,8
7,442,16
7,443,8
7,444,16
7,445,10
7,446,13
7,447,8
7,448,16
7,449,9
7,450,15
7,451,9
7,452,15
7,453,9
7,454,16
7,455,7
7,456,8
7,457,9
7,458,8
7,459,15
7,460,10
7,461,14
7,462,10
7,463,15
7,464,10
7,465,14
7,466,7
7,467,16
7,468,9
7,469,16
7,470,9
7,471,13
7,472,11
7,473,14
7,474,11
7,475,14
7,476,9
7,477,16
7,478,5
7,479,18
7,480,9
7,481,16
7,482,6
7,483,17
7,484,7
7,485,17
7,486,9
7,487,14
7,488,10
7,489,14
7,490,8
7,491,17
7,492,9
7,493,15
7,494,8
7,495,16
7,496,9
7,497,16
7,498,7
7,499,16
7,500,7
7,501,17
7,502,7
7,503,18
7,504,7
7,505,17
7,506,6
7,507,18
7,508,6
7,509,15
7,510,16
7,511,10
7,512,8
7,513,6
7,514,11
7,515,13
7,516,9
7,517,8
7,518,27
7,519,12
7,520,15
7,521,9
7,522,9
7,523,17
7,524,8
7,525,18
7,526,5
7,527,6
7,528,9
7,529,17
7,530,10
7,531,6
7,532,18
7,533,6
7,534,15
7,535,16
7,536,10
7,537,14
7,538,8
7,539,15
7,540,9
7,541,16
7,542,8
7,543,15
7,544,10
7,545,14
7,546,11
7,547,25
7,548,7
7,549,30
7,550,12
7,551,6
7,552,24
7,553,6
7,554,12
7,555,5
7,556,8
7,557,33
7,558,8
7,559,22
7,560,16
7,561,7
7,562,17
7,563,11
7,564,53
7,565,10
7,566,8
7,567,17
7,568,13
7,569,9
7,570,14
7,571,10
7,572,15
7,573,11
7,574,7
7,575,34
7,576,5
7,577,16
7,578,7
7,579,6
7,580,9
7,581,34
7,582,14
7,583,6
7,584,22
7,585,8
7,586,12
7,587,18
7,588,13
7,589,19
7,590,10
7,591,12
7,592,12
7,593,6
7,594,16
7,595,16
7,596,13
7,597,9
7,598,12
7,599,13
7,600,9
7,601,14
7,602,10
7,603,14
7,604,36
7,605,11
7,606,11
7,607,14
7,608,10
7,609,16
7,610,5
7,611,4
7,612,13
7,613,10
7,614,15
7,615,9
7,616,14
7,617,24
7,618,12
7,619,12
7,620,14
7,621,10
7,622,10
7,623,8
7,624,6
7,625,10
7,626,14
7,627,43
7,628,5
7,629,39
7,630,4
7,631,8
7,632,8
7,633,13
7,634,10
7,635,13
7,636,11
7,637,15
7,638,9
7,639,14
7,640,10
7,641,16
7,642,22
7,643,34
7,644,40
7,645,8
7,646,16
7,647,8
7,648,16
7,649,8
7,650,15
7,651,23
7,652,12
7,653,21
7,654,4
7,655,13
7,656,8
7,657,16
7,658,8
7,659,16
7,660,8
7,661,14
7,662,10
7,663,14
7,664,11
7,665,15
7,666,35
7,667,11
7,668,48
7,669,37
7,670,11
7,671,66
7,672,33
8,1,10
8,2,13
8,3,24
8,4,15
8,5,41
8,6,14
8,7,10
8,8,15
8,9,9
8,10,15
8,11,9
8,12,15
8,13,9
8,14,14
8,15,37
8,16,11
8,17,11
8,18,15
8,19,8
8,20,15
8,21,9
8,22,14
8,23,10
8,24,15
8,25,9
8,26,16
8,27,10
8,28,12
8,29,34
8,30,14
8,31,10
8,32,16
8,33,8
8,34,16
8,35,8
8,36,15
8,37,9
8,38,16
8,39,14
8,40,42
8,41,14
8,42,10
8,43,16
8,44,8
8,45,80
8,46,40
8,47,14
8,48,10
8,49,6
8,50,10
8,51,8
8,52,14
8,53,10
8,54,16
8,55,8
8,56,19
8,57,7
8,58,13
8,59,11
8,60,13
8,61,9
8,62,15
8,63,9
8,64,16
8,65,8
8,66,8
8,67,8
8,68,8
8,69,15
8,70,9
8,71,15
8,72,8
8,73,39
8,74,7
8,75,4
8,76,14
8,77,9
8,78,15
8,79,24
8,80,11
8,81,14
8,82,34
8,83,6
8,84,44
8,85,9
8,86,35
8,87,9
8,88,31
8,89,11
8,90,12
8,91,10
8,92,8
8,93,19
8,94,20
8,95,14
8,96,11
8,97,15
8,98,8
8,99,9
8,100,15
8,101,14
8,102,10
8,103,9
8,104,14
8,105,14
8,106,12
8,107,8
8,108,15
8,109,16
8,110,8
8,111,8
8,112,19
8,113,6
8,114,19
8,115,12
8,116,12
8,117,10
8,118,11
8,119,8
8,120,16
8,121,8
8,122,15
8,123,14
8,124,10
8,125,10
8,126,16
8,127,6
8,128,16
8,129,10
8,130,5
8,131,11
8,132,7
8,133,16
8,134,7
8,135,18
8,136,6
8,137,8
8,138,8
8,139,8
8,140,16
8,141,16
8,142,8
8,143,18
8,144,5
8,145,17
8,146,8
8,147,6
8,148,10
8,149,10
8,150,8
8,151,15
8,152,8
8,153,16
8,154,9
8,155,17
8,156,6
8,157,17
8,158,8
8,159,16
8,160,6
8,161,16
8,162,10
8,163,5
8,164,10
8,165,6
8,166,6
8,167,12
8,168,9
8,169,5
8,170,9
8,171,10
8,172,15
8,173,8
8,174,16
8,175,8
8,176,17
8,177,7
8,178,16
8,179,8
8,180,16
8,181,8
8,182,16
8,183,7
8,184,17
8,185,7
8,186,17
8,187,8
8,188,16
8,189,8
8,190,14
8,191,10
8,192,16
8,193,9
8,194,14
8,195,9
8,196,15
8,197,9
8,198,16
8,199,8
8,200,16
8,201,8
8,202,16
8,203,8
8,204,16
8,205,8
8,206,16
8,207,8
8,208,54
8,209,8
8,210,14
8,211,10
8,212,10
8,213,14
8,214,10
8,215,5
8,216,11
8,217,8
8,218,17
8,219,7
8,220,16
8,221,8
8,222,15
8,223,10
8,224,15
8,225,14
8,226,8
8,227,10
8,228,14
8,229,12
8,230,12
8,231,10
8,232,15
8,233,14
8,234,11
8,235,10
8,236,14
8,237,9
8,238,15
8,239,8
8,240,14
8,241,12
8,242,14
8,243,8
8,244,16
8,245,8
8,246,14
8,247,10
8,248,16
8,249,8
8,250,16
8,251,11
8,252,11
8,253,11
8,254,13
8,255,11
8,256,13
8,257,10
8,258,17
8,259,7
8,260,14
8,261,11
8,262,14
8,263,11
8,264,14
8,265,8
8,266,16
8,267,9
8,268,15
8,269,9
8,270,15
8,271,10
8,272,14
8,273,8
8,274,14
8,275,11
8,276,14
8,277,10
8,278,14
8,279,11
8,280,14
8,281,9
8,282,13
8,283,11
8,284,13
8,285,11
8,286,15
8,287,9
8,288,13
8,289,11
8,290,14
8,291,9
8,292,16
8,293,9
8,294,13
8,295,10
8,296,3
8,297,11
8,298,12
8,299,12
8,300,8
8,301,19
8,302,7
8,303,14
8,304,16
8,305,9
8,306,8
8,307,17
8,308,8
8,309,14
8,310,11
8,311,13
8,312,10
8,313,14
8,314,11
8,315,13
8,316,10
8,317,14
8,318,11
8,319,14
8,320,5
8,321,10
8,322,10
8,323,9
8,324,14
8,325,11
8,326,12
8,327,10
8,328,14
8,329,10
8,330,14
8,331,16
8,332,8
8,333,13
8,334,13
8,335,8
8,336,16
8,337,9
8,338,13
8,339,11
8,340,13
8,341,16
8,342,8
8,343,9
8,344,17
8,345,8
8,346,14
8,347,11
8,348,14
8,349,10
8,350,16
8,351,7
8,352,14
8,353,12
8,354,13
8,355,10
8,356,13
8,357,10
8,358,14
8,359,10
8,360,16
8,361,10
8,362,13
8,363,10
8,364,15
8,365,10
8,366,14
8,367,9
8,368,13
8,369,12
8,370,12
8,371,9
8,372,15
8,373,10
8,374,14
8,375,10
8,376,14
8,377,11
8,378,14
8,379,9
8,380,16
8,381,9
8,382,15
8,383,8
8,384,16
8,385,8
8,386,16
8,387,9
8,388,15
8,389,9
8,390,15
8,391,9
8,392,15
8,393,10
8,394,13
8,395,10
8,396,13
8,397,11
8,398,14
8,399,8
8,400,6
8,401,10
8,402,8
8,403,15
8,404,10
8,405,16
8,406,10
8,407,13
8,408,10
8,409,16
8,410,9
8,411,14
8,412,8
8,413,16
8,414,9
8,415,15
8,416,9
8,417,15
8,418,8
8,419,16
8,420,8
8,421,16
8,422,10
8,423,14
8,424,9
8,425,13
8,426,8
8,427,17
8,428,11
8,429,14
8,430,9
8,431,15
8,432,9
8,433,14
8,434,9
8,435,16
8,436,8
8,437,14
8,438,9
8,439,17
8,440,8
8,441,16
8,442,8
8,443,16
8,444,9
8,445,14
8,446,10
8,447,15
8,448,8
8,449,15
8,450,8
8,451,17
8,452,9
8,453,19
8,454,4
8,455,16
8,456,11
8,457,13
8,458,6
8,459,8
8,460,10
8,461,7
8,462,8
8,463,8
8,464,9
8,465,16
8,466,8
8,467,17
8,468,13
8,469,8
8,470,10
8,471,16
8,472,9
8,473,13
8,474,12
8,475,14
8,476,8
8,477,15
8,478,10
8,479,16
8,480,6
8,481,18
8,482,8
8,483,13
8,484,11
8,485,15
8,486,8
8,487,16
8,488,9
8,489,13
8,490,16
8,491,9
8,492,8
8,493,17
8,494,7
8,495,7
8,496,8
8,497,15
8,498,11
8,499,8
8,500,5
8,501,9
8,502,16
8,503,10
8,504,8
8,505,16
8,506,9
8,507,15
8,508,9
8,509,15
8,510,9
8,511,15
8,512,9
8,513,15
8,514,9
8,515,16
8,516,8
8,517,15
8,518,8
8,519,17
8,520,8
8,521,16
8,522,6
8,523,43
8,524,6
8,525,14
8,526,10
8,527,28
8,528,12
8,529,8
8,530,16
8,531,8
8,532,15
8,533,9
8,534,17
8,535,7
8,536,17
8,537,7
8,538,6
8,539,8
8,540,28
8,541,12
8,542,8
8,543,16
8,544,6
8,545,17
8,546,10
8,547,10
8,548,10
8,549,6
8,550,7
8,551,17
8,552,7
8,553,16
8,554,8
8,555,6
8,556,8
8,557,24
8,558,16
8,559,8
8,560,16
8,561,24
8,562,10
8,563,8
8,564,14
8,565,10
8,566,6
8,567,8
8,568,16
8,569,11
8,570,7
8,571,6
8,572,12
8,573,6
8,574,17
8,575,7
8,576,16
8,577,8
8,578,16
8,579,8
8,580,38
8,581,15
8,582,12
8,583,7
8,584,6
8,585,10
8,586,8
8,587,16
8,588,15
8,589,56
8,590,16
8,591,8
8,592,10
8,593,28
8,594,26
8,595,8
8,596,41
8,597,31
8,598,15
8,599,9
8,600,16
8,601,8
8,602,16
8,603,8
8,604,16
8,605,8
8,606,14
8,607,12
8,608,10
8,609,26
8,610,10
8,611,14
8,612,14
8,613,30
8,614,14
8,615,16
8,616,8
8,617,14
8,618,24
8,619,34
8,620,9
8,621,6
8,622,9
8,623,16
8,624,8
8,625,14
8,626,10
8,627,16
8,628,8
8,629,23
8,630,49
8,631,14
8,632,10
8,633,14
8,634,10
8,635,14
8,636,48
8,637,11
8,638,14
8,639,33
8,640,16
8,641,8
8,642,15
8,643,9
8,644,15
8,645,9
8,646,15
8,647,9
8,648,15
8,649,10
8,650,15
8,651,10
8,652,31
8,653,7
8,654,8
8,655,15
8,656,9
8,657,16
8,658,39
8,659,9
8,660,57
8,661,15
8,662,9
8,663,32
8,664,12
8,665,9
8,666,16
8,667,28
8,668,62
8,669,18
8,670,16
8,671,25
8,672,14
