Y,T,PV,Windon,Windoff
5,1,0.026250000000000002,0.19251000000000001,0.28185
5,2,0.002928571428571429,0.4735642857142857,0.7568428571428572
5,3,0.044636363636363634,0.34585454545454547,0.7317727272727272
5,4,0.002,0.2623857142857143,0.4018428571428573
5,5,0.007833333333333333,0.3647833333333334,0.7163666666666666
5,6,0.0,0.18689999999999998,0.4683125
5,7,0.024733333333333333,0.15652,0.3865133333333334
5,8,0.0,0.2743,0.4682777777777777
5,9,0.009375,0.39533749999999995,0.68256875
5,10,0.0,0.3106,0.3233375
5,11,0.027533333333333337,0.29821333333333333,0.17626666666666668
5,12,0.00375,0.2893833333333334,0.3358833333333333
5,13,0.065,0.11994545454545454,0.22111818181818182
5,14,0.00016666666666666666,0.08741666666666666,0.10418333333333334
5,15,0.04914285714285715,0.2279,0.3268285714285714
5,16,0.005545454545454545,0.3741727272727273,0.6046545454545454
5,17,0.0008,0.72861,0.8420300000000001
5,18,0.0,0.47177499999999994,0.56385
5,19,0.021214285714285717,0.2584785714285714,0.2800571428571429
5,20,0.0,0.2475,0.24554444444444445
5,21,0.018000000000000002,0.37640625,0.5735124999999999
5,22,0.0,0.2973142857142857,0.4958
5,23,0.010937500000000001,0.694175,0.8818875000000002
5,24,0.0,0.6378222222222222,0.9514777777777778
5,25,0.03153333333333333,0.7674200000000001,0.9397133333333332
5,26,0.00045454545454545455,0.5840272727272727,0.8932545454545454
5,27,0.037,0.3570166666666667,0.7330166666666665
5,28,0.01188235294117647,0.16977941176470587,0.2847029411764706
5,29,0.107125,0.29896249999999996,0.40956249999999994
5,30,0.0037142857142857142,0.5075285714285714,0.5992714285714286
5,31,0.0,0.3398888888888889,0.5743777777777779
5,32,0.07614285714285715,0.28620714285714294,0.30929285714285715
5,33,0.0,0.56796,0.5365399999999999
5,34,0.013437500000000002,0.6829,0.8391937500000001
5,35,0.0,0.430725,0.5973499999999998
5,36,0.05307142857142857,0.4977642857142857,0.4330214285714286
5,37,0.0,0.56383,0.5408799999999999
5,38,0.029133333333333334,0.48413333333333336,0.43538
5,39,0.028352941176470588,0.6798647058823529,0.559835294117647
5,40,0.03190625,0.5274687499999999,0.45337812499999997
5,41,0.0,0.8377625,0.8720125000000001
5,42,0.06933333333333332,0.7295466666666667,0.77736
5,43,0.0,0.41498888888888885,0.4359444444444445
5,44,0.03741666666666667,0.14970833333333333,0.12029166666666664
5,45,0.0,0.35972857142857145,0.3948285714285714
5,46,0.02348387096774194,0.7135096774193549,0.8969612903225807
5,47,0.1222,0.44588,0.8295999999999999
5,48,0.020677419354838706,0.8858935483870968,0.9082838709677422
5,49,0.004,0.876975,0.9687166666666666
5,50,0.265,0.7420833333333334,0.9054333333333333
5,51,0.011166666666666667,0.30838333333333334,0.6564
5,52,0.0,0.30265,0.3799100000000001
5,53,0.01875,0.61275,0.6648
5,54,0.01315,0.84414,0.8719050000000003
5,55,0.10064285714285715,0.7354571428571427,0.7835214285714286
5,56,0.0,0.32568,0.47318999999999994
5,57,0.08086666666666666,0.3932799999999999,0.4321333333333333
5,58,0.0,0.6985,0.6844777777777777
5,59,0.01633333333333333,0.71604,0.9240999999999998
5,60,0.0,0.4625222222222222,0.6799333333333334
5,61,0.08585714285714284,0.2159785714285714,0.18207857142857137
5,62,0.0,0.286925,0.48845000000000005
5,63,0.0,0.48041666666666666,0.8190333333333334
5,64,0.0228,0.8644000000000001,0.8771866666666668
5,65,0.0019090909090909091,0.8365272727272728,0.7382272727272727
5,66,0.064,0.6811,0.509676923076923
5,67,0.0018181818181818182,0.5450454545454545,0.3154
5,68,0.04222727272727273,0.29021363636363634,0.21472727272727274
5,69,0.0456,0.2817066666666667,0.4109200000000001
5,70,0.0,0.1643,0.4094333333333333
5,71,0.05176666666666666,0.23225999999999997,0.21322666666666662
5,72,0.0137,0.556635,0.54864
5,73,0.14275,0.6954666666666668,0.6263083333333334
5,74,0.0,0.23322999999999997,0.50905
5,75,0.08099999999999999,0.12646,0.23148666666666667
5,76,0.0,0.33260999999999996,0.37034
5,77,0.07128571428571427,0.4841357142857142,0.5214214285714286
5,78,0.006545454545454546,0.4985272727272727,0.48469999999999996
5,79,0.23828571428571427,0.5537142857142857,0.5573
5,80,0.006529411764705882,0.42304117647058825,0.5325294117647059
5,81,0.2912,0.55296,0.6759999999999999
5,82,0.020526315789473684,0.6450842105263158,0.8620526315789474
5,83,0.13866666666666666,0.7485083333333336,0.9321083333333333
5,84,0.0,0.74879,0.90474
5,85,0.15842857142857142,0.6330142857142856,0.6649
5,86,0.027875,0.3002,0.4417125
5,87,0.0,0.1396,0.27653333333333335
5,88,0.08929411764705882,0.08667941176470591,0.09752058823529414
5,89,0.07049056603773585,0.3560905660377358,0.38062264150943387
5,90,0.0,0.4485222222222222,0.6966111111111112
5,91,0.2382857142857143,0.39139999999999997,0.6814571428571429
5,92,0.025944444444444447,0.18681111111111112,0.27479444444444445
5,93,0.2605,0.2028875,0.1440375
5,94,0.0040625,0.19355624999999999,0.14916875
5,95,0.27342857142857147,0.26995714285714284,0.18418571428571426
5,96,0.021714285714285714,0.40255714285714284,0.4374714285714285
5,97,0.0,0.43357777777777773,0.7163555555555555
5,98,0.06026666666666668,0.4184133333333334,0.6324266666666667
5,99,0.0,0.2585666666666667,0.3877888888888889
5,100,0.1031875,0.13466875,0.2111875
5,101,0.0,0.1186875,0.14302499999999999
5,102,0.10850000000000001,0.3085,0.3224875
5,103,0.0043,0.625,0.58395
5,104,0.0004285714285714286,0.3542,0.40812857142857134
5,105,0.08233333333333334,0.24316666666666664,0.16729999999999998
5,106,0.0,0.5485285714285715,0.4875214285714286
5,107,0.0584,0.5466399999999999,0.59586
5,108,0.0,0.34984444444444446,0.3549555555555555
5,109,0.0679375,0.25524375,0.2431625
5,110,0.0,0.17623750000000002,0.2106375
5,111,0.1132,0.18996666666666667,0.21218666666666666
5,112,0.013090909090909092,0.2624454545454546,0.35915454545454545
5,113,0.37071428571428566,0.33660000000000007,0.5545857142857143
5,114,0.015,0.3151333333333333,0.45198333333333335
5,115,0.0,0.5584333333333332,0.5273222222222221
5,116,0.12038461538461538,0.6309846153846154,0.7959461538461539
5,117,0.021333333333333333,0.4383200000000001,0.4470466666666667
5,118,0.032625,0.8394375000000001,0.8336937499999999
5,119,0.04685714285714286,0.5758571428571428,0.7758
5,120,0.2933333333333333,0.6812333333333332,0.7418999999999999
5,121,0.004933333333333334,0.6176266666666667,0.6386733333333334
5,122,0.05921428571428571,0.7272000000000001,0.7123214285714285
5,123,0.0,0.7632,0.8289799999999999
5,124,0.03933333333333334,0.5632916666666667,0.6710083333333333
5,125,0.09656250000000001,0.68736875,0.7793687499999998
5,126,0.03806249999999999,0.6304249999999999,0.5429843750000001
5,127,0.34925,0.5584375,0.5004
5,128,0.051880952380952375,0.5884928571428572,0.5107833333333334
5,129,0.12158333333333332,0.5827833333333333,0.6977916666666668
5,130,0.0002,0.8412000000000001,0.9432400000000001
5,131,0.312,0.953875,0.9633749999999999
5,132,0.022750000000000003,0.7553437499999999,0.8351375
5,133,0.2506666666666667,0.8456666666666667,0.9017111111111112
5,134,0.012285714285714285,0.5176285714285714,0.6668142857142857
5,135,0.02390909090909091,0.3407090909090909,0.40095454545454545
5,136,0.23971428571428574,0.677142857142857,0.6460857142857144
5,137,0.0015714285714285713,0.6347571428571428,0.7385857142857144
5,138,0.1213125,0.8148375000000001,0.925275
5,139,0.001125,0.7895125,0.9232625000000001
5,140,0.271125,0.5854625,0.8420125
5,141,0.035625000000000004,0.3597125,0.5747375
5,142,0.06594444444444444,0.2720666666666667,0.34026111111111107
5,143,0.01,0.36836,0.6537599999999998
5,144,0.4025714285714285,0.4261285714285714,0.5762142857142857
5,145,0.025687500000000002,0.302075,0.46154375
5,146,0.29650000000000004,0.358975,0.4199
5,147,0.022437500000000003,0.15940625,0.21569375000000002
5,148,0.354875,0.218025,0.23427499999999998
5,149,0.049,0.4432571428571429,0.23672857142857143
5,150,0.0003333333333333333,0.7036666666666667,0.5748666666666666
5,151,0.09425000000000001,0.69285,0.7561125
5,152,0.000875,0.6777250000000001,0.8341500000000001
5,153,0.1221875,0.78260625,0.9426
5,154,0.003,0.8221125,0.8622500000000001
5,155,0.3099,0.78866,0.7761700000000001
5,156,0.004222222222222222,0.4730333333333333,0.5353888888888889
5,157,0.040625,0.3934875,0.7749874999999999
5,158,0.3181428571428571,0.6572571428571429,0.7984285714285715
5,159,0.005,0.4844599999999999,0.68659
5,160,0.09433333333333332,0.17813333333333334,0.4589833333333333
5,161,0.488875,0.08002500000000001,0.19356250000000003
5,162,0.005769230769230769,0.23914615384615384,0.1875
5,163,0.10339999999999999,0.65988,0.6193466666666666
5,164,0.037214285714285714,0.41035714285714286,0.5941571428571429
5,165,0.05971428571428571,0.6846904761904762,0.7842047619047618
5,166,0.4261428571428571,0.6846428571428572,0.6244428571428572
5,167,0.08499999999999998,0.6125333333333334,0.5494499999999999
5,168,0.0009,0.35930999999999996,0.3906299999999999
5,169,0.09523684210526315,0.8271763157894736,0.8813736842105262
5,170,0.004818181818181818,0.41792727272727265,0.8198363636363637
5,171,0.2315,0.7679125,0.920525
5,172,0.009533333333333333,0.6494,0.8194333333333336
5,173,0.13343750000000001,0.5618124999999998,0.5914624999999999
5,174,0.0225,0.31921,0.39414000000000005
5,175,0.133375,0.697625,0.6364375
5,176,0.009333333333333334,0.4985066666666667,0.7922333333333333
5,177,0.15707692307692306,0.5944538461538461,0.7288230769230769
5,178,0.029249999999999998,0.43968333333333337,0.718125
5,179,0.2805714285714286,0.6200428571428572,0.6684857142857143
5,180,0.0200625,0.35263750000000005,0.47684374999999996
5,181,0.306625,0.3422625,0.242225
5,182,0.03777777777777778,0.19956666666666667,0.31215
5,183,0.2788333333333334,0.4143666666666667,0.41595000000000004
5,184,0.022875,0.2574937500000001,0.3805812500000001
5,185,0.17439999999999997,0.55916,0.55296
5,186,0.0555,0.4059375,0.825875
5,187,0.0039,0.3843,0.5343899999999999
5,188,0.2562222222222223,0.5100888888888888,0.40207777777777776
5,189,0.032125,0.35108125,0.465275
5,190,0.524,0.18570000000000003,0.5597875
5,191,0.0384375,0.15443749999999998,0.35003124999999996
5,192,0.3668888888888888,0.2669111111111111,0.2707111111111111
5,193,0.0391764705882353,0.14070588235294118,0.18958235294117648
5,194,0.32666666666666666,0.28101666666666664,0.27309999999999995
5,195,0.038062500000000006,0.27891875000000005,0.5027749999999999
5,196,0.5415,0.3708375,0.6498124999999999
5,197,0.0473125,0.33129375,0.6576437500000001
5,198,0.47087499999999993,0.622575,0.8037750000000001
5,199,0.0318,0.41228,0.7307600000000001
5,200,0.4541111111111111,0.42756666666666665,0.7509000000000001
5,201,0.036000000000000004,0.2094375,0.5147812500000001
5,202,0.4145,0.1640875,0.4346375
5,203,0.037875,0.13537500000000002,0.4071375
5,204,0.510375,0.178075,0.5256125
5,205,0.05829411764705883,0.10522352941176472,0.3946823529411765
5,206,0.4522857142857143,0.16315714285714283,0.1705857142857143
5,207,0.04682352941176471,0.1930470588235294,0.1627705882352941
5,208,0.40071428571428575,0.2187285714285714,0.14552857142857145
5,209,0.0289375,0.0901875,0.166225
5,210,0.335375,0.056487499999999996,0.141625
5,211,0.03929411764705883,0.10494705882352941,0.12695882352941176
5,212,0.35666666666666663,0.08928333333333334,0.20023333333333335
5,213,0.04111764705882354,0.1617235294117647,0.35625294117647066
5,214,0.3286363636363636,0.13887272727272726,0.24349090909090912
5,215,0.0034166666666666664,0.2743666666666667,0.5515666666666666
5,216,0.2663,0.39956,0.48130000000000006
5,217,0.025133333333333334,0.32482666666666665,0.4904933333333334
5,218,0.4473333333333333,0.5796111111111112,0.5335444444444444
5,219,0.0356,0.25404000000000004,0.31805999999999995
5,220,0.40471428571428575,0.3887714285714286,0.4203714285714287
5,221,0.07985714285714286,0.29632857142857144,0.48868571428571433
5,222,0.002625,0.5371125,0.721875
5,223,0.35672727272727267,0.6761363636363638,0.4847818181818182
5,224,0.010846153846153847,0.5204153846153846,0.5227461538461537
5,225,0.28918181818181815,0.36183636363636357,0.4554181818181819
5,226,0.009846153846153846,0.4988846153846155,0.5621307692307693
5,227,0.3048181818181818,0.5136818181818182,0.5966454545454544
5,228,0.05652941176470588,0.2949705882352941,0.35999411764705885
5,229,0.3426666666666667,0.5212666666666667,0.39125000000000004
5,230,0.045125,0.33801875000000003,0.33597499999999997
5,231,0.5303749999999999,0.17383749999999998,0.217775
5,232,0.061125,0.07669374999999999,0.08800625
5,233,0.52725,0.139875,0.1092125
5,234,0.06411764705882353,0.19352941176470592,0.1759470588235294
5,235,0.42824999999999996,0.20765,0.28302499999999997
5,236,0.03166666666666666,0.34837333333333326,0.5108333333333335
5,237,0.389875,0.6651374999999999,0.6693875
5,238,0.0480625,0.42742499999999994,0.6025375000000001
5,239,0.377,0.5094,0.5813
5,240,0.06153846153846153,0.37233076923076924,0.4781871794871796
5,241,0.3841111111111112,0.35483333333333333,0.17420000000000002
5,242,0.0451764705882353,0.16106470588235292,0.19411764705882356
5,243,0.30833333333333335,0.16867777777777776,0.11977777777777779
5,244,0.00825,0.05057500000000001,0.1844666666666667
5,245,0.42554545454545445,0.036945454545454545,0.05078181818181818
5,246,0.05093333333333334,0.04822,0.07138666666666668
5,247,0.537375,0.07871249999999999,0.0698625
5,248,0.03985714285714286,0.19950714285714286,0.24065000000000003
5,249,0.3498888888888889,0.43536666666666674,0.4011666666666666
5,250,0.04200000000000001,0.36785333333333337,0.43262
5,251,0.33999999999999997,0.30446,0.43857999999999997
5,252,0.0579375,0.3623125,0.6890437500000002
5,253,0.5054444444444445,0.5273444444444444,0.5333333333333333
5,254,0.05353333333333333,0.2164533333333333,0.22042666666666663
5,255,0.57275,0.410575,0.5701
5,256,0.05740000000000001,0.2799466666666666,0.5420400000000001
5,257,0.42140000000000005,0.37575000000000003,0.5452799999999999
5,258,0.0362,0.36379999999999996,0.37918666666666667
5,259,0.42025,0.4553625,0.36841250000000003
5,260,0.034428571428571426,0.2890857142857143,0.3278857142857142
5,261,0.35781818181818176,0.23005454545454548,0.3376727272727273
5,262,0.04033333333333333,0.25711333333333336,0.5375666666666666
5,263,0.39477777777777784,0.33041111111111116,0.32417777777777773
5,264,0.05366666666666666,0.2239666666666667,0.32950666666666667
5,265,0.530111111111111,0.13829999999999998,0.22047777777777774
5,266,0.059000000000000004,0.1619133333333333,0.3088666666666667
5,267,0.5614999999999999,0.2099625,0.204625
5,268,0.059875,0.252125,0.33758125
5,269,0.4322500000000001,0.32530000000000003,0.37805
5,270,0.06711764705882353,0.32387058823529413,0.4102
5,271,0.3654285714285715,0.48138571428571425,0.6526857142857143
5,272,0.0355,0.34677857142857144,0.5540857142857143
5,273,0.3225,0.33504999999999996,0.46981
5,274,0.058125,0.226,0.22503124999999993
5,275,0.43987499999999996,0.1352875,0.115275
5,276,0.04107142857142858,0.12590714285714286,0.17555714285714288
5,277,0.32930000000000004,0.11610999999999998,0.19292
5,278,0.04856250000000001,0.11244374999999998,0.15690625
5,279,0.39825,0.0872,0.05740000000000001
5,280,0.03528571428571429,0.1372,0.21883571428571424
5,281,0.3721818181818181,0.15586363636363637,0.26859999999999995
5,282,0.04035714285714286,0.11666428571428575,0.2951428571428571
5,283,0.5332222222222223,0.04688888888888889,0.11088888888888888
5,284,0.05028571428571428,0.05481428571428572,0.09955
5,285,0.4765999999999999,0.08171999999999999,0.11016999999999999
5,286,0.05586666666666667,0.09924666666666665,0.15877999999999998
5,287,0.5063333333333334,0.054688888888888884,0.1061
5,288,0.06637500000000002,0.07731875,0.10713749999999998
5,289,0.451125,0.287825,0.11497500000000002
5,290,0.0628125,0.4166625,0.24964999999999998
5,291,0.4664444444444444,0.3947555555555555,0.3123444444444444
5,292,0.034076923076923074,0.19084615384615383,0.16032307692307693
5,293,0.334,0.22099090909090913,0.13220909090909091
5,294,0.04833333333333334,0.08771333333333334,0.21009333333333333
5,295,0.428,0.13861666666666667,0.16771666666666665
5,296,0.12975,0.2797625,0.31658749999999997
5,297,0.008624999999999999,0.3081,0.5355625
5,298,0.26884615384615385,0.36423846153846157,0.8122692307692309
5,299,0.003222222222222222,0.4771888888888889,0.8129333333333333
5,300,0.2378571428571429,0.33321428571428574,0.35054285714285716
5,301,0.05735714285714285,0.3699285714285714,0.5892285714285714
5,302,0.5673750000000001,0.42755,0.46171249999999997
5,303,0.0861578947368421,0.23275263157894735,0.30705789473684203
5,304,0.2945,0.5615875,0.49505
5,305,0.025333333333333336,0.4769166666666666,0.5009833333333333
5,306,0.37875,0.5253749999999999,0.40541666666666676
5,307,0.012363636363636365,0.2912818181818182,0.25125454545454545
5,308,0.36974999999999997,0.3680916666666667,0.29894166666666666
5,309,0.018583333333333334,0.30820000000000003,0.4420916666666666
5,310,0.3583636363636364,0.6434909090909091,0.6492272727272728
5,311,0.03928571428571429,0.32939999999999997,0.6076928571428573
5,312,0.48622222222222217,0.1639111111111111,0.35835555555555554
5,313,0.04014285714285715,0.12452857142857143,0.24594285714285719
5,314,0.39959999999999996,0.15393,0.18471999999999997
5,315,0.06575,0.1334625,0.07280624999999999
5,316,0.51,0.0854125,0.049337500000000006
5,317,0.054142857142857145,0.10371428571428573,0.05399999999999999
5,318,0.5117272727272728,0.09742727272727271,0.029090909090909087
5,319,0.07113333333333333,0.26455333333333336,0.14698
5,320,0.5589999999999999,0.3660777777777777,0.27478888888888886
5,321,0.04030769230769231,0.35688461538461536,0.2222923076923077
5,322,0.4115,0.5326833333333333,0.5038250000000001
5,323,0.04235714285714286,0.2676214285714286,0.42421428571428565
5,324,0.4474444444444445,0.16014444444444445,0.38764444444444446
5,325,0.06947058823529412,0.11074117647058823,0.08564705882352941
5,326,0.3474285714285714,0.2704285714285714,0.2401285714285714
5,327,0.022357142857142853,0.3242428571428571,0.4312357142857143
5,328,0.2627,0.6139699999999999,0.60145
5,329,0.024153846153846154,0.5184923076923077,0.6366846153846153
5,330,0.44609999999999994,0.3545299999999999,0.41034
5,331,0.060937500000000006,0.17143125,0.26556875
5,332,0.33199999999999996,0.48930999999999997,0.43106999999999995
5,333,0.013583333333333331,0.42324999999999996,0.5586000000000001
5,334,0.25833333333333336,0.33451666666666663,0.638
5,335,0.02075,0.3150083333333333,0.6070749999999999
5,336,0.464909090909091,0.7433727272727274,0.7079545454545454
5,337,0.07183333333333333,0.47786666666666666,0.42185
5,338,0.029375,0.16143749999999998,0.08651250000000002
5,339,0.45722222222222225,0.07245555555555555,0.06322222222222222
5,340,0.09000000000000001,0.1539833333333333,0.25155
5,341,0.0375,0.27721,0.48151
5,342,0.375,0.37238750000000004,0.6140125000000001
5,343,0.0425625,0.13418125,0.29518750000000005
5,344,0.3612222222222222,0.13598888888888888,0.17523333333333335
5,345,0.0428,0.12101333333333333,0.15486000000000003
5,346,0.3141111111111111,0.5344555555555556,0.4300777777777778
5,347,0.030230769230769235,0.3684538461538462,0.4807923076923077
5,348,0.4228181818181818,0.38997272727272725,0.28193636363636365
5,349,0.034076923076923074,0.21093076923076928,0.1618230769230769
5,350,0.4396363636363636,0.3586090909090909,0.18995454545454543
5,351,0.03623076923076923,0.38346923076923084,0.427223076923077
5,352,0.46449999999999997,0.65334,0.51805
5,353,0.10066666666666668,0.5166499999999999,0.33390000000000003
5,354,0.014124999999999999,0.2045,0.1466875
5,355,0.45489999999999997,0.09268000000000001,0.05582
5,356,0.07543749999999999,0.08465624999999999,0.24980624999999998
5,357,0.44966666666666666,0.20075555555555555,0.3757999999999999
5,358,0.039214285714285715,0.25663571428571424,0.5086642857142858
5,359,0.38039999999999996,0.35605999999999993,0.25094999999999995
5,360,0.02584615384615385,0.15073846153846152,0.12054615384615386
5,361,0.3487272727272727,0.07398181818181818,0.041036363636363635
5,362,0.03833333333333334,0.048293333333333334,0.05192666666666666
5,363,0.29544444444444445,0.08872222222222222,0.14071111111111112
5,364,0.026153846153846153,0.13816923076923077,0.32936923076923075
5,365,0.4078181818181818,0.13047272727272727,0.2501999999999999
5,366,0.029769230769230774,0.09553846153846154,0.18557692307692308
5,367,0.2736153846153846,0.13446923076923076,0.15523076923076923
5,368,0.011818181818181818,0.09786363636363636,0.15283636363636366
5,369,0.4421818181818182,0.04513636363636364,0.08338181818181817
5,370,0.04142857142857143,0.04011428571428571,0.06675714285714285
5,371,0.39890000000000003,0.030379999999999997,0.03379
5,372,0.045200000000000004,0.07397333333333332,0.08734666666666667
5,373,0.401875,0.41964999999999997,0.2683125
5,374,0.04700000000000001,0.38901333333333327,0.39804
5,375,0.4001,0.31443999999999994,0.38156999999999996
5,376,0.02638461538461539,0.13653076923076923,0.17353846153846153
5,377,0.3613,0.14978,0.10526999999999997
5,378,0.059625,0.08642499999999999,0.11752499999999999
5,379,0.43925,0.06633750000000001,0.0972625
5,380,0.049800000000000004,0.10476666666666666,0.15992000000000003
5,381,0.4969,0.06381,0.20617999999999997
5,382,0.05700000000000001,0.06541999999999999,0.1540466666666667
5,383,0.46485714285714286,0.20177142857142855,0.1137142857142857
5,384,0.06935294117647059,0.17442352941176476,0.18842941176470587
5,385,0.39030000000000004,0.17978,0.1566
5,386,0.02823076923076923,0.1637846153846154,0.14392307692307693
5,387,0.40009999999999996,0.07093,0.11853
5,388,0.055266666666666665,0.08902,0.2420866666666667
5,389,0.5025555555555555,0.09582222222222223,0.2813
5,390,0.06006666666666667,0.13718666666666665,0.3586266666666667
5,391,0.5201111111111112,0.06767777777777778,0.2095111111111111
5,392,0.060866666666666666,0.09378666666666667,0.2481133333333333
5,393,0.5401249999999999,0.05172500000000001,0.1338125
5,394,0.07200000000000001,0.056156250000000005,0.13953749999999998
5,395,0.518875,0.06698749999999999,0.08243750000000001
5,396,0.0455,0.09684999999999999,0.08552857142857143
5,397,0.29854545454545456,0.19195454545454546,0.0765909090909091
5,398,0.05020000000000001,0.1479933333333333,0.09261333333333334
5,399,0.525,0.2091875,0.103975
5,400,0.066625,0.07737500000000001,0.16900625000000002
5,401,0.47589999999999993,0.14882,0.28972999999999993
5,402,0.014083333333333331,0.27576666666666666,0.4018333333333333
5,403,0.27399999999999997,0.23653333333333335,0.16064444444444448
5,404,0.06622222222222222,0.1125888888888889,0.05632777777777778
5,405,0.4241111111111111,0.5017111111111111,0.28507777777777776
5,406,0.02814285714285714,0.4100285714285715,0.4451785714285714
5,407,0.3893333333333333,0.41556666666666664,0.5472333333333332
5,408,0.0464,0.14814666666666668,0.24807333333333334
5,409,0.46322222222222226,0.2224333333333333,0.12833333333333333
5,410,0.0655,0.15555624999999998,0.09325625000000001
5,411,0.48,0.1617375,0.1305875
5,412,0.043333333333333335,0.07312666666666666,0.058993333333333335
5,413,0.43766666666666665,0.28718888888888894,0.1597222222222222
5,414,0.052000000000000005,0.2194466666666667,0.18865999999999997
5,415,0.48800000000000004,0.2617875,0.2198125
5,416,0.050624999999999996,0.12769999999999998,0.15029374999999998
5,417,0.3884285714285714,0.11062857142857142,0.06082857142857143
5,418,0.04133333333333334,0.1149,0.15146
5,419,0.3772222222222222,0.1638666666666667,0.1402
5,420,0.05775,0.11253125,0.28884999999999994
5,421,0.3956,0.1203,0.14504
5,422,0.024999999999999998,0.0835,0.14537142857142857
5,423,0.3108888888888889,0.14127777777777778,0.1931
5,424,0.03573333333333333,0.14719999999999997,0.29255333333333333
5,425,0.3343,0.1549,0.24782
5,426,0.026214285714285714,0.14109285714285716,0.1346
5,427,0.39089999999999997,0.16477,0.10602
5,428,0.04006666666666667,0.13824666666666668,0.10619999999999999
5,429,0.434375,0.06183749999999999,0.1114375
5,430,0.041999999999999996,0.12378125,0.34847500000000003
5,431,0.3971111111111111,0.10369999999999999,0.2829111111111111
5,432,0.015230769230769232,0.09503846153846153,0.3433076923076923
5,433,0.38027272727272726,0.052054545454545464,0.18898181818181817
5,434,0.02342857142857143,0.08606428571428572,0.25476428571428567
5,435,0.379,0.16634,0.43021000000000004
5,436,0.024,0.27716,0.6995266666666667
5,437,0.25880000000000003,0.29111,0.5005200000000001
5,438,0.020571428571428574,0.20372857142857143,0.30617857142857147
5,439,0.3322222222222222,0.1690111111111111,0.28287777777777773
5,440,0.029733333333333334,0.14464666666666665,0.4036800000000001
5,441,0.42262500000000003,0.238975,0.4188
5,442,0.052375,0.22743750000000001,0.29959375
5,443,0.506625,0.1861625,0.241975
5,444,0.0553125,0.12544375,0.15921875
5,445,0.508875,0.0809375,0.12125000000000001
5,446,0.048125,0.07674375,0.05409375
5,447,0.419375,0.09073750000000001,0.046087499999999997
5,448,0.036875000000000005,0.14524374999999998,0.16665
5,449,0.2667,0.20499,0.24884
5,450,0.020571428571428574,0.13722142857142858,0.39242142857142864
5,451,0.44812500000000005,0.260575,0.61485
5,452,0.047625,0.22840000000000002,0.52099375
5,453,0.42457142857142854,0.1883,0.3292571428571428
5,454,0.0349375,0.23739374999999996,0.42134999999999995
5,455,0.42810000000000004,0.44535,0.47170000000000006
5,456,0.036733333333333326,0.33937333333333325,0.32244
5,457,0.46674999999999994,0.245625,0.1483
5,458,0.05811764705882353,0.08638823529411768,0.12793529411764704
5,459,0.4992857142857143,0.04095714285714286,0.017400000000000002
5,460,0.038250000000000006,0.0901375,0.22310625
5,461,0.373875,0.282775,0.45653750000000004
5,462,0.019285714285714288,0.3941285714285714,0.40815714285714283
5,463,0.2522,0.3538,0.27052
5,464,0.027000000000000003,0.2098266666666667,0.36006666666666665
5,465,0.3887777777777778,0.1745777777777778,0.4898
5,466,0.051941176470588234,0.10069999999999998,0.33689411764705884
5,467,0.457,0.07868571428571428,0.2132
5,468,0.02693333333333334,0.14230666666666666,0.17922666666666667
5,469,0.45588888888888884,0.3949666666666667,0.27702222222222217
5,470,0.02846666666666667,0.26161999999999996,0.3792733333333333
5,471,0.3893,0.47289000000000003,0.57475
5,472,0.016428571428571428,0.43965000000000004,0.6037357142857144
5,473,0.3622222222222222,0.7043444444444444,0.7909666666666666
5,474,0.023571428571428577,0.5240785714285714,0.7311714285714286
5,475,0.37554545454545457,0.2452181818181818,0.37408181818181824
5,476,0.021266666666666666,0.09711333333333332,0.08638666666666664
5,477,0.38822222222222225,0.018444444444444444,0.013677777777777778
5,478,0.016266666666666665,0.05293333333333334,0.08448000000000001
5,479,0.29871428571428577,0.09995714285714286,0.20891428571428575
5,480,0.032882352941176474,0.12718235294117644,0.33283529411764706
5,481,0.42537499999999995,0.21735,0.50915
5,482,0.030933333333333334,0.11877333333333331,0.4538866666666667
5,483,0.503,0.10808888888888889,0.37254444444444446
5,484,0.03246666666666667,0.11205333333333334,0.24189999999999998
5,485,0.27425,0.15798750000000003,0.17250000000000001
5,486,0.0146,0.1573466666666667,0.25390666666666667
5,487,0.256,0.2847,0.38462
5,488,0.027187500000000003,0.2490375,0.4221125
5,489,0.45588888888888884,0.18460000000000001,0.26935555555555557
5,490,0.017133333333333334,0.23753333333333332,0.20484666666666665
5,491,0.33012500000000006,0.2709625,0.3108625
5,492,0.024625,0.09509375000000002,0.17634999999999998
5,493,0.3062222222222222,0.08997777777777777,0.14576666666666666
5,494,0.013600000000000001,0.20232666666666665,0.41234666666666675
5,495,0.2514444444444444,0.2972444444444445,0.5112111111111111
5,496,0.0065,0.16985714285714287,0.3590285714285714
5,497,0.3461111111111111,0.31244444444444447,0.646611111111111
5,498,0.015133333333333334,0.28898666666666667,0.6436933333333332
5,499,0.2739,0.5310400000000001,0.7744099999999999
5,500,0.0275625,0.4048624999999999,0.69839375
5,501,0.40385714285714286,0.30342857142857144,0.5806428571428571
5,502,0.019071428571428573,0.13549285714285714,0.2669214285714286
5,503,0.18043749999999997,0.2149,0.52570625
5,504,0.0,0.2161375,0.35989999999999994
5,505,0.1965625,0.2030375,0.177225
5,506,0.05539999999999999,0.3669885714285714,0.5281971428571427
5,507,0.12584615384615386,0.6180307692307692,0.5986461538461538
5,508,0.014499999999999999,0.6486799999999999,0.7904200000000001
5,509,0.39688888888888896,0.681711111111111,0.8259444444444444
5,510,0.0230625,0.45840625000000007,0.7348125000000001
5,511,0.35175000000000006,0.3239625,0.6123250000000001
5,512,0.010866666666666667,0.12483999999999999,0.46960666666666667
5,513,0.19076923076923075,0.08210769230769231,0.15347692307692307
5,514,0.03948571428571429,0.17092571428571426,0.3075914285714285
5,515,0.30350000000000005,0.3302,0.39994999999999997
5,516,0.026235294117647058,0.26124705882352944,0.45503529411764715
5,517,0.40399999999999997,0.14018333333333335,0.4288
5,518,0.03411764705882353,0.12417058823529412,0.29567058823529413
5,519,0.403375,0.13535,0.20096250000000002
5,520,0.015000000000000001,0.13771999999999998,0.25974
5,521,0.32775,0.1384,0.25541250000000004
5,522,0.03194444444444444,0.17756666666666665,0.2991388888888889
5,523,0.29242857142857137,0.3345285714285714,0.3652
5,524,0.007642857142857144,0.2199785714285715,0.40499999999999997
5,525,0.15586666666666668,0.09668,0.24995333333333333
5,526,0.030615384615384617,0.1891846153846154,0.07817692307692307
5,527,0.16949999999999998,0.29338333333333333,0.16700833333333334
5,528,0.009,0.51407,0.41224999999999995
5,529,0.38442857142857145,0.2706857142857143,0.41000000000000003
5,530,0.0248,0.1643466666666667,0.15954666666666667
5,531,0.127875,0.4823687499999999,0.35416249999999994
5,532,0.007400000000000001,0.30561000000000005,0.41116
5,533,0.08955263157894737,0.26806315789473684,0.22066578947368423
5,534,0.035375000000000004,0.14613125000000002,0.18296562500000002
5,535,0.06925,0.20618333333333336,0.3167833333333333
5,536,0.0,0.3543083333333333,0.46154999999999996
5,537,0.2071,0.38767999999999997,0.55088
5,538,0.012750000000000001,0.27966875,0.44476249999999995
5,539,0.3764285714285714,0.2961714285714286,0.4104285714285715
5,540,0.025294117647058825,0.25345294117647055,0.5083235294117646
5,541,0.34142857142857136,0.22357142857142856,0.22331428571428572
5,542,0.015266666666666668,0.36451333333333336,0.2278933333333333
5,543,0.10812500000000001,0.60340625,0.49970625
5,544,0.005,0.51315,0.44982999999999995
5,545,0.32675,0.3247,0.31602499999999994
5,546,0.013823529411764705,0.15148823529411762,0.1402470588235294
5,547,0.2842857142857143,0.10742857142857143,0.07114285714285715
5,548,0.004571428571428572,0.07432857142857142,0.027835714285714287
5,549,0.19072727272727272,0.11093636363636362,0.06275454545454545
5,550,0.004666666666666667,0.20728000000000002,0.17205333333333334
5,551,0.399,0.15255,0.1443375
5,552,0.06892857142857142,0.10725952380952382,0.10398571428571428
5,553,0.4418,0.08616,0.06302
5,554,0.045578947368421045,0.06796315789473686,0.10825789473684211
5,555,0.4243333333333333,0.07546666666666667,0.10425
5,556,0.008625,0.08504375000000003,0.09415
5,557,0.2425,0.0534375,0.0205125
5,558,0.0055000000000000005,0.10976249999999997,0.022356249999999998
5,559,0.21522222222222223,0.19295555555555552,0.09406666666666667
5,560,7.692307692307693e-05,0.2956615384615385,0.4421461538461538
5,561,0.09475,0.2563125,0.53148125
5,562,0.0,0.2122125,0.4152125
5,563,0.137875,0.22183125,0.36392500000000005
5,564,0.014181818181818183,0.34481818181818186,0.5414363636363636
5,565,0.3474285714285714,0.5905714285714286,0.6799142857142858
5,566,0.042931034482758625,0.5707379310344828,0.6938103448275861
5,567,0.0,0.4857555555555555,0.5504888888888888
5,568,0.06526666666666667,0.4076066666666666,0.39622000000000007
5,569,0.0,0.2688400000000001,0.39454
5,570,0.04284313725490195,0.2953803921568627,0.6132980392156862
5,571,0.09123076923076923,0.4873923076923076,0.5780230769230769
5,572,0.04945161290322581,0.3599129032258064,0.4329129032258066
5,573,0.07728048780487805,0.20745000000000002,0.481458536585366
5,574,0.01941025641025641,0.15407179487179493,0.35139487179487183
5,575,0.04953846153846154,0.34761538461538455,0.6571
5,576,0.02913513513513514,0.580062162162162,0.8629756756756756
5,577,0.32166666666666666,0.46625,0.67385
5,578,0.023166666666666665,0.2205,0.35014999999999996
5,579,0.0,0.14973,0.14387
5,580,0.08299999999999999,0.2984,0.3369142857142857
5,581,0.02197142857142857,0.4795971428571429,0.6495885714285715
5,582,0.030370370370370367,0.13863703703703703,0.26721296296296304
5,583,0.09649999999999999,0.22239999999999996,0.21978124999999998
5,584,0.0,0.2067875,0.2166875
5,585,0.04526315789473684,0.3233657894736841,0.3941263157894737
5,586,0.0,0.48708,0.57858
5,587,0.030142857142857145,0.3268285714285714,0.5354214285714286
5,588,0.0,0.23030999999999996,0.31428999999999996
5,589,0.030125000000000006,0.10136749999999999,0.10022000000000002
5,590,0.009896551724137932,0.26173103448275864,0.3828344827586207
5,591,0.006166666666666667,0.5917,0.4878166666666666
5,592,0.029333333333333336,0.5648833333333333,0.8014
5,593,0.0,0.622688888888889,0.9050555555555556
5,594,0.03966666666666666,0.7857266666666666,0.8935133333333333
5,595,0.0,0.6769111111111111,0.8769444444444444
5,596,0.08628571428571429,0.61305,0.8246214285714285
5,597,0.0,0.45499999999999996,0.71379
5,598,0.0508125,0.41980625000000005,0.4923375000000001
5,599,0.0,0.38161249999999997,0.61175
5,600,0.03925000000000001,0.2540625,0.6360062500000001
5,601,0.0,0.11654444444444446,0.40541111111111117
5,602,0.066875,0.1335125,0.1207375
5,603,0.0,0.47065714285714283,0.3157571428571428
5,604,0.007181818181818182,0.5363636363636364,0.5831363636363636
5,605,0.06133333333333333,0.36087500000000006,0.447575
5,606,0.0,0.45251111111111114,0.5626333333333333
5,607,0.0384,0.42861999999999995,0.5521933333333333
5,608,0.0,0.27127777777777784,0.2533
5,609,0.053437500000000006,0.324,0.170825
5,610,0.0,0.42803749999999996,0.28712499999999996
5,611,0.053714285714285714,0.43390714285714294,0.35244285714285717
5,612,0.0,0.50237,0.41029
5,613,0.025666666666666667,0.5220533333333334,0.5290933333333333
5,614,0.0,0.3227777777777778,0.3292777777777778
5,615,0.047874999999999994,0.1645875,0.10795624999999999
5,616,0.019767857142857146,0.2411714285714286,0.23265714285714284
5,617,0.05535714285714286,0.24398571428571428,0.18514285714285714
5,618,0.0,0.4242699999999999,0.18066
5,619,0.0481875,0.22538750000000005,0.0753875
5,620,0.0,0.101275,0.0785875
5,621,0.04033333333333333,0.14703333333333332,0.2486666666666667
5,622,0.0,0.21246666666666666,0.2786888888888888
5,623,0.0208125,0.23378125,0.17160625000000002
5,624,0.0,0.17827500000000002,0.174825
5,625,0.026125,0.2149625,0.3170625
5,626,0.016,0.36436818181818187,0.37327272727272726
5,627,0.015840000000000003,0.6079159999999998,0.746116
5,628,0.0,0.3473111111111111,0.5147777777777778
5,629,0.0405,0.20110714285714287,0.6592214285714286
5,630,0.0,0.15145999999999998,0.6444099999999999
5,631,0.04783333333333333,0.34076666666666666,0.4860499999999999
5,632,0.006333333333333333,0.7890222222222222,0.8939222222222223
5,633,0.0,0.7672888888888889,0.8791222222222222
5,634,0.060384615384615384,0.4681538461538461,0.6421769230769232
5,635,0.0,0.7653181818181818,0.9058363636363637
5,636,0.022290322580645158,0.6364387096774193,0.8547935483870965
5,637,0.008142857142857143,0.7202999999999999,0.651057142857143
5,638,0.0,0.52261,0.59102
5,639,0.039714285714285716,0.5020357142857143,0.36162142857142854
5,640,0.0,0.6249,0.5884666666666667
5,641,0.016897959183673466,0.7303836734693876,0.882181632653061
5,642,0.03921052631578947,0.6627315789473682,0.7368736842105265
5,643,0.0,0.23334000000000002,0.48553999999999997
5,644,0.0230625,0.16432499999999997,0.29645000000000005
5,645,0.0,0.1403875,0.2169875
5,646,0.04786666666666666,0.07815333333333332,0.13345333333333334
5,647,0.0,0.2414333333333333,0.1676111111111111
5,648,0.031857142857142855,0.42469999999999997,0.45112142857142856
5,649,0.0004166666666666667,0.40365000000000006,0.5857249999999999
5,650,0.0606875,0.27874374999999996,0.25995
5,651,0.000125,0.7037625,0.59385
5,652,0.017071428571428574,0.7868285714285713,0.8093357142857143
5,653,0.0,0.5836749999999999,0.765925
5,654,0.0234375,0.557475,0.62535625
5,655,0.0,0.48447500000000004,0.6715375000000001
5,656,0.0295,0.4673000000000001,0.46697857142857135
5,657,0.0,0.32175000000000004,0.40800000000000003
5,658,0.027357142857142858,0.19292857142857142,0.32839285714285715
5,659,0.0,0.10023,0.14967
5,660,0.047066666666666666,0.10439333333333332,0.2789933333333333
5,661,0.0,0.11962222222222223,0.28094444444444444
5,662,0.051625000000000004,0.3046375,0.20761875000000002
5,663,0.022627450980392157,0.3730784313725489,0.27000196078431365
5,664,0.0,0.5701571428571429,0.4998571428571429
5,665,0.0265,0.579525,0.7437875
5,666,0.007285714285714286,0.40870952380952386,0.5864761904761904
5,667,0.0015454545454545456,0.39469090909090904,0.8251636363636364
5,668,0.0,0.21676250000000002,0.45153750000000004
5,669,0.02085714285714286,0.1426214285714286,0.3773285714285714
5,670,0.0,0.4100222222222222,0.7200111111111112
5,671,0.012854838709677421,0.6863935483870967,0.9224806451612906
5,672,0.014769230769230769,0.5218153846153845,0.7143153846153847
