Y,T,PV,Wind
22,1,0.0,0.27205
22,2,0.00014285714285714287,0.2291857142857143
22,3,0.0485,0.1903
22,4,0.11466666666666665,0.15396666666666667
22,5,0.02,0.18546666666666667
22,6,0.0,0.217125
22,7,0.0,0.2089
22,8,0.0,0.1831625
22,9,0.0025,0.17520000000000002
22,10,0.074,0.1487
22,11,0.1985,0.09505
22,12,0.1,0.0882
22,13,0.0038,0.10968
22,14,0.0,0.09010000000000001
22,15,0.0,0.0783
22,16,0.0,0.10833999999999999
22,17,0.0,0.2003
22,18,0.002,0.2625
22,19,0.0695,0.27555
22,20,0.12333333333333334,0.31139999999999995
22,21,0.011499999999999998,0.3472833333333334
22,22,0.0,0.39244999999999997
22,23,0.0,0.3834
22,24,0.0,0.38312500000000005
22,25,0.0,0.4165
22,26,0.0075,0.43010000000000004
22,27,0.05525000000000001,0.44005000000000005
22,28,0.004166666666666667,0.43465
22,29,0.0,0.39554999999999996
22,30,0.0,0.3678
22,31,0.0,0.3448
22,32,0.0155,0.32275
22,33,0.07325000000000001,0.3248
22,34,0.0165,0.26625
22,35,0.0,0.23162500000000003
22,36,0.0,0.25865
22,37,0.0,0.2713
22,38,0.00011111111111111112,0.31679999999999997
22,39,0.035,0.2585
22,40,0.0985,0.22249999999999998
22,41,0.0275,0.2219
22,42,0.0,0.19667500000000002
22,43,0.0,0.14825
22,44,0.0,0.11997777777777777
22,45,0.0,0.17
22,46,0.037250000000000005,0.21077500000000002
22,47,0.0,0.25505
22,48,0.0,0.2989
22,49,0.0,0.298
22,50,0.0,0.230825
22,51,0.015666666666666666,0.2663333333333333
22,52,0.182,0.291775
22,53,0.103,0.3028
22,54,0.0105,0.31594999999999995
22,55,0.0,0.33969999999999995
22,56,0.0,0.33230000000000004
22,57,0.0,0.3484
22,58,0.0,0.4144571428571428
22,59,0.0,0.4522
22,60,0.0065,0.46305
22,61,0.086,0.4396
22,62,0.178,0.4007
22,63,0.248,0.31906666666666667
22,64,0.139,0.265
22,65,0.005333333333333333,0.27035
22,66,0.0,0.30385
22,67,0.0,0.3737625
22,68,0.0036666666666666666,0.3413
22,69,0.024624999999999998,0.2710875
22,70,0.0,0.3113666666666666
22,71,0.0,0.31784999999999997
22,72,0.0,0.3206428571428571
22,73,0.0,0.3977
22,74,0.017333333333333333,0.41796666666666665
22,75,0.142,0.3608
22,76,0.207,0.27166666666666667
22,77,0.108,0.2084
22,78,0.0115,0.1778
22,79,0.0,0.11560000000000001
22,80,0.0,0.09955
22,81,0.0,0.1202
22,82,0.0,0.1878
22,83,0.0,0.2719
22,84,0.0,0.38582000000000005
22,85,0.0,0.3649
22,86,0.023125,0.3805875
22,87,0.0,0.3133333333333333
22,88,0.0,0.24955
22,89,0.0,0.204375
22,90,0.0,0.26005
22,91,0.0,0.32430000000000003
22,92,0.001,0.41845
22,93,0.024,0.423
22,94,0.08449999999999999,0.39595
22,95,0.010333333333333333,0.32626666666666665
22,96,0.0,0.2845
22,97,0.0,0.261
22,98,0.0,0.2452
22,99,0.0,0.2569333333333333
22,100,0.0,0.31984999999999997
22,101,0.0,0.3929
22,102,0.0,0.4305
22,103,0.008,0.4557333333333333
22,104,0.075,0.47865
22,105,0.09600000000000002,0.5429666666666667
22,106,0.0045,0.585375
22,107,0.0,0.50725
22,108,0.0,0.43885
22,109,0.0,0.45869999999999994
22,110,0.0,0.6367
22,111,0.0,0.7803
22,112,0.0,0.844
22,113,0.0,0.8313
22,114,0.024375,0.82545
22,115,0.0,0.81525
22,116,0.0,0.7871999999999999
22,117,0.0,0.7968
22,118,0.0,0.7924750000000002
22,119,0.015333333333333332,0.7808666666666667
22,120,0.11399999999999999,0.7585666666666667
22,121,0.0895,0.65045
22,122,0.0021666666666666666,0.5702333333333334
22,123,0.0,0.53915
22,124,0.0,0.49766666666666665
22,125,0.0,0.395275
22,126,0.0,0.3158
22,127,0.0,0.2792
22,128,0.0125,0.2303
22,129,0.09140000000000001,0.15948
22,130,0.0025,0.18826666666666667
22,131,0.0,0.2093
22,132,0.0,0.2191
22,133,0.0,0.228675
22,134,0.015666666666666666,0.24350000000000002
22,135,0.1472,0.22174
22,136,0.0066,0.27812000000000003
22,137,0.0,0.27754999999999996
22,138,0.0,0.2762
22,139,0.0,0.26583333333333337
22,140,0.0,0.2178
22,141,0.003,0.18595
22,142,0.046,0.165
22,143,0.1464,0.12616
22,144,0.0082,0.12622
22,145,0.0,0.11655
22,146,0.0,0.1153
22,147,0.0027,0.10301
22,148,0.145,0.1025
22,149,0.2985,0.084425
22,150,0.184,0.0852
22,151,0.06,0.1048
22,152,0.0,0.140025
22,153,0.0,0.14145000000000002
22,154,0.0,0.1384
22,155,0.0,0.15480000000000002
22,156,0.0,0.1707
22,157,0.0105,0.17149999999999999
22,158,0.1255,0.13935
22,159,0.2213333333333333,0.10206666666666668
22,160,0.137,0.0958
22,161,0.007333333333333333,0.11205
22,162,0.0,0.11049999999999999
22,163,0.0,0.11265714285714287
22,164,0.0,0.1089
22,165,0.021333333333333333,0.11196666666666666
22,166,0.10525000000000001,0.109925
22,167,0.036500000000000005,0.13515
22,168,0.0,0.17679999999999998
22,169,0.0,0.18705
22,170,0.0,0.204
22,171,0.022000000000000002,0.2156
22,172,0.143,0.18719999999999998
22,173,0.005166666666666667,0.24965
22,174,0.0,0.22945
22,175,0.0,0.26831249999999995
22,176,0.024666666666666667,0.3111
22,177,0.148,0.3185
22,178,0.14733333333333332,0.39609999999999995
22,179,0.0055000000000000005,0.4606333333333333
22,180,0.0,0.4436
22,181,0.0,0.4052
22,182,0.0,0.3426875
22,183,0.025199999999999993,0.26831
22,184,0.0,0.28215
22,185,0.0,0.29674999999999996
22,186,0.0,0.3035
22,187,0.0,0.3244
22,188,0.0065,0.3296
22,189,0.086,0.2938
22,190,0.17339999999999997,0.29063999999999995
22,191,0.0205,0.30305
22,192,0.0,0.29096666666666665
22,193,0.0,0.2561
22,194,0.0,0.21639999999999998
22,195,0.0033,0.14898
22,196,0.111,0.1184
22,197,0.24250000000000002,0.111525
22,198,0.158,0.0849
22,199,0.01,0.08518333333333333
22,200,0.0,0.09025
22,201,0.0,0.08602857142857143
22,202,0.0,0.081
22,203,0.0405,0.0796
22,204,0.207,0.0769
22,205,0.34475,0.08352499999999999
22,206,0.231,0.0823
22,207,0.095,0.0856
22,208,0.0006000000000000001,0.10697999999999999
22,209,0.0,0.1139
22,210,0.0,0.1125
22,211,0.0,0.10326250000000001
22,212,0.021,0.0975
22,213,0.185,0.08174999999999999
22,214,0.304,0.055
22,215,0.203,0.049
22,216,0.08,0.0542
22,217,0.0006000000000000001,0.07772
22,218,0.0,0.0813
22,219,0.0,0.0803
22,220,0.0,0.09865714285714285
22,221,0.0,0.1325
22,222,0.0235,0.14445
22,223,0.141,0.1464
22,224,0.27349999999999997,0.19899999999999998
22,225,0.177,0.2144
22,226,0.073,0.2211
22,227,0.0008,0.26028
22,228,0.0,0.264
22,229,0.0,0.22418571428571427
22,230,0.0,0.2576
22,231,0.0215,0.28905000000000003
22,232,0.127,0.31505
22,233,0.22,0.37933333333333336
22,234,0.113,0.44825000000000004
22,235,0.0008,0.5536399999999999
22,236,0.0,0.5989
22,237,0.0,0.54565
22,238,0.0,0.462225
22,239,0.0,0.4445
22,240,0.043000000000000003,0.4419666666666667
22,241,0.159,0.478675
22,242,0.033,0.45235000000000003
22,243,0.0,0.38133333333333336
22,244,0.0,0.31155
22,245,0.0,0.2969
22,246,0.0,0.3196333333333334
22,247,0.0,0.4412
22,248,0.0,0.5422
22,249,0.0,0.6446333333333333
22,250,0.004,0.70155
22,251,0.06425,0.7396999999999999
22,252,0.07250000000000001,0.6453
22,253,0.0115,0.5995999999999999
22,254,0.0,0.6068666666666667
22,255,0.0,0.68265
22,256,0.0,0.736925
22,257,0.0,0.6512600000000001
22,258,0.0105,0.5463499999999999
22,259,0.095,0.4699
22,260,0.207,0.442
22,261,0.287,0.4982
22,262,0.299,0.6092
22,263,0.227,0.7165
22,264,0.118,0.8063
22,265,0.016,0.89415
22,266,0.0,0.9441999999999999
22,267,0.0,0.9615
22,268,0.0,0.9628
22,269,0.0,0.9131600000000001
22,270,0.0,0.8200000000000001
22,271,0.0,0.7357
22,272,0.0,0.6613
22,273,0.03666666666666666,0.5348666666666667
22,274,0.087,0.6359
22,275,0.07766666666666666,0.7754
22,276,0.004666666666666667,0.86885
22,277,0.0,0.8438
22,278,0.0,0.7659199999999999
22,279,0.0,0.6779
22,280,0.0,0.5995
22,281,0.0,0.5328
22,282,0.026500000000000003,0.45655
22,283,0.08,0.40392500000000003
22,284,0.008428571428571428,0.3534
22,285,0.0,0.33394999999999997
22,286,0.0,0.3051714285714286
22,287,0.0,0.2933
22,288,0.005,0.29075
22,289,0.0755,0.26990000000000003
22,290,0.004,0.2896
22,291,0.0,0.2728
22,292,0.0,0.2603
22,293,0.0,0.26166666666666666
22,294,0.0,0.3295
22,295,0.0,0.45894999999999997
22,296,0.0,0.5521
22,297,0.009,0.6432333333333333
22,298,0.0615,0.69995
22,299,0.12633333333333333,0.6911999999999999
22,300,0.028499999999999998,0.577
22,301,0.0,0.475275
22,302,0.0,0.42225
22,303,0.0,0.3821666666666667
22,304,0.0,0.30279999999999996
22,305,0.0,0.2469
22,306,0.001,0.2148
22,307,0.07150000000000001,0.1644
22,308,0.197,0.1357
22,309,0.319,0.15216666666666667
22,310,0.221,0.1628
22,311,0.112,0.1698
22,312,0.005,0.2347
22,313,0.0,0.32645
22,314,0.0,0.3814
22,315,0.0,0.40265
22,316,0.0,0.4464333333333333
22,317,0.0055,0.42645
22,318,0.054,0.3605
22,319,0.1545,0.3123
22,320,0.010333333333333333,0.27048333333333335
22,321,0.0,0.22799999999999998
22,322,0.0,0.23392500000000002
22,323,0.0,0.19478
22,324,0.04,0.1666
22,325,0.107,0.1308
22,326,0.192,0.0956
22,327,0.24766666666666667,0.065
22,328,0.162,0.0534
22,329,0.0435,0.07415
22,330,0.0,0.10876666666666668
22,331,0.0,0.12435000000000002
22,332,0.0,0.15552222222222223
22,333,0.023000000000000003,0.19240000000000002
22,334,0.11274999999999999,0.167325
22,335,0.045,0.16094999999999998
22,336,0.0015,0.2141
22,337,0.0,0.2739666666666667
22,338,0.0,0.2914
22,339,0.0,0.2841
22,340,0.0,0.27230000000000004
22,341,0.0,0.2026
22,342,0.0,0.168
22,343,0.012,0.1476
22,344,0.11649999999999999,0.1232
22,345,0.27475,0.1208
22,346,0.122,0.1543
22,347,0.02,0.1931
22,348,0.0,0.2603333333333333
22,349,0.0,0.32425
22,350,0.0,0.3623
22,351,0.0,0.4399875
22,352,0.015,0.43026666666666663
22,353,0.064,0.34747500000000003
22,354,0.022000000000000002,0.2554
22,355,0.0,0.20883333333333334
22,356,0.0,0.1503
22,357,0.0,0.1135
22,358,0.0,0.08092857142857143
22,359,0.0,0.1112
22,360,0.0235,0.13045
22,361,0.126,0.1511
22,362,0.247,0.21895
22,363,0.1225,0.24745
22,364,0.003,0.29874
22,365,0.0,0.2918
22,366,0.0,0.25011249999999996
22,367,0.022,0.2648
22,368,0.133,0.33404999999999996
22,369,0.192,0.4299
22,370,0.11499999999999999,0.4598
22,371,0.019999999999999997,0.4859
22,372,0.0,0.53035
22,373,0.0,0.47585
22,374,0.0,0.39127500000000004
22,375,0.0,0.275775
22,376,0.019,0.1795
22,377,0.1345,0.14715
22,378,0.2405,0.13244999999999998
22,379,0.097,0.0965
22,380,0.004,0.12087999999999999
22,381,0.0,0.10605
22,382,0.00022222222222222223,0.060966666666666676
22,383,0.0625,0.0698
22,384,0.18739999999999998,0.060939999999999994
22,385,0.0585,0.05795
22,386,0.0,0.10483333333333333
22,387,0.0,0.1393
22,388,0.0,0.1604625
22,389,0.0,0.1971
22,390,0.0215,0.22485
22,391,0.1205,0.24985000000000002
22,392,0.18675,0.318875
22,393,0.0375,0.36905
22,394,0.0,0.4832000000000001
22,395,0.0,0.56535
22,396,0.0,0.5757
22,397,0.0,0.5556142857142857
22,398,0.0,0.4963
22,399,0.0095,0.44484999999999997
22,400,0.068,0.362
22,401,0.122,0.27499999999999997
22,402,0.035500000000000004,0.20839999999999997
22,403,0.0,0.208025
22,404,0.0,0.1992
22,405,0.0,0.2288
22,406,0.005,0.2667
22,407,0.0765,0.2683
22,408,0.20650000000000002,0.33257499999999995
22,409,0.10849999999999999,0.3295
22,410,0.0032,0.34696
22,411,0.0,0.34785
22,412,0.0,0.33143749999999994
22,413,0.0225,0.32055
22,414,0.1105,0.3139
22,415,0.14366666666666666,0.23979999999999999
22,416,0.07,0.14775
22,417,0.0021999999999999997,0.14284
22,418,0.0,0.1189
22,419,0.0,0.10398750000000001
22,420,0.018000000000000002,0.10325000000000001
22,421,0.1275,0.09966666666666667
22,422,0.029,0.14425
22,423,0.0,0.21816666666666665
22,424,0.0,0.25965000000000005
22,425,0.0,0.2961
22,426,0.0,0.3338875
22,427,0.0075,0.3406
22,428,0.06960000000000001,0.33914
22,429,0.04733333333333334,0.39763333333333334
22,430,0.0,0.35295
22,431,0.0,0.31465
22,432,0.0,0.33240000000000003
22,433,0.0013333333333333333,0.4008833333333333
22,434,0.052,0.3835
22,435,0.139,0.3679
22,436,0.238,0.395
22,437,0.33175,0.43442499999999995
22,438,0.165,0.4452
22,439,0.043,0.4317
22,440,0.0,0.4347
22,441,0.0,0.5008
22,442,0.0,0.5497599999999999
22,443,0.0,0.61235
22,444,0.0,0.6454
22,445,0.028999999999999998,0.6297999999999999
22,446,0.1876,0.5919800000000001
22,447,0.10850000000000001,0.4913
22,448,0.012,0.4306
22,449,0.0,0.3880333333333333
22,450,0.0,0.3274
22,451,0.0,0.24723333333333333
22,452,0.0,0.17602500000000001
22,453,0.0,0.2118
22,454,0.0385,0.22425
22,455,0.182,0.25975000000000004
22,456,0.29,0.29886666666666667
22,457,0.1815,0.27845
22,458,0.0102,0.25298000000000004
22,459,0.0,0.25770000000000004
22,460,0.0,0.26517142857142856
22,461,0.0,0.2779
22,462,0.041499999999999995,0.32125000000000004
22,463,0.18,0.3401
22,464,0.28900000000000003,0.42110000000000003
22,465,0.217,0.3706
22,466,0.098,0.3034
22,467,0.0005,0.2651
22,468,0.0,0.21960000000000002
22,469,0.0,0.16975714285714286
22,470,0.0,0.1255
22,471,0.044,0.11
22,472,0.172,0.1009
22,473,0.317,0.1042
22,474,0.42574999999999996,0.09602500000000001
22,475,0.298,0.0917
22,476,0.187,0.0877
22,477,0.0132,0.08381999999999999
22,478,0.0,0.10345
22,479,0.0,0.13845
22,480,0.034,0.12
22,481,0.124,0.0966
22,482,0.242,0.078
22,483,0.37149999999999994,0.06825
22,484,0.273,0.0705
22,485,0.169,0.0749
22,486,0.066,0.0834
22,487,0.0006666666666666666,0.13303333333333334
22,488,0.0,0.1713
22,489,0.0,0.1824
22,490,0.0,0.20390000000000003
22,491,0.008400000000000001,0.2543
22,492,0.142,0.2312
22,493,0.271,0.2134
22,494,0.387,0.2208
22,495,0.4703333333333333,0.20093333333333332
22,496,0.369,0.1585
22,497,0.238,0.1301
22,498,0.096,0.104
22,499,0.001,0.0974
22,500,0.0,0.0839
22,501,0.0035555555555555557,0.05932222222222223
22,502,0.126,0.0691
22,503,0.238,0.062
22,504,0.37839999999999996,0.0629
22,505,0.216,0.0682
22,506,0.09,0.0639
22,507,0.00125,0.06799999999999999
22,508,0.0,0.0722
22,509,0.0,0.09001428571428571
22,510,0.0,0.0934
22,511,0.042,0.0915
22,512,0.137,0.0832
22,513,0.254,0.0747
22,514,0.36224999999999996,0.08005
22,515,0.219,0.0712
22,516,0.072,0.0627
22,517,0.001,0.07422499999999999
22,518,0.0,0.07899999999999999
22,519,0.0,0.0675625
22,520,0.026,0.0749
22,521,0.099,0.0726
22,522,0.2,0.0803
22,523,0.32775,0.09134999999999999
22,524,0.21300000000000002,0.1007
22,525,0.069,0.0961
22,526,0.001,0.12185000000000001
22,527,0.0,0.12145
22,528,0.0,0.11660000000000001
22,529,0.0,0.1386
22,530,0.072,0.1393
22,531,0.205,0.132
22,532,0.342,0.1364
22,533,0.49324999999999997,0.1424
22,534,0.396,0.1432
22,535,0.266,0.1381
22,536,0.119,0.1307
22,537,0.0025,0.16385
22,538,0.0,0.17054999999999998
22,539,0.00025,0.18475
22,540,0.062,0.187
22,541,0.171,0.179
22,542,0.297,0.205
22,543,0.45325,0.2307
22,544,0.375,0.2163
22,545,0.257,0.1987
22,546,0.12,0.1833
22,547,0.004,0.23586666666666667
22,548,0.0,0.28645
22,549,0.0,0.3052
22,550,0.0,0.3189333333333333
22,551,0.0,0.37417500000000004
22,552,0.002,0.4276
22,553,0.069,0.4475
22,554,0.182,0.4821
22,555,0.297,0.5308
22,556,0.40549999999999997,0.619375
22,557,0.314,0.5774
22,558,0.21,0.5177
22,559,0.093,0.4507
22,560,0.004,0.45594999999999997
22,561,0.0,0.5468500000000001
22,562,0.0,0.5788
22,563,0.0,0.6255000000000001
22,564,0.0,0.7004
22,565,0.054,0.6653
22,566,0.171,0.6658
22,567,0.325,0.7448600000000001
22,568,0.236,0.6913
22,569,0.162,0.6308
22,570,0.075,0.5589
22,571,0.00175,0.44422500000000004
22,572,0.0,0.5902499999999999
22,573,0.0,0.7129666666666666
22,574,0.006666666666666667,0.8443999999999999
22,575,0.121,0.8846
22,576,0.207,0.8977
22,577,0.3383333333333334,0.8813
22,578,0.30700000000000005,0.7773
22,579,0.194,0.71
22,580,0.086,0.6745
22,581,0.0025,0.624475
22,582,0.0,0.6061
22,583,0.0,0.5997428571428571
22,584,0.001,0.5611
22,585,0.059,0.5487
22,586,0.19,0.54
22,587,0.307,0.5704
22,588,0.387,0.5604333333333334
22,589,0.329,0.4919
22,590,0.243,0.422
22,591,0.128,0.328
22,592,0.048,0.2483
22,593,0.00125,0.18935
22,594,0.0,0.14500000000000002
22,595,0.0,0.13128571428571428
22,596,0.0,0.1686
22,597,0.018,0.1761
22,598,0.0855,0.1976
22,599,0.20400000000000001,0.23040000000000002
22,600,0.103,0.2023
22,601,0.0082,0.21164
22,602,0.0,0.18365
22,603,0.0,0.17371250000000002
22,604,0.048,0.16625
22,605,0.148,0.1592
22,606,0.248,0.1621
22,607,0.32725,0.18230000000000002
22,608,0.205,0.2027
22,609,0.108,0.2039
22,610,0.007,0.24666666666666667
22,611,0.0,0.28765
22,612,0.0,0.2941
22,613,0.0,0.27817142857142857
22,614,0.008,0.2433
22,615,0.104,0.2185
22,616,0.236,0.1866
22,617,0.35,0.1777
22,618,0.45325,0.13435
22,619,0.339,0.0992
22,620,0.234,0.1024
22,621,0.115,0.1061
22,622,0.00525,0.166775
22,623,0.0,0.16199999999999998
22,624,0.0,0.15461428571428568
22,625,0.0,0.1456
22,626,0.042,0.13474999999999998
22,627,0.153,0.10615
22,628,0.25275000000000003,0.08182500000000001
22,629,0.105,0.0605
22,630,0.004666666666666667,0.06936666666666667
22,631,0.0,0.06180000000000001
22,632,0.0,0.0514
22,633,0.006222222222222223,0.05244444444444444
22,634,0.134,0.0567
22,635,0.261,0.06565
22,636,0.36250000000000004,0.10467499999999999
22,637,0.228,0.1233
22,638,0.115,0.1155
22,639,0.006,0.14775
22,640,0.0,0.15889999999999999
22,641,0.0032222222222222222,0.11428888888888891
22,642,0.089,0.1032
22,643,0.17,0.1158
22,644,0.263,0.1513
22,645,0.3526666666666667,0.20026666666666668
22,646,0.2285,0.2111
22,647,0.085,0.174
22,648,0.0045,0.169375
22,649,0.0,0.1681
22,650,0.000875,0.1271625
22,651,0.088,0.134
22,652,0.199,0.1242
22,653,0.31,0.1893
22,654,0.394,0.2685
22,655,0.4345,0.34540000000000004
22,656,0.284,0.3165
22,657,0.167,0.266
22,658,0.015,0.20763333333333334
22,659,0.0,0.1567
22,660,0.0,0.1452
22,661,0.002,0.12008750000000001
22,662,0.12,0.1088
22,663,0.25,0.0987
22,664,0.374,0.1225
22,665,0.469,0.1746
22,666,0.513,0.2567
22,667,0.398,0.2875
22,668,0.275,0.265
22,669,0.138,0.2296
22,670,0.0075,0.236625
22,671,0.0,0.25585
22,672,0.0,0.26990000000000003
22,673,0.0,0.318525
22,674,0.006,0.3399
22,675,0.047,0.3237
22,676,0.1385,0.311
22,677,0.22874999999999998,0.289375
22,678,0.1565,0.272
22,679,0.066,0.2609
22,680,0.0035,0.3227
22,681,0.0,0.36825
22,682,0.0005,0.344175
22,683,0.08349999999999999,0.3478
22,684,0.242,0.3992
22,685,0.41825,0.486225
22,686,0.2895,0.49405
22,687,0.128,0.4283
22,688,0.00875,0.3858
22,689,0.0,0.35765
22,690,0.0,0.336
22,691,0.0,0.289925
22,692,0.008,0.2417
22,693,0.059,0.2286
22,694,0.159,0.2089
22,695,0.287,0.2044
22,696,0.40049999999999997,0.1413
22,697,0.2745,0.08075
22,698,0.12,0.0649
22,699,0.00825,0.047725
22,700,0.0,0.06515
22,701,0.0,0.10225000000000001
22,702,0.0033333333333333335,0.15786666666666668
22,703,0.107,0.1526
22,704,0.227,0.1419
22,705,0.349,0.1484
22,706,0.4748,0.18436
22,707,0.312,0.1677
22,708,0.181,0.1436
22,709,0.014,0.1195
22,710,0.0,0.10165
22,711,0.00325,0.0872875
22,712,0.119,0.0505
22,713,0.241,0.048
22,714,0.372,0.0559
22,715,0.521,0.09345
22,716,0.406,0.1107
22,717,0.286,0.1069
22,718,0.159,0.1008
22,719,0.047,0.1005
22,720,0.0,0.10896666666666666
22,721,0.0,0.0892
22,722,0.0,0.07144285714285714
22,723,0.021,0.0615
22,724,0.097,0.0562
22,725,0.205,0.0495
22,726,0.331,0.0553
22,727,0.46475,0.054650000000000004
22,728,0.392,0.0518
22,729,0.287,0.0493
22,730,0.159,0.0453
22,731,0.01175,0.048049999999999995
22,732,0.0,0.0426
22,733,0.0,0.04587142857142856
22,734,0.007,0.0692
22,735,0.08549999999999999,0.0741
22,736,0.213,0.0814
22,737,0.30920000000000003,0.06846
22,738,0.14200000000000002,0.0732
22,739,0.0075,0.10725000000000001
22,740,0.0,0.12974999999999998
22,741,0.0,0.10768571428571429
22,742,0.014,0.0787
22,743,0.081,0.0723
22,744,0.187,0.075
22,745,0.309,0.0815
22,746,0.448,0.0961
22,747,0.372,0.1042
22,748,0.257,0.1019
22,749,0.139,0.095
22,750,0.01125,0.098025
22,751,0.0,0.0829
22,752,0.0,0.04787142857142857
22,753,0.025,0.0412
22,754,0.102,0.0334
22,755,0.222,0.0292
22,756,0.374,0.0292
22,757,0.5105,0.0523
22,758,0.413,0.0848
22,759,0.302,0.0888
22,760,0.174,0.0841
22,761,0.0128,0.10995999999999999
22,762,0.0,0.1304
22,763,0.0,0.10274285714285715
22,764,0.019,0.0553
22,765,0.091,0.0431
22,766,0.24,0.0332
22,767,0.372,0.030400000000000003
22,768,0.258,0.0267
22,769,0.1215,0.0291
22,770,0.013,0.06375
22,771,0.0,0.1374
22,772,0.0,0.15975
22,773,0.001375,0.17277499999999998
22,774,0.042,0.204
22,775,0.089,0.24309999999999998
22,776,0.1446666666666667,0.30783333333333335
22,777,0.1865,0.2917
22,778,0.10450000000000001,0.24464999999999998
22,779,0.007500000000000001,0.22089999999999999
22,780,0.0,0.185
22,781,0.0,0.2582
22,782,0.0,0.3474
22,783,0.0,0.43985
22,784,0.005,0.5337
22,785,0.036,0.6109
22,786,0.088,0.7202
22,787,0.169,0.7754
22,788,0.287,0.7917
22,789,0.401,0.835975
22,790,0.26,0.8227
22,791,0.153,0.75
22,792,0.061,0.6522
22,793,0.003,0.5599
22,794,0.0,0.43965
22,795,0.0,0.3932
22,796,0.0,0.36766666666666664
22,797,0.0,0.509
22,798,0.0,0.5646
22,799,0.013,0.5904
22,800,0.0805,0.6068
22,801,0.179,0.6651
22,802,0.267,0.7268
22,803,0.32400000000000007,0.77805
22,804,0.1555,0.7622
22,805,0.009000000000000001,0.7507
22,806,0.0,0.7405
22,807,0.0,0.69982
22,808,0.0,0.5838
22,809,0.0,0.4877
22,810,0.026,0.4027
22,811,0.09,0.3421
22,812,0.182,0.3236
22,813,0.292,0.3248
22,814,0.41100000000000003,0.3006
22,815,0.295,0.3002
22,816,0.173,0.2923
22,817,0.017750000000000002,0.28825
22,818,0.0,0.27305
22,819,0.0,0.19668333333333332
22,820,0.0,0.1719
22,821,0.057999999999999996,0.14515
22,822,0.213,0.1811
22,823,0.351,0.2399
22,824,0.4526666666666667,0.32303333333333334
22,825,0.362,0.4011
22,826,0.20600000000000002,0.3846
22,827,0.075,0.3347
22,828,0.0023333333333333335,0.3586666666666667
22,829,0.0,0.3656
22,830,0.0,0.34562
22,831,0.0,0.2864666666666667
22,832,0.019,0.3222
22,833,0.085,0.3705
22,834,0.171,0.4393
22,835,0.192,0.5621
22,836,0.189,0.6759999999999999
22,837,0.236,0.7444333333333333
22,838,0.1565,0.68205
22,839,0.05,0.6187
22,840,0.001,0.5138333333333334
22,841,0.0,0.5292
22,842,0.0,0.5927
22,843,0.0,0.7274
22,844,0.0,0.7993666666666667
22,845,0.0,0.6950000000000001
22,846,0.011,0.6412
22,847,0.086,0.63935
22,848,0.208,0.6544
22,849,0.32599999999999996,0.70485
22,850,0.252,0.7237
22,851,0.14049999999999999,0.6844
22,852,0.013250000000000001,0.6387750000000001
22,853,0.0,0.6034999999999999
22,854,0.00325,0.549125
22,855,0.101,0.527
22,856,0.201,0.5367
22,857,0.3415,0.5802
22,858,0.4385,0.6201000000000001
22,859,0.37649999999999995,0.67165
22,860,0.2205,0.6683
22,861,0.081,0.6124
22,862,0.0045,0.546
22,863,0.0,0.4468
22,864,0.0,0.39396666666666663
22,865,0.0002,0.31542
22,866,0.049,0.2611
22,867,0.172,0.2699
22,868,0.312,0.3373
22,869,0.423,0.3682
22,870,0.5126666666666667,0.40553333333333336
22,871,0.45399999999999996,0.45489999999999997
22,872,0.318,0.4483
22,873,0.202,0.4258
22,874,0.093,0.3848
22,875,0.0035,0.361625
22,876,0.0,0.3742285714285714
22,877,0.001,0.3154
22,878,0.049,0.2792
22,879,0.157,0.2563
22,880,0.305,0.2487
22,881,0.431,0.227
22,882,0.5375,0.1654
22,883,0.426,0.1139
22,884,0.315,0.0982
22,885,0.202,0.0808
22,886,0.093,0.0602
22,887,0.004,0.05333333333333332
22,888,0.0,0.0626
22,889,0.0,0.0973
22,890,0.0004,0.1573
22,891,0.062,0.1459
22,892,0.172,0.1195
22,893,0.299,0.1252
22,894,0.421,0.1549
22,895,0.5507500000000001,0.18355
22,896,0.455,0.1777
22,897,0.336,0.1679
22,898,0.205,0.1482
22,899,0.088,0.1363
22,900,0.004,0.1774
22,901,0.0,0.1938
22,902,0.000125,0.1695375
22,903,0.05,0.1202
22,904,0.161,0.0834
22,905,0.297,0.0695
22,906,0.429,0.081
22,907,0.5730000000000001,0.1076
22,908,0.493,0.1304
22,909,0.373,0.1405
22,910,0.236,0.1441
22,911,0.109,0.1425
22,912,0.005666666666666667,0.1878
22,913,0.0,0.2092
22,914,0.00025,0.1857625
22,915,0.046,0.1843
22,916,0.134,0.1979
22,917,0.2555,0.25215
22,918,0.368,0.373
22,919,0.427,0.48675
22,920,0.387,0.576
22,921,0.293,0.6047
22,922,0.192,0.5748
22,923,0.1,0.515
22,924,0.006333333333333333,0.41030000000000005
22,925,0.0,0.3559
22,926,0.0,0.3564857142857143
22,927,0.004,0.3463
22,928,0.083,0.3424
22,929,0.23,0.4084
22,930,0.377,0.4948
22,931,0.49,0.5136
22,932,0.568,0.46893333333333337
22,933,0.48450000000000004,0.4312
22,934,0.347,0.3906
22,935,0.231,0.3405
22,936,0.114,0.2515
22,937,0.007333333333333333,0.18000000000000002
22,938,0.0,0.1567
22,939,0.000125,0.18888749999999999
22,940,0.0395,0.26495
22,941,0.1525,0.36650000000000005
22,942,0.2475,0.40332500000000004
22,943,0.196,0.35519999999999996
22,944,0.107,0.2859
22,945,0.0108,0.25084
22,946,0.0,0.20020000000000002
22,947,0.0031666666666666666,0.12101666666666668
22,948,0.097,0.07605
22,949,0.231,0.0812
22,950,0.3635,0.08982499999999999
22,951,0.2705,0.0888
22,952,0.11649999999999999,0.0745
22,953,0.00325,0.062625
22,954,0.000375,0.0665375
22,955,0.047,0.0774
22,956,0.124,0.0709
22,957,0.222,0.0774
22,958,0.324,0.0902
22,959,0.41025,0.111975
22,960,0.259,0.13290000000000002
22,961,0.093,0.10994999999999999
22,962,0.004,0.1145
22,963,0.0,0.1362
22,964,0.0005,0.14192500000000002
22,965,0.051,0.1183
22,966,0.136,0.1353
22,967,0.272,0.1509
22,968,0.4566,0.1464
22,969,0.3245,0.1416
22,970,0.136,0.13605
22,971,0.007,0.13216666666666668
22,972,0.0,0.1394
22,973,0.00125,0.1448375
22,974,0.075,0.105
22,975,0.174,0.0909
22,976,0.285,0.0865
22,977,0.401,0.0839
22,978,0.52675,0.05512499999999999
22,979,0.434,0.0409
22,980,0.327,0.039
22,981,0.207,0.0372
22,982,0.103,0.0369
22,983,0.0065,0.0516
22,984,0.000875,0.04613749999999999
22,985,0.069,0.0392
22,986,0.192,0.033
22,987,0.343,0.0375
22,988,0.465,0.0528
22,989,0.563,0.109975
22,990,0.437,0.1548
22,991,0.324,0.1497
22,992,0.211,0.1329
22,993,0.107,0.1157
22,994,0.00625,0.135825
22,995,0.0,0.13591999999999999
22,996,0.0029999999999999996,0.08623333333333333
22,997,0.081,0.0533
22,998,0.203,0.0353
22,999,0.338,0.0342
22,1000,0.445,0.0424
22,1001,0.5375000000000001,0.03685
22,1002,0.439,0.03
22,1003,0.334,0.0308
22,1004,0.223,0.0335
22,1005,0.114,0.0412
22,1006,0.0075,0.06275
22,1007,0.001625,0.0624625
22,1008,0.087,0.0609
22,1009,0.212,0.0452
22,1010,0.345,0.0401
22,1011,0.463,0.0464
22,1012,0.56875,0.046650000000000004
22,1013,0.474,0.045
22,1014,0.362,0.0425
22,1015,0.239,0.0416
22,1016,0.122,0.0471
22,1017,0.00825,0.071875
22,1018,0.001625,0.052074999999999996
22,1019,0.093,0.0286
22,1020,0.223,0.0238
22,1021,0.363,0.0243
22,1022,0.477,0.0308
22,1023,0.57125,0.049699999999999994
22,1024,0.481,0.0759
22,1025,0.384,0.0923
22,1026,0.262,0.1111
22,1027,0.143,0.1302
22,1028,0.0105,0.194875
22,1029,0.00175,0.1846625
22,1030,0.093,0.17
22,1031,0.223,0.1486
22,1032,0.345,0.1532
22,1033,0.45,0.1734
22,1034,0.5462499999999999,0.2229
22,1035,0.453,0.2556
22,1036,0.351,0.2472
22,1037,0.239,0.2163
22,1038,0.129,0.2078
22,1039,0.00925,0.23807499999999998
22,1040,0.0,0.170575
22,1041,0.00425,0.104225
22,1042,0.094,0.0746
22,1043,0.194,0.0637
22,1044,0.3305,0.07819999999999999
22,1045,0.44525000000000003,0.09640000000000001
22,1046,0.32999999999999996,0.0978
22,1047,0.1625,0.0922
22,1048,0.012333333333333333,0.08923333333333333
22,1049,0.0,0.0771
22,1050,0.0,0.0804
22,1051,0.0045,0.13292500000000002
22,1052,0.092,0.1233
22,1053,0.197,0.1166
22,1054,0.34299999999999997,0.13205
22,1055,0.49450000000000005,0.101675
22,1056,0.423,0.075
22,1057,0.318,0.0759
22,1058,0.212,0.0775
22,1059,0.111,0.0784
22,1060,0.011666666666666667,0.08696666666666668
22,1061,0.0,0.07855000000000001
22,1062,0.0,0.08953333333333334
22,1063,0.013,0.1371
22,1064,0.075,0.1225
22,1065,0.167,0.1197
22,1066,0.27,0.1459
22,1067,0.379,0.1555
22,1068,0.5178,0.16458
22,1069,0.388,0.183
22,1070,0.277,0.181
22,1071,0.153,0.168
22,1072,0.017666666666666667,0.16126666666666667
22,1073,0.0,0.14484999999999998
22,1074,0.0027142857142857142,0.11665714285714288
22,1075,0.092,0.1198
22,1076,0.199,0.1228
22,1077,0.351,0.15525
22,1078,0.482,0.1531
22,1079,0.3685,0.14
22,1080,0.229,0.1433
22,1081,0.129,0.1458
22,1082,0.016,0.16486666666666663
22,1083,0.0,0.1665
22,1084,0.0041428571428571434,0.11275714285714286
22,1085,0.125,0.0875
22,1086,0.272,0.0878
22,1087,0.433,0.0877
22,1088,0.555,0.0838
22,1089,0.6555000000000001,0.081925
22,1090,0.541,0.084
22,1091,0.427,0.0846
22,1092,0.295,0.0853
22,1093,0.174,0.0865
22,1094,0.023000000000000003,0.10473333333333333
22,1095,0.0,0.1184
22,1096,0.0035714285714285718,0.09852857142857144
22,1097,0.112,0.0815
22,1098,0.241,0.0799
22,1099,0.388,0.0835
22,1100,0.51,0.086
22,1101,0.61475,0.09759999999999999
22,1102,0.522,0.1174
22,1103,0.407,0.1283
22,1104,0.279,0.1426
22,1105,0.158,0.1559
22,1106,0.0165,0.19449999999999998
22,1107,0.0,0.21817142857142854
22,1108,0.025,0.2148
22,1109,0.1,0.2083
22,1110,0.218,0.2311
22,1111,0.36,0.2834
22,1112,0.483,0.3286
22,1113,0.57175,0.39347499999999996
22,1114,0.449,0.4103
22,1115,0.345,0.4234
22,1116,0.236,0.4322
22,1117,0.132,0.4107
22,1118,0.017,0.3988333333333333
22,1119,0.0,0.4098
22,1120,0.0,0.3947857142857143
22,1121,0.034,0.3814
22,1122,0.139,0.3588
22,1123,0.279,0.3806
22,1124,0.418,0.4672
22,1125,0.541,0.5223
22,1126,0.64475,0.5829500000000001
22,1127,0.552,0.5853
22,1128,0.444,0.5622
22,1129,0.314,0.5196
22,1130,0.185,0.4567
22,1131,0.074,0.4213
22,1132,0.0023333333333333335,0.3972666666666667
22,1133,0.0,0.34487142857142855
22,1134,0.046,0.3026
22,1135,0.161,0.2698
22,1136,0.305,0.2845
22,1137,0.442,0.3548
22,1138,0.552,0.4059
22,1139,0.643,0.475375
22,1140,0.543,0.4711
22,1141,0.431,0.4507
22,1142,0.3,0.4185
22,1143,0.18,0.3651
22,1144,0.076,0.3126
22,1145,0.0026666666666666666,0.2831666666666666
22,1146,0.0,0.23215714285714287
22,1147,0.049,0.199
22,1148,0.168,0.182
22,1149,0.316,0.2315
22,1150,0.453,0.2824
22,1151,0.565,0.3151
22,1152,0.6685,0.377275
22,1153,0.578,0.4142
22,1154,0.468,0.4244
22,1155,0.335,0.4282
22,1156,0.202,0.4199
22,1157,0.086,0.3972
22,1158,0.0029999999999999996,0.3673333333333333
22,1159,0.0,0.296775
22,1160,0.0,0.21356666666666668
22,1161,0.054,0.1697
22,1162,0.175,0.1456
22,1163,0.323,0.1766
22,1164,0.465,0.1679
22,1165,0.585,0.1536
22,1166,0.69325,0.13085
22,1167,0.596,0.1018
22,1168,0.48,0.0894
22,1169,0.341,0.0821
22,1170,0.206,0.0838
22,1171,0.089,0.1008
22,1172,0.005,0.16870000000000002
22,1173,0.0,0.1876
22,1174,0.008142857142857143,0.13458571428571428
22,1175,0.174,0.0811
22,1176,0.316,0.0851
22,1177,0.451,0.0929
22,1178,0.56,0.0997
22,1179,0.64875,0.14055
22,1180,0.532,0.1959
22,1181,0.414,0.2118
22,1182,0.286,0.2199
22,1183,0.167,0.2114
22,1184,0.066,0.2156
22,1185,0.0023333333333333335,0.2939
22,1186,0.0,0.3153
22,1187,0.002142857142857143,0.27292857142857146
22,1188,0.084,0.22160000000000002
22,1189,0.216,0.23945
22,1190,0.3062,0.2606
22,1191,0.1565,0.2368
22,1192,0.0555,0.23545
22,1193,0.0013333333333333333,0.27753333333333335
22,1194,0.001875,0.2643875
22,1195,0.088,0.25715
22,1196,0.192,0.2686
22,1197,0.2995,0.29535
22,1198,0.40750000000000003,0.2773
22,1199,0.275,0.2529
22,1200,0.094,0.2227
22,1201,0.0016666666666666668,0.28836666666666666
22,1202,0.0,0.3155428571428572
22,1203,0.018,0.2788
22,1204,0.073,0.2399
22,1205,0.15,0.2222
22,1206,0.2425,0.24635
22,1207,0.31233333333333335,0.3055333333333333
22,1208,0.246,0.3288
22,1209,0.1595,0.32785
22,1210,0.077,0.3111
22,1211,0.012000000000000002,0.3544666666666667
22,1212,0.0,0.3209
22,1213,0.0,0.30795
22,1214,0.005,0.3955
22,1215,0.086,0.3702
22,1216,0.176,0.3808
22,1217,0.279,0.4338
22,1218,0.382,0.4919
22,1219,0.4944,0.51602
22,1220,0.391,0.4903
22,1221,0.286,0.455
22,1222,0.178,0.4002
22,1223,0.030666666666666665,0.3610333333333333
22,1224,0.0,0.3705
22,1225,0.0003333333333333333,0.3257333333333334
22,1226,0.054,0.2946
22,1227,0.156,0.289
22,1228,0.292,0.3659
22,1229,0.424,0.424
22,1230,0.5678,0.4965400000000001
22,1231,0.463,0.5247
22,1232,0.369,0.5152
22,1233,0.26,0.4779
22,1234,0.161,0.4127
22,1235,0.071,0.3758
22,1236,0.0033333333333333335,0.3746333333333333
22,1237,0.00028571428571428574,0.3600285714285714
22,1238,0.046,0.3949
22,1239,0.122,0.4267
22,1240,0.228,0.5308
22,1241,0.369,0.61625
22,1242,0.524,0.6243
22,1243,0.48,0.553
22,1244,0.38,0.5109
22,1245,0.272,0.4649
22,1246,0.157,0.3821
22,1247,0.071,0.3184
22,1248,0.004333333333333333,0.29013333333333335
22,1249,0.0,0.25556666666666666
22,1250,0.01,0.1988
22,1251,0.132,0.1801
22,1252,0.252,0.2057
22,1253,0.41500000000000004,0.23675000000000002
22,1254,0.5205,0.28695000000000004
22,1255,0.39949999999999997,0.3372
22,1256,0.235,0.3249
22,1257,0.098,0.2762
22,1258,0.00275,0.24044999999999997
22,1259,0.004571428571428572,0.2773285714285714
22,1260,0.099,0.3344
22,1261,0.203,0.3883
22,1262,0.353,0.43945
22,1263,0.47,0.49929999999999997
22,1264,0.48100000000000004,0.5651333333333334
22,1265,0.365,0.5935
22,1266,0.265,0.5864
22,1267,0.163,0.5528
22,1268,0.072,0.4824
22,1269,0.004333333333333333,0.424
22,1270,0.0,0.3669
22,1271,0.0,0.3151
22,1272,0.0015,0.2771
22,1273,0.05,0.2381
22,1274,0.139,0.236
22,1275,0.272,0.2619
22,1276,0.385,0.279
22,1277,0.4702,0.29568
22,1278,0.3425,0.30275
22,1279,0.16849999999999998,0.27455
22,1280,0.017,0.221425
22,1281,0.0,0.297725
22,1282,0.0006666666666666666,0.3678333333333334
22,1283,0.048,0.3903
22,1284,0.137,0.4213
22,1285,0.27,0.4934
22,1286,0.394,0.5364
22,1287,0.506,0.53764
22,1288,0.33699999999999997,0.53405
22,1289,0.213,0.5249
22,1290,0.098,0.46635
22,1291,0.004333333333333333,0.4029
22,1292,0.0,0.355325
22,1293,0.0006666666666666666,0.2971333333333333
22,1294,0.038,0.2605
22,1295,0.111,0.2611
22,1296,0.242,0.30385
22,1297,0.38175000000000003,0.309775
22,1298,0.312,0.3555
22,1299,0.215,0.38665
22,1300,0.10250000000000001,0.37315
22,1301,0.011,0.3488
22,1302,0.0,0.3774
22,1303,0.0,0.44399999999999995
22,1304,0.00025,0.554425
22,1305,0.029,0.5835
22,1306,0.11099999999999999,0.58385
22,1307,0.252,0.6165499999999999
22,1308,0.3554,0.63942
22,1309,0.23900000000000002,0.5957
22,1310,0.0825,0.5083
22,1311,0.004,0.39995
22,1312,0.0,0.3169
22,1313,0.0,0.2631
22,1314,0.001,0.19043333333333334
22,1315,0.039,0.1433
22,1316,0.103,0.147
22,1317,0.194,0.1581
22,1318,0.289,0.16
22,1319,0.376,0.18935
22,1320,0.2675,0.2641
22,1321,0.14750000000000002,0.29075
22,1322,0.056499999999999995,0.2773
22,1323,0.003,0.3477
22,1324,0.0,0.42515000000000003
22,1325,0.0051428571428571435,0.42711428571428567
22,1326,0.087,0.4303
22,1327,0.153,0.4779
22,1328,0.221,0.5332
22,1329,0.2955,0.5823499999999999
22,1330,0.40525,0.6764
22,1331,0.2925,0.69975
22,1332,0.166,0.6613
22,1333,0.086,0.5999
22,1334,0.007333333333333333,0.5382
22,1335,0.0,0.47125
22,1336,0.0014,0.38966
22,1337,0.069,0.3077
22,1338,0.179,0.3145
22,1339,0.323,0.3269
22,1340,0.453,0.305
22,1341,0.556,0.2818
22,1342,0.6425000000000001,0.24910000000000004
22,1343,0.519,0.2518
22,1344,0.384,0.2707
22,1345,0.25,0.2835
22,1346,0.0995,0.2783
22,1347,0.0036666666666666666,0.29686666666666667
22,1348,0.0007142857142857143,0.35254285714285716
22,1349,0.056,0.3753
22,1350,0.144,0.3873
22,1351,0.256,0.4138
22,1352,0.372,0.4206
22,1353,0.47,0.4337
22,1354,0.54975,0.47367499999999996
22,1355,0.42600000000000005,0.48335
22,1356,0.287,0.4798
22,1357,0.181,0.4521
22,1358,0.091,0.3728
22,1359,0.008666666666666666,0.33949999999999997
22,1360,0.0007142857142857143,0.3473571428571428
22,1361,0.045,0.2779
22,1362,0.118,0.2762
22,1363,0.214,0.348
22,1364,0.31,0.4723
22,1365,0.40924999999999995,0.5952999999999999
22,1366,0.32499999999999996,0.63985
22,1367,0.197,0.65405
22,1368,0.0795,0.6421
22,1369,0.004,0.6326999999999999
22,1370,0.0,0.5463
22,1371,0.0018,0.40552
22,1372,0.066,0.3804
22,1373,0.145,0.4383
22,1374,0.235,0.511
22,1375,0.357,0.56735
22,1376,0.484,0.6685
22,1377,0.5313333333333333,0.7927666666666667
22,1378,0.432,0.8032
22,1379,0.317,0.765
22,1380,0.198,0.6939
22,1381,0.097,0.5833
22,1382,0.027,0.4845
22,1383,0.0005,0.40745
22,1384,0.0,0.35192
22,1385,0.0,0.4647
22,1386,0.002,0.5696
22,1387,0.027,0.6667
22,1388,0.069,0.7612
22,1389,0.127,0.8297
22,1390,0.219,0.8731
22,1391,0.323,0.8944
22,1392,0.4355,0.9323000000000001
22,1393,0.33699999999999997,0.9257500000000001
22,1394,0.23,0.9183
22,1395,0.11499999999999999,0.9019999999999999
22,1396,0.0095,0.8444
22,1397,0.0,0.78555
22,1398,0.0,0.7366333333333334
22,1399,0.0029999999999999996,0.6802999999999999
22,1400,0.066,0.6489
22,1401,0.16,0.6792
22,1402,0.287,0.7183
22,1403,0.414,0.7394
22,1404,0.512,0.753
22,1405,0.6006666666666667,0.7749333333333334
22,1406,0.552,0.78295
22,1407,0.432,0.7598
22,1408,0.319,0.7263
22,1409,0.201,0.6752
22,1410,0.1,0.5888
22,1411,0.031,0.4992
22,1412,0.0,0.4028
22,1413,0.0,0.29285
22,1414,0.0,0.23354999999999998
22,1415,0.015,0.17267500000000002
22,1416,0.116,0.1322
22,1417,0.194,0.1756
22,1418,0.259,0.253
22,1419,0.31,0.33909999999999996
22,1420,0.3275,0.4289
22,1421,0.2956666666666667,0.4808666666666666
22,1422,0.176,0.4529
22,1423,0.0755,0.4119
22,1424,0.0036666666666666666,0.37893333333333334
22,1425,0.0,0.29855
22,1426,0.0,0.21589999999999998
22,1427,0.011999999999999999,0.14525
22,1428,0.106,0.1389
22,1429,0.185,0.1647
22,1430,0.27249999999999996,0.2243
22,1431,0.3435,0.3276
22,1432,0.3505,0.39859999999999995
22,1433,0.3105,0.4495
22,1434,0.227,0.4679
22,1435,0.11699999999999999,0.4655
22,1436,0.007666666666666666,0.4678
22,1437,0.0,0.4324
22,1438,0.0012000000000000001,0.36414
22,1439,0.055,0.3027
22,1440,0.144,0.2996
22,1441,0.282,0.2756
22,1442,0.427,0.244
22,1443,0.55425,0.22975
22,1444,0.44799999999999995,0.3085
22,1445,0.316,0.3734
22,1446,0.233,0.4173
22,1447,0.105,0.4533
22,1448,0.004,0.4910333333333334
22,1449,0.0,0.49405
22,1450,0.001,0.46468
22,1451,0.038,0.451
22,1452,0.09,0.4837
22,1453,0.165,0.5388
22,1454,0.243,0.5912
22,1455,0.307,0.6464000000000001
22,1456,0.34879999999999994,0.68604
22,1457,0.237,0.6574
22,1458,0.148,0.6109
22,1459,0.075,0.524
22,1460,0.008333333333333333,0.4038
22,1461,0.0,0.341
22,1462,0.0011666666666666668,0.3293333333333333
22,1463,0.043,0.3796
22,1464,0.094,0.4203
22,1465,0.155,0.4868
22,1466,0.207,0.5813
22,1467,0.254,0.6768
22,1468,0.351,0.7549
22,1469,0.43525,0.810875
22,1470,0.328,0.7663
22,1471,0.241,0.7086
22,1472,0.162,0.6228
22,1473,0.085,0.4881
22,1474,0.0155,0.3176
22,1475,0.0,0.22555
22,1476,0.0014999999999999998,0.17076666666666665
22,1477,0.048,0.1178
22,1478,0.104,0.1128
22,1479,0.2025,0.12025
22,1480,0.3115,0.1265
22,1481,0.3995,0.13125
22,1482,0.29400000000000004,0.1215
22,1483,0.128,0.1089
22,1484,0.010666666666666666,0.11296666666666666
22,1485,0.0,0.14135
22,1486,0.003,0.14951999999999996
22,1487,0.074,0.111
22,1488,0.172,0.116
22,1489,0.297,0.1331
22,1490,0.46699999999999997,0.1499
22,1491,0.58775,0.16212500000000002
22,1492,0.4415,0.19790000000000002
22,1493,0.287,0.2071
22,1494,0.177,0.1994
22,1495,0.03833333333333333,0.16873333333333332
22,1496,0.0,0.2458
22,1497,0.0,0.32445
22,1498,0.008666666666666666,0.4381
22,1499,0.118,0.456
22,1500,0.209,0.4925
22,1501,0.298,0.5143
22,1502,0.38916666666666666,0.5537666666666667
22,1503,0.2405,0.49360000000000004
22,1504,0.10700000000000001,0.39165000000000005
22,1505,0.006500000000000001,0.3284
22,1506,0.0025,0.26508333333333334
22,1507,0.078,0.2152
22,1508,0.175,0.212
22,1509,0.292,0.2113
22,1510,0.414,0.1983
22,1511,0.511,0.1836
22,1512,0.621,0.155675
22,1513,0.49850000000000005,0.13345
22,1514,0.339,0.1242
22,1515,0.224,0.1157
22,1516,0.119,0.1049
22,1517,0.015000000000000001,0.11113333333333335
22,1518,0.0032857142857142855,0.10198571428571428
22,1519,0.099,0.0695
22,1520,0.213,0.0537
22,1521,0.343,0.0617
22,1522,0.468,0.0753
22,1523,0.569,0.0892
22,1524,0.65475,0.12090000000000001
22,1525,0.562,0.1608
22,1526,0.462,0.1757
22,1527,0.337,0.1862
22,1528,0.215,0.1922
22,1529,0.116,0.1962
22,1530,0.015333333333333332,0.23083333333333333
22,1531,0.002857142857142857,0.20895714285714284
22,1532,0.089,0.2185
22,1533,0.193,0.2297
22,1534,0.32,0.2399
22,1535,0.432,0.245
22,1536,0.5652499999999999,0.2285
22,1537,0.47,0.19655
22,1538,0.2905,0.19574999999999998
22,1539,0.123,0.21015
22,1540,0.009666666666666665,0.20596666666666663
22,1541,0.007125,0.169775
22,1542,0.107,0.1759
22,1543,0.185,0.1752
22,1544,0.306,0.1644
22,1545,0.41225,0.1493
22,1546,0.3015,0.1576
22,1547,0.198,0.1762
22,1548,0.1,0.17920000000000003
22,1549,0.007333333333333334,0.1605
22,1550,0.0,0.1449
22,1551,0.0013333333333333333,0.11236666666666667
22,1552,0.051,0.1156
22,1553,0.127,0.1203
22,1554,0.237,0.1212
22,1555,0.38,0.1134
22,1556,0.5215000000000001,0.07782499999999999
22,1557,0.4315,0.06655
22,1558,0.296,0.0644
22,1559,0.14250000000000002,0.0596
22,1560,0.012000000000000002,0.07896666666666667
22,1561,0.0,0.1015
22,1562,0.0018333333333333333,0.11818333333333332
22,1563,0.058,0.1359
22,1564,0.139,0.1709
22,1565,0.243,0.2185
22,1566,0.336,0.2623
22,1567,0.46040000000000003,0.31086
22,1568,0.359,0.30545
22,1569,0.247,0.2937
22,1570,0.1275,0.259
22,1571,0.011333333333333334,0.21473333333333333
22,1572,0.0,0.2175
22,1573,0.0036,0.18918000000000001
22,1574,0.074,0.1308
22,1575,0.158,0.1325
22,1576,0.266,0.1416
22,1577,0.373,0.1487
22,1578,0.4918,0.18424000000000001
22,1579,0.395,0.21845
22,1580,0.2325,0.2153
22,1581,0.099,0.1924
22,1582,0.009250000000000001,0.200075
22,1583,0.013,0.2399428571428571
22,1584,0.168,0.283
22,1585,0.287,0.2925
22,1586,0.396,0.287
22,1587,0.486,0.2762
22,1588,0.5555000000000001,0.24547499999999997
22,1589,0.4225,0.1978
22,1590,0.281,0.1574
22,1591,0.1365,0.1203
22,1592,0.012000000000000002,0.07886666666666667
22,1593,0.0025714285714285713,0.0496
22,1594,0.073,0.0351
22,1595,0.149,0.0343
22,1596,0.229,0.0399
22,1597,0.3245,0.039
22,1598,0.38075000000000003,0.0292
22,1599,0.29200000000000004,0.023600000000000003
22,1600,0.168,0.022449999999999998
22,1601,0.074,0.0216
22,1602,0.010333333333333333,0.02716666666666667
22,1603,0.003,0.05097142857142857
22,1604,0.086,0.0666
22,1605,0.18,0.0663
22,1606,0.32599999999999996,0.08024999999999999
22,1607,0.453,0.10437500000000001
22,1608,0.381,0.12015
22,1609,0.256,0.1124
22,1610,0.119,0.08810000000000001
22,1611,0.012000000000000002,0.0628
22,1612,0.003,0.05465714285714286
22,1613,0.079,0.0576
22,1614,0.156,0.0685
22,1615,0.244,0.0979
22,1616,0.345,0.15145
22,1617,0.374,0.21805
22,1618,0.3115,0.28490000000000004
22,1619,0.238,0.3364
22,1620,0.16,0.38025
22,1621,0.0695,0.42645
22,1622,0.006000000000000001,0.436
22,1623,0.0,0.4083
22,1624,0.0,0.33046666666666663
22,1625,0.0026666666666666666,0.2299
22,1626,0.039,0.1825
22,1627,0.093,0.1786
22,1628,0.2155,0.20815
22,1629,0.38849999999999996,0.27715
22,1630,0.5015000000000001,0.3689
22,1631,0.508,0.46619999999999995
22,1632,0.431,0.5156
22,1633,0.323,0.5245
22,1634,0.201,0.5088
22,1635,0.105,0.4582
22,1636,0.013,0.3511666666666667
22,1637,0.0,0.3028
22,1638,0.003833333333333333,0.2363666666666666
22,1639,0.088,0.1571
22,1640,0.194,0.1465
22,1641,0.32,0.13
22,1642,0.45,0.121
22,1643,0.6108,0.10702
22,1644,0.501,0.0859
22,1645,0.379,0.0773
22,1646,0.258,0.0671
22,1647,0.155,0.0623
22,1648,0.0535,0.0794
22,1649,0.001,0.1622
22,1650,0.0,0.2115
22,1651,0.008428571428571428,0.2288714285714286
22,1652,0.1,0.1922
22,1653,0.171,0.1945
22,1654,0.2935,0.2069
22,1655,0.4022,0.22004
22,1656,0.234,0.17715
22,1657,0.095,0.11654999999999999
22,1658,0.007,0.090475
22,1659,0.011714285714285715,0.08320000000000001
22,1660,0.155,0.0852
22,1661,0.27,0.096
22,1662,0.38,0.107
22,1663,0.467,0.1242
22,1664,0.53925,0.17047500000000002
22,1665,0.3845,0.19025
22,1666,0.245,0.1978
22,1667,0.1255,0.1832
22,1668,0.013,0.15476666666666666
22,1669,0.002857142857142857,0.15145714285714287
22,1670,0.072,0.1498
22,1671,0.135,0.1824
22,1672,0.2205,0.2751
22,1673,0.3135,0.37460000000000004
22,1674,0.3133333333333333,0.45113333333333333
22,1675,0.23149999999999998,0.4269
22,1676,0.1335,0.32894999999999996
22,1677,0.064,0.2365
22,1678,0.009666666666666665,0.1955
22,1679,0.0,0.1672
22,1680,0.0021666666666666666,0.14014999999999997
22,1681,0.057,0.138
22,1682,0.132,0.159
22,1683,0.234,0.1804
22,1684,0.34950000000000003,0.194
22,1685,0.44425,0.2024
22,1686,0.34099999999999997,0.21050000000000002
22,1687,0.189,0.19774999999999998
22,1688,0.063,0.16735
22,1689,0.002,0.16355
22,1690,0.0,0.1583
22,1691,0.0033333333333333335,0.1284833333333333
22,1692,0.078,0.1017
22,1693,0.168,0.1079
22,1694,0.299,0.1069
22,1695,0.417,0.1049
22,1696,0.5342500000000001,0.126625
22,1697,0.472,0.17765
22,1698,0.36,0.1923
22,1699,0.2235,0.185
22,1700,0.098,0.1474
22,1701,0.013666666666666667,0.13536666666666666
22,1702,0.0,0.1452
22,1703,0.0033333333333333335,0.12150000000000001
22,1704,0.082,0.0706
22,1705,0.179,0.0569
22,1706,0.301,0.0445
22,1707,0.409,0.037
22,1708,0.5216,0.03344
22,1709,0.381,0.0513
22,1710,0.239,0.05275
22,1711,0.0875,0.0576
22,1712,0.006999999999999999,0.08633333333333333
22,1713,0.002142857142857143,0.14384285714285713
22,1714,0.065,0.1535
22,1715,0.138,0.1639
22,1716,0.224,0.1915
22,1717,0.345,0.20884999999999998
22,1718,0.446,0.222875
22,1719,0.3405,0.24395
22,1720,0.218,0.2535
22,1721,0.11099999999999999,0.24080000000000001
22,1722,0.010333333333333333,0.22529999999999997
22,1723,0.0,0.21625
22,1724,0.010833333333333334,0.17723333333333333
22,1725,0.123,0.1898
22,1726,0.223,0.1966
22,1727,0.328,0.1935
22,1728,0.45399999999999996,0.186425
22,1729,0.4095,0.18775
22,1730,0.2945,0.19205
22,1731,0.1335,0.17285
22,1732,0.0095,0.1399
22,1733,0.0028333333333333335,0.12906666666666666
22,1734,0.11599999999999999,0.11080000000000001
22,1735,0.275,0.119
22,1736,0.42500000000000004,0.1227
22,1737,0.52775,0.1444
22,1738,0.404,0.192
22,1739,0.28,0.1949
22,1740,0.1475,0.16820000000000002
22,1741,0.015,0.1633
22,1742,0.0031428571428571426,0.18932857142857143
22,1743,0.086,0.1273
22,1744,0.183,0.1227
22,1745,0.303,0.1096
22,1746,0.45699999999999996,0.094225
22,1747,0.35933333333333334,0.08873333333333333
22,1748,0.275,0.0893
22,1749,0.1405,0.10025
22,1750,0.0315,0.13035000000000002
22,1751,0.001,0.19235
22,1752,0.0,0.2379
22,1753,0.0011666666666666668,0.28735
22,1754,0.039,0.2337
22,1755,0.099,0.2133
22,1756,0.186,0.2223
22,1757,0.28,0.255
22,1758,0.39000000000000007,0.3195428571428572
22,1759,0.243,0.3063
22,1760,0.1215,0.24395
22,1761,0.010333333333333333,0.1997
22,1762,0.002285714285714286,0.18664285714285714
22,1763,0.069,0.1567
22,1764,0.148,0.1676
22,1765,0.237,0.1883
22,1766,0.326,0.2307
22,1767,0.4415,0.30720000000000003
22,1768,0.521,0.3999333333333333
22,1769,0.4125,0.42710000000000004
22,1770,0.276,0.3853
22,1771,0.182,0.3119
22,1772,0.097,0.247
22,1773,0.011333333333333334,0.2074
22,1774,0.0,0.15039999999999998
22,1775,0.005999999999999999,0.10613333333333334
22,1776,0.074,0.0667
22,1777,0.154,0.0513
22,1778,0.243,0.0548
22,1779,0.35950000000000004,0.07205
22,1780,0.42000000000000004,0.132625
22,1781,0.279,0.20095000000000002
22,1782,0.154,0.1476
22,1783,0.052,0.1236
22,1784,0.0015,0.1255
22,1785,0.0,0.13195
22,1786,0.0052,0.11816
22,1787,0.089,0.0811
22,1788,0.181,0.0883
22,1789,0.291,0.0877
22,1790,0.4383333333333333,0.06883333333333333
22,1791,0.361,0.0796
22,1792,0.203,0.0997
22,1793,0.0585,0.09784999999999999
22,1794,0.0015,0.1257
22,1795,0.0,0.15855000000000002
22,1796,0.0054,0.15366
22,1797,0.096,0.1216
22,1798,0.203,0.1355
22,1799,0.325,0.1323
22,1800,0.447,0.1184
22,1801,0.5814,0.10762000000000001
22,1802,0.434,0.1339
22,1803,0.278,0.1441
22,1804,0.144,0.137
22,1805,0.0105,0.125625
22,1806,0.004,0.15566666666666668
22,1807,0.09,0.129
22,1808,0.188,0.1409
22,1809,0.308,0.1399
22,1810,0.44899999999999995,0.1404
22,1811,0.5507500000000001,0.16775
22,1812,0.4335,0.1945
22,1813,0.293,0.1939
22,1814,0.15,0.1877
22,1815,0.0105,0.17185
22,1816,0.004,0.13778333333333334
22,1817,0.09,0.0739
22,1818,0.192,0.0661
22,1819,0.307,0.0512
22,1820,0.422,0.041
22,1821,0.5698,0.03828
22,1822,0.4475,0.0356
22,1823,0.307,0.0316
22,1824,0.2,0.0294
22,1825,0.1,0.0293
22,1826,0.012666666666666668,0.03516666666666666
22,1827,0.0,0.0352
22,1828,0.004166666666666667,0.021850000000000005
22,1829,0.094,0.0106
22,1830,0.198,0.0082
22,1831,0.324,0.0076
22,1832,0.444,0.0084
22,1833,0.538,0.010839999999999999
22,1834,0.38949999999999996,0.01205
22,1835,0.259,0.0139
22,1836,0.137,0.0191
22,1837,0.013666666666666666,0.038266666666666664
22,1838,0.0,0.0456
22,1839,0.0045,0.039933333333333335
22,1840,0.102,0.0268
22,1841,0.214,0.0192
22,1842,0.34,0.0195
22,1843,0.462,0.0176
22,1844,0.6058,0.01456
22,1845,0.518,0.015
22,1846,0.413,0.0167
22,1847,0.287,0.0198
22,1848,0.139,0.0284
22,1849,0.011333333333333334,0.04726666666666666
22,1850,0.0,0.0481
22,1851,0.0031666666666666666,0.05028333333333334
22,1852,0.078,0.0443
22,1853,0.167,0.0416
22,1854,0.278,0.0507
22,1855,0.394,0.0655
22,1856,0.496,0.0804
22,1857,0.578,0.11954999999999999
22,1858,0.43,0.16505
22,1859,0.281,0.1781
22,1860,0.179,0.1666
22,1861,0.0625,0.15915
22,1862,0.001,0.2118
22,1863,0.0,0.2585
22,1864,0.0026666666666666666,0.2725666666666667
22,1865,0.07,0.2583
22,1866,0.149,0.2674
22,1867,0.24,0.3058
22,1868,0.324,0.3678
22,1869,0.41879999999999995,0.42626
22,1870,0.311,0.3933
22,1871,0.201,0.33615
22,1872,0.08399999999999999,0.2328
22,1873,0.00525,0.1625
22,1874,0.008571428571428572,0.13145714285714286
22,1875,0.115,0.148
22,1876,0.195,0.1684
22,1877,0.3105,0.20325
22,1878,0.41775,0.23917500000000003
22,1879,0.35,0.3205
22,1880,0.243,0.3422
22,1881,0.118,0.32335
22,1882,0.009333333333333332,0.2953666666666666
22,1883,0.0,0.35350000000000004
22,1884,0.0034000000000000002,0.36478
22,1885,0.11149999999999999,0.34419999999999995
22,1886,0.271,0.3812
22,1887,0.39849999999999997,0.38944999999999996
22,1888,0.4845,0.367975
22,1889,0.378,0.3149
22,1890,0.242,0.2815
22,1891,0.11399999999999999,0.22525
22,1892,0.010666666666666666,0.17496666666666663
22,1893,0.002428571428571429,0.15112857142857142
22,1894,0.07,0.1209
22,1895,0.153,0.121
22,1896,0.253,0.1538
22,1897,0.347,0.1766
22,1898,0.43499999999999994,0.19798
22,1899,0.35550000000000004,0.1884
22,1900,0.247,0.1728
22,1901,0.128,0.1427
22,1902,0.011666666666666667,0.13116666666666665
22,1903,0.002285714285714286,0.11222857142857144
22,1904,0.075,0.0919
22,1905,0.166,0.0994
22,1906,0.286,0.1168
22,1907,0.399,0.1314
22,1908,0.5142500000000001,0.159725
22,1909,0.45599999999999996,0.20155
22,1910,0.3095,0.19835
22,1911,0.176,0.1761
22,1912,0.0645,0.1449
22,1913,0.001,0.15705000000000002
22,1914,0.002285714285714286,0.14297142857142858
22,1915,0.074,0.0879
22,1916,0.167,0.0753
22,1917,0.278,0.0696
22,1918,0.396,0.0645
22,1919,0.50175,0.06867500000000001
22,1920,0.41900000000000004,0.0884
22,1921,0.2665,0.0946
22,1922,0.118,0.087
22,1923,0.01,0.09203333333333334
22,1924,0.0,0.1114
22,1925,0.0029999999999999996,0.11581666666666668
22,1926,0.086,0.0861
22,1927,0.189,0.0744
22,1928,0.314,0.0677
22,1929,0.43,0.058
22,1930,0.569,0.04239999999999999
22,1931,0.48450000000000004,0.03975
22,1932,0.358,0.0452
22,1933,0.252,0.0507
22,1934,0.11449999999999999,0.0632
22,1935,0.008,0.09060000000000001
22,1936,0.00675,0.104225
22,1937,0.111,0.0927
22,1938,0.198,0.0949
22,1939,0.304,0.0929
22,1940,0.4749999999999999,0.0973
22,1941,0.33399999999999996,0.09605
22,1942,0.217,0.0976
22,1943,0.10899999999999999,0.10344999999999999
22,1944,0.009666666666666665,0.1173
22,1945,0.0,0.11524999999999999
22,1946,0.003,0.09194
22,1947,0.071,0.064
22,1948,0.161,0.0621
22,1949,0.271,0.0697
22,1950,0.379,0.0735
22,1951,0.5256000000000001,0.07914
22,1952,0.41900000000000004,0.07680000000000001
22,1953,0.281,0.0745
22,1954,0.135,0.0691
22,1955,0.011000000000000001,0.07303333333333334
22,1956,0.0,0.07865
22,1957,0.015333333333333332,0.08603333333333334
22,1958,0.165,0.0654
22,1959,0.268,0.0731
22,1960,0.366,0.0821
22,1961,0.452,0.0869
22,1962,0.52925,0.102225
22,1963,0.434,0.1189
22,1964,0.2945,0.12785000000000002
22,1965,0.1255,0.11395
22,1966,0.007,0.098525
22,1967,0.0023333333333333335,0.08635
22,1968,0.073,0.0447
22,1969,0.169,0.0322
22,1970,0.288,0.0423
22,1971,0.438,0.08245
22,1972,0.52,0.15639999999999998
22,1973,0.47,0.2447
22,1974,0.3275,0.29910000000000003
22,1975,0.1525,0.30945
22,1976,0.037,0.30395
22,1977,0.0,0.34104999999999996
22,1978,0.0,0.3539
22,1979,0.0008333333333333334,0.3220166666666667
22,1980,0.027,0.2627
22,1981,0.065,0.2309
22,1982,0.129,0.21760000000000002
22,1983,0.212,0.216
22,1984,0.2955,0.2037
22,1985,0.35475,0.2241
22,1986,0.253,0.247
22,1987,0.162,0.2314
22,1988,0.051000000000000004,0.2096
22,1989,0.0,0.2539666666666667
22,1990,0.0013333333333333333,0.28101666666666664
22,1991,0.049,0.2271
22,1992,0.114,0.2385
22,1993,0.206,0.2639
22,1994,0.305,0.2833
22,1995,0.40325,0.29115
22,1996,0.3195,0.29575
22,1997,0.237,0.2919
22,1998,0.1455,0.27825
22,1999,0.066,0.2613
22,2000,0.007666666666666666,0.25083333333333335
22,2001,0.007375,0.2511875
22,2002,0.12,0.2573
22,2003,0.21,0.2837
22,2004,0.33899999999999997,0.30674999999999997
22,2005,0.45275000000000004,0.29917499999999997
22,2006,0.359,0.2906
22,2007,0.24000000000000002,0.26739999999999997
22,2008,0.1015,0.2193
22,2009,0.008333333333333333,0.20626666666666668
22,2010,0.0,0.21134999999999998
22,2011,0.002,0.23001999999999997
22,2012,0.068,0.1856
22,2013,0.156,0.1702
22,2014,0.259,0.166
22,2015,0.356,0.1574
22,2016,0.45999999999999996,0.14432
22,2017,0.34199999999999997,0.1335
22,2018,0.219,0.1359
22,2019,0.101,0.12765
22,2020,0.005666666666666667,0.10893333333333333
22,2021,0.0,0.1019
22,2022,0.007571428571428571,0.0925142857142857
22,2023,0.11,0.0896
22,2024,0.196,0.0995
22,2025,0.33099999999999996,0.1094
22,2026,0.44325,0.10147500000000001
22,2027,0.35150000000000003,0.08395
22,2028,0.227,0.0811
22,2029,0.10400000000000001,0.0775
22,2030,0.006333333333333333,0.08243333333333334
22,2031,0.0,0.08995
22,2032,0.012333333333333333,0.08825
22,2033,0.147,0.0759
22,2034,0.259,0.0782
22,2035,0.378,0.0724
22,2036,0.5244,0.05786
22,2037,0.391,0.0658
22,2038,0.243,0.0781
22,2039,0.10849999999999999,0.08574999999999999
22,2040,0.006666666666666667,0.09246666666666666
22,2041,0.0015714285714285713,0.0908
22,2042,0.069,0.0913
22,2043,0.162,0.0975
22,2044,0.273,0.1045
22,2045,0.392,0.1089
22,2046,0.5447999999999998,0.09662
22,2047,0.4195,0.0918
22,2048,0.265,0.102
22,2049,0.127,0.10200000000000001
22,2050,0.008,0.0971
22,2051,0.0,0.1048
22,2052,0.0013333333333333333,0.12395
22,2053,0.063,0.1322
22,2054,0.16,0.1541
22,2055,0.298,0.1829
22,2056,0.414,0.2065
22,2057,0.5056,0.25464
22,2058,0.3805,0.30935
22,2059,0.246,0.315
22,2060,0.1185,0.30469999999999997
22,2061,0.007333333333333333,0.30806666666666666
22,2062,0.0,0.3117
22,2063,0.0016666666666666668,0.27875
22,2064,0.072,0.2573
22,2065,0.171,0.2731
22,2066,0.288,0.2863
22,2067,0.441,0.2824
22,2068,0.58875,0.258
22,2069,0.4645,0.25245
22,2070,0.306,0.2523
22,2071,0.191,0.2412
22,2072,0.093,0.2214
22,2073,0.008,0.2225
22,2074,0.0,0.2105
22,2075,0.009428571428571429,0.1565142857142857
22,2076,0.144,0.1205
22,2077,0.251,0.121
22,2078,0.358,0.1186
22,2079,0.49420000000000003,0.10470000000000002
22,2080,0.4,0.0953
22,2081,0.2815,0.09825
22,2082,0.11299999999999999,0.09085
22,2083,0.005666666666666667,0.07793333333333334
22,2084,0.0,0.0721
22,2085,0.008428571428571428,0.07305714285714285
22,2086,0.14,0.0667
22,2087,0.241,0.0667
22,2088,0.3785,0.05885
22,2089,0.50825,0.0496
22,2090,0.393,0.048600000000000004
22,2091,0.253,0.0509
22,2092,0.1195,0.0518
22,2093,0.006333333333333333,0.07193333333333334
22,2094,0.0,0.0784
22,2095,0.010857142857142859,0.06578571428571428
22,2096,0.162,0.0383
22,2097,0.274,0.0332
22,2098,0.387,0.0289
22,2099,0.5214000000000001,0.028239999999999998
22,2100,0.41100000000000003,0.0373
22,2101,0.263,0.0422
22,2102,0.1215,0.04865
22,2103,0.005999999999999999,0.07063333333333333
22,2104,0.0,0.0751
22,2105,0.009333333333333332,0.08896666666666668
22,2106,0.132,0.1071
22,2107,0.234,0.1195
22,2108,0.334,0.1255
22,2109,0.4332,0.1149
22,2110,0.34199999999999997,0.10414999999999999
22,2111,0.185,0.11005
22,2112,0.01875,0.10272500000000001
22,2113,0.006,0.08413749999999999
22,2114,0.119,0.0698
22,2115,0.219,0.0679
22,2116,0.361,0.054900000000000004
22,2117,0.48750000000000004,0.035325
22,2118,0.3765,0.03635
22,2119,0.238,0.0415
22,2120,0.109,0.0441
22,2121,0.004666666666666667,0.05223333333333333
22,2122,0.0,0.0433
22,2123,0.007285714285714286,0.026714285714285715
22,2124,0.125,0.0179
22,2125,0.22,0.0179
22,2126,0.358,0.0186
22,2127,0.497,0.02135
22,2128,0.3695,0.0348
22,2129,0.244,0.0414
22,2130,0.11249999999999999,0.0526
22,2131,0.0065,0.09245
22,2132,0.0,0.13574999999999998
22,2133,0.0061428571428571435,0.1720714285714286
22,2134,0.112,0.1865
22,2135,0.199,0.2209
22,2136,0.283,0.2544
22,2137,0.3795,0.31810000000000005
22,2138,0.3125,0.32405
22,2139,0.20400000000000001,0.2724
22,2140,0.083,0.1852
22,2141,0.0029999999999999996,0.159
22,2142,0.0,0.14465
22,2143,0.005333333333333333,0.09438333333333336
22,2144,0.1195,0.04645
22,2145,0.258,0.05735
22,2146,0.37775000000000003,0.08077500000000001
22,2147,0.27049999999999996,0.08785
22,2148,0.133,0.07985
22,2149,0.0115,0.0826
22,2150,0.0,0.0809
22,2151,0.004571428571428572,0.0533142857142857
22,2152,0.095,0.0303
22,2153,0.18,0.0278
22,2154,0.3135,0.03135
22,2155,0.4335,0.0453
22,2156,0.32,0.059550000000000006
22,2157,0.192,0.0591
22,2158,0.0815,0.051199999999999996
22,2159,0.0026666666666666666,0.0479
22,2160,0.0,0.0495
22,2161,0.005857142857142858,0.03172857142857143
22,2162,0.12,0.0107
22,2163,0.235,0.0088
22,2164,0.36,0.0109
22,2165,0.462,0.0137
22,2166,0.54225,0.02955
22,2167,0.421,0.0504
22,2168,0.269,0.060649999999999996
22,2169,0.1005,0.07225000000000001
22,2170,0.0033333333333333335,0.08996666666666668
22,2171,0.0,0.09709999999999999
22,2172,0.006000000000000001,0.10745
22,2173,0.1295,0.1117
22,2174,0.246,0.15284999999999999
22,2175,0.3344,0.16582000000000002
22,2176,0.2325,0.16549999999999998
22,2177,0.0925,0.1585
22,2178,0.0029999999999999996,0.1954
22,2179,0.007,0.2523375
22,2180,0.149,0.2664
22,2181,0.279,0.2824
22,2182,0.411,0.2717
22,2183,0.512,0.2473
22,2184,0.589,0.191825
22,2185,0.469,0.1325
22,2186,0.351,0.1201
22,2187,0.226,0.112
22,2188,0.0885,0.09365
22,2189,0.0026666666666666666,0.07423333333333333
22,2190,0.00325,0.040475000000000004
22,2191,0.08,0.0353
22,2192,0.146,0.0381
22,2193,0.254,0.0437
22,2194,0.35925,0.056775000000000006
22,2195,0.277,0.0694
22,2196,0.178,0.081
22,2197,0.0615,0.09485
22,2198,0.0015,0.1285
22,2199,0.0,0.156
22,2200,0.004285714285714286,0.17275714285714286
22,2201,0.095,0.1819
22,2202,0.191,0.1949
22,2203,0.283,0.205
22,2204,0.3706,0.20435999999999996
22,2205,0.2855,0.222
22,2206,0.1295,0.2057
22,2207,0.009500000000000001,0.18257500000000002
22,2208,0.0,0.22685
22,2209,0.0,0.2864
22,2210,0.007,0.367625
22,2211,0.096,0.4078
22,2212,0.202,0.4771
22,2213,0.321,0.521
22,2214,0.423,0.5411
22,2215,0.50575,0.5429999999999999
22,2216,0.38649999999999995,0.5621
22,2217,0.237,0.5626
22,2218,0.132,0.5242
22,2219,0.017,0.4583333333333333
22,2220,0.0,0.4072
22,2221,0.0,0.3645333333333333
22,2222,0.041,0.3136
22,2223,0.135,0.299
22,2224,0.251,0.3379
22,2225,0.394,0.3049
22,2226,0.4865,0.22504999999999997
22,2227,0.3395,0.19685
22,2228,0.206,0.1894
22,2229,0.11,0.1727
22,2230,0.0095,0.127975
22,2231,0.0,0.1084
22,2232,0.0,0.11635999999999999
22,2233,0.029333333333333336,0.19440000000000002
22,2234,0.136,0.2349
22,2235,0.234,0.3043
22,2236,0.33399999999999996,0.4054
22,2237,0.3525,0.49139999999999995
22,2238,0.279,0.5424
22,2239,0.1275,0.4962
22,2240,0.00775,0.457825
22,2241,0.0,0.4238
22,2242,0.0,0.3624
22,2243,0.005,0.28335
22,2244,0.077,0.2692
22,2245,0.152,0.3263
22,2246,0.272,0.3772
22,2247,0.41533333333333333,0.34800000000000003
22,2248,0.35750000000000004,0.2931
22,2249,0.266,0.2527
22,2250,0.1545,0.20395000000000002
22,2251,0.0125,0.171225
22,2252,0.003125,0.1376125
22,2253,0.08,0.1248
22,2254,0.144,0.1447
22,2255,0.2365,0.1851
22,2256,0.2975,0.22507500000000003
22,2257,0.16133333333333333,0.2597666666666667
22,2258,0.045,0.28900000000000003
22,2259,0.0003333333333333333,0.36060000000000003
22,2260,0.0,0.3515333333333333
22,2261,0.003,0.25108
22,2262,0.072,0.1966
22,2263,0.166,0.2212
22,2264,0.286,0.2623
22,2265,0.43479999999999996,0.31304
22,2266,0.29800000000000004,0.31975
22,2267,0.1505,0.2562
22,2268,0.01225,0.186575
22,2269,0.00375,0.12213750000000001
22,2270,0.103,0.0919
22,2271,0.209,0.112
22,2272,0.336,0.1375
22,2273,0.452,0.1518
22,2274,0.5535,0.18335
22,2275,0.463,0.2158
22,2276,0.362,0.2281
22,2277,0.25,0.2346
22,2278,0.151,0.2189
22,2279,0.021,0.18553333333333333
22,2280,0.0,0.1963
22,2281,0.0,0.19941428571428574
22,2282,0.04,0.1613
22,2283,0.142,0.1214
22,2284,0.274,0.1391
22,2285,0.399,0.1503
22,2286,0.5458,0.18222
22,2287,0.411,0.2134
22,2288,0.3,0.2014
22,2289,0.14500000000000002,0.16285
22,2290,0.00975,0.11785
22,2291,0.0,0.1202
22,2292,0.0027142857142857142,0.15572857142857144
22,2293,0.075,0.1613
22,2294,0.144,0.1762
22,2295,0.266,0.2204
22,2296,0.418,0.237425
22,2297,0.32999999999999996,0.32525000000000004
22,2298,0.201,0.3504
22,2299,0.077,0.3224
22,2300,0.0015,0.25865
22,2301,0.0,0.222
22,2302,0.0041428571428571434,0.18305714285714286
22,2303,0.123,0.126
22,2304,0.243,0.1322
22,2305,0.352,0.1184
22,2306,0.48624999999999996,0.0674
22,2307,0.388,0.0417
22,2308,0.269,0.044
22,2309,0.145,0.04925
22,2310,0.0105,0.058499999999999996
22,2311,0.006555555555555556,0.04081111111111111
22,2312,0.112,0.0355
22,2313,0.217,0.0398
22,2314,0.2973333333333333,0.03816666666666666
22,2315,0.225,0.04586666666666667
22,2316,0.093,0.048600000000000004
22,2317,0.00625,0.05105
22,2318,0.004125,0.07404999999999999
22,2319,0.139,0.0564
22,2320,0.271,0.0629
22,2321,0.41425,0.0986
22,2322,0.4585,0.20245000000000002
22,2323,0.427,0.2991
22,2324,0.325,0.3651
22,2325,0.213,0.4011
22,2326,0.12,0.4269
22,2327,0.01,0.472725
22,2328,0.0,0.42085
22,2329,0.0,0.32764
22,2330,0.024,0.2585
22,2331,0.104,0.2248
22,2332,0.205,0.2612
22,2333,0.31,0.2989
22,2334,0.43333333333333335,0.33175
22,2335,0.308,0.2971
22,2336,0.208,0.2687
22,2337,0.108,0.2165
22,2338,0.011000000000000001,0.17983333333333332
22,2339,0.0,0.17404999999999998
22,2340,0.0025714285714285713,0.14352857142857145
22,2341,0.103,0.105
22,2342,0.229,0.1077
22,2343,0.371,0.1465
22,2344,0.481,0.1653
22,2345,0.584,0.1991333333333333
22,2346,0.5165,0.26380000000000003
22,2347,0.375,0.2926
22,2348,0.255,0.2876
22,2349,0.147,0.2575
22,2350,0.015666666666666666,0.2257
22,2351,0.0,0.2232
22,2352,0.0,0.2136
22,2353,0.0065,0.16310000000000002
22,2354,0.124,0.0958
22,2355,0.259,0.0858
22,2356,0.402,0.0736
22,2357,0.5364000000000001,0.043199999999999995
22,2358,0.401,0.0248
22,2359,0.287,0.0245
22,2360,0.1355,0.027950000000000003
22,2361,0.008333333333333333,0.04703333333333334
22,2362,0.0,0.05395
22,2363,0.0,0.06956666666666667
22,2364,0.002,0.1317
22,2365,0.05,0.1353
22,2366,0.116,0.1366
22,2367,0.23900000000000002,0.1594
22,2368,0.3459999999999999,0.15246666666666667
22,2369,0.30100000000000005,0.1127
22,2370,0.214,0.1008
22,2371,0.10949999999999999,0.10345
22,2372,0.006666666666666667,0.12140000000000001
22,2373,0.0,0.11665
22,2374,0.0017142857142857144,0.10614285714285714
22,2375,0.085,0.0862
22,2376,0.201,0.0784
22,2377,0.324,0.0916
22,2378,0.434,0.1088
22,2379,0.508,0.14183333333333334
22,2380,0.4065,0.1799
22,2381,0.274,0.1928
22,2382,0.129,0.17880000000000001
22,2383,0.008666666666666666,0.15766666666666665
22,2384,0.0,0.1561
22,2385,0.0014285714285714286,0.14102857142857145
22,2386,0.074,0.1055
22,2387,0.177,0.0914
22,2388,0.29,0.1015
22,2389,0.397,0.1122
22,2390,0.4895,0.106525
22,2391,0.3755,0.081
22,2392,0.227,0.0674
22,2393,0.119,0.0556
22,2394,0.00825,0.061375
22,2395,0.005888888888888889,0.06783333333333334
22,2396,0.122,0.0506
22,2397,0.223,0.0572
22,2398,0.3566,0.04858
22,2399,0.2195,0.04845
22,2400,0.10250000000000001,0.0566
22,2401,0.00475,0.080875
22,2402,0.000875,0.10634999999999999
22,2403,0.065,0.1212
22,2404,0.156,0.1222
22,2405,0.27,0.1323
22,2406,0.376,0.1387
22,2407,0.46425,0.1628
22,2408,0.3375,0.22349999999999998
22,2409,0.192,0.2364
22,2410,0.093,0.2266
22,2411,0.008,0.2662333333333333
22,2412,0.0,0.3286
22,2413,0.0,0.3825
22,2414,0.002,0.49596
22,2415,0.077,0.546
22,2416,0.176,0.5756
22,2417,0.268,0.6072
22,2418,0.38439999999999996,0.65086
22,2419,0.2615,0.6273
22,2420,0.099,0.57325
22,2421,0.0036666666666666666,0.5296333333333333
22,2422,0.0,0.5027999999999999
22,2423,0.001,0.48544285714285706
22,2424,0.074,0.4223
22,2425,0.187,0.4455
22,2426,0.32,0.4709
22,2427,0.46099999999999997,0.39880000000000004
22,2428,0.3715,0.35015
22,2429,0.1925,0.31335
22,2430,0.0215,0.22685
22,2431,0.0,0.20895
22,2432,0.0005714285714285715,0.2274
22,2433,0.06,0.1946
22,2434,0.152,0.1962
22,2435,0.258,0.2167
22,2436,0.36716666666666664,0.1989166666666667
22,2437,0.20750000000000002,0.17215
22,2438,0.082,0.1313
22,2439,0.00425,0.1263
22,2440,0.0,0.1061
22,2441,0.0008333333333333334,0.07226666666666666
22,2442,0.068,0.0484
22,2443,0.168,0.0383
22,2444,0.295,0.0318
22,2445,0.45366666666666666,0.0213
22,2446,0.328,0.0217
22,2447,0.208,0.0222
22,2448,0.094,0.0228
22,2449,0.005666666666666667,0.03236666666666667
22,2450,0.0,0.0385
22,2451,0.0005714285714285715,0.0442
22,2452,0.077,0.05
22,2453,0.2,0.0497
22,2454,0.326,0.0667
22,2455,0.49860000000000004,0.09448000000000001
22,2456,0.407,0.1219
22,2457,0.309,0.1282
22,2458,0.202,0.1325
22,2459,0.095,0.1357
22,2460,0.005,0.20820000000000002
22,2461,0.0,0.2734
22,2462,0.00014285714285714287,0.30575714285714284
22,2463,0.037,0.2952
22,2464,0.111,0.2606
22,2465,0.212,0.2609
22,2466,0.32,0.2689
22,2467,0.4112,0.29016000000000003
22,2468,0.257,0.258
22,2469,0.157,0.2116
22,2470,0.01725,0.160725
22,2471,0.0,0.1649
22,2472,0.000125,0.22231250000000002
22,2473,0.059,0.24635
22,2474,0.1865,0.27735
22,2475,0.32275,0.276775
22,2476,0.252,0.2252
22,2477,0.133,0.18285
22,2478,0.015333333333333332,0.12999999999999998
22,2479,0.0,0.0994
22,2480,0.000125,0.080475
22,2481,0.057,0.0546
22,2482,0.151,0.043
22,2483,0.254,0.0444
22,2484,0.356,0.0522
22,2485,0.44475,0.067125
22,2486,0.331,0.0893
22,2487,0.221,0.1
22,2488,0.091,0.1046
22,2489,0.002,0.13573333333333334
22,2490,0.0,0.14775
22,2491,0.00028571428571428574,0.14122857142857143
22,2492,0.059,0.1468
22,2493,0.161,0.174
22,2494,0.276,0.2071
22,2495,0.379,0.2194
22,2496,0.471,0.256475
22,2497,0.361,0.3578
22,2498,0.23,0.3697
22,2499,0.115,0.3298
22,2500,0.01375,0.29205
22,2501,0.0,0.3624
22,2502,0.0,0.4262
22,2503,0.0,0.5389999999999999
22,2504,0.0,0.6803199999999999
22,2505,0.049,0.6916
22,2506,0.156,0.7228
22,2507,0.237,0.7741
22,2508,0.30833333333333335,0.8235
22,2509,0.2465,0.8382499999999999
22,2510,0.14250000000000002,0.8077000000000001
22,2511,0.021666666666666667,0.7594666666666666
22,2512,0.0,0.7911999999999999
22,2513,0.0,0.7597499999999999
22,2514,0.0,0.64485
22,2515,0.00025,0.50425
22,2516,0.037,0.4572
22,2517,0.113,0.4681
22,2518,0.22,0.546
22,2519,0.325,0.5912
22,2520,0.4076666666666666,0.6123
22,2521,0.332,0.6169
22,2522,0.236,0.5971
22,2523,0.1185,0.56185
22,2524,0.007200000000000001,0.51746
22,2525,0.0,0.46075
22,2526,0.0,0.38365000000000005
22,2527,0.011000000000000001,0.2908333333333333
22,2528,0.108,0.2305
22,2529,0.207,0.2628
22,2530,0.327,0.2779
22,2531,0.4274,0.27072
22,2532,0.266,0.2418
22,2533,0.162,0.2017
22,2534,0.019999999999999997,0.136875
22,2535,0.0,0.1159
22,2536,0.0,0.08827142857142858
22,2537,0.0,0.1233
22,2538,0.029,0.1296
22,2539,0.126,0.12355
22,2540,0.2515,0.1756
22,2541,0.25425000000000003,0.253925
22,2542,0.1495,0.22475
22,2543,0.02,0.2013
22,2544,0.0,0.23425
22,2545,0.0,0.23916666666666667
22,2546,0.0,0.30845
22,2547,0.0,0.38105
22,2548,0.0,0.4061
22,2549,0.038,0.4003
22,2550,0.148,0.4133
22,2551,0.245,0.4552
22,2552,0.33324999999999994,0.5687249999999999
22,2553,0.268,0.5856
22,2554,0.169,0.5852
22,2555,0.01975,0.557925
22,2556,0.0,0.5083
22,2557,0.0,0.5024125
22,2558,0.038,0.5284
22,2559,0.121,0.5456
22,2560,0.238,0.6009
22,2561,0.3536,0.68392
22,2562,0.27,0.6799999999999999
22,2563,0.141,0.6375
22,2564,0.01425,0.5851500000000001
22,2565,0.0,0.52715
22,2566,0.0,0.506075
22,2567,0.0,0.6116
22,2568,0.0,0.6903
22,2569,0.025,0.747
22,2570,0.129,0.7966
22,2571,0.258,0.8349
22,2572,0.39749999999999996,0.854475
22,2573,0.307,0.8403499999999999
22,2574,0.173,0.8339
22,2575,0.0175,0.800125
22,2576,0.0,0.77305
22,2577,0.0,0.7180666666666666
22,2578,0.0,0.6758
22,2579,0.048,0.6674
22,2580,0.154,0.6712
22,2581,0.26,0.692
22,2582,0.368,0.712
22,2583,0.43775,0.7413500000000001
22,2584,0.308,0.73875
22,2585,0.162,0.7045
22,2586,0.062,0.6705
22,2587,0.0006666666666666666,0.6185666666666666
22,2588,0.0,0.5736
22,2589,0.0,0.5391999999999999
22,2590,0.0,0.44836666666666664
22,2591,0.043,0.3808
22,2592,0.166,0.3611
22,2593,0.304,0.4166
22,2594,0.431,0.4535
22,2595,0.522,0.5103
22,2596,0.429,0.5319
22,2597,0.32,0.5084
22,2598,0.196,0.4529
22,2599,0.074,0.3683
22,2600,0.0015,0.2807
22,2601,0.0,0.20405
22,2602,0.0,0.14705000000000001
22,2603,0.004714285714285714,0.06582857142857143
22,2604,0.133,0.0257
22,2605,0.264,0.0225
22,2606,0.405,0.0193
22,2607,0.50925,0.01305
22,2608,0.402,0.0185
22,2609,0.283,0.0276
22,2610,0.161,0.0414
22,2611,0.059,0.0645
22,2612,0.001,0.12995
22,2613,0.0,0.1861
22,2614,0.0,0.21908571428571427
22,2615,0.0,0.2832
22,2616,0.034,0.3135
22,2617,0.148,0.3538
22,2618,0.2685,0.40704999999999997
22,2619,0.2025,0.37355
22,2620,0.093,0.3629
22,2621,0.00675,0.38475
22,2622,0.0,0.34905
22,2623,0.0,0.28635714285714287
22,2624,0.015,0.2406
22,2625,0.091,0.2147
22,2626,0.188,0.2202
22,2627,0.3342,0.23478
22,2628,0.212,0.21515
22,2629,0.089,0.1879
22,2630,0.010333333333333333,0.16883333333333336
22,2631,0.0,0.14134999999999998
22,2632,0.0,0.12209999999999999
22,2633,0.0525,0.13785
22,2634,0.19,0.1414
22,2635,0.312,0.1607
22,2636,0.46075,0.20545
22,2637,0.378,0.2349
22,2638,0.281,0.2193
22,2639,0.158,0.1787
22,2640,0.0145,0.1552
22,2641,0.0,0.17045
22,2642,0.0,0.15057142857142858
22,2643,0.022,0.1574
22,2644,0.104,0.1511
22,2645,0.209,0.1833
22,2646,0.322,0.2212
22,2647,0.40399999999999997,0.2878
22,2648,0.30300000000000005,0.38395
22,2649,0.197,0.3891
22,2650,0.115,0.3221
22,2651,0.00975,0.25932499999999997
22,2652,0.0,0.28905000000000003
22,2653,0.0,0.35305000000000003
22,2654,0.0,0.3165
22,2655,0.017,0.2951
22,2656,0.089,0.2562
22,2657,0.193,0.2899
22,2658,0.293,0.3449
22,2659,0.359,0.414325
22,2660,0.19,0.41985
22,2661,0.091,0.351
22,2662,0.00775,0.326875
22,2663,0.0,0.33204999999999996
22,2664,0.0,0.34850000000000003
22,2665,0.0,0.420325
22,2666,0.012,0.4899
22,2667,0.066,0.5248
22,2668,0.153,0.6006
22,2669,0.263,0.7
22,2670,0.3638,0.7663399999999999
22,2671,0.246,0.7407
22,2672,0.131,0.7104
22,2673,0.014,0.6764
22,2674,0.0,0.6519666666666667
22,2675,0.0,0.6059749999999999
22,2676,0.0,0.5339499999999999
22,2677,0.0125,0.4676
22,2678,0.134,0.4046
22,2679,0.249,0.4343
22,2680,0.356,0.4815
22,2681,0.45733333333333337,0.5048
22,2682,0.374,0.4958
22,2683,0.262,0.4646
22,2684,0.132,0.3758
22,2685,0.01,0.27216666666666667
22,2686,0.0,0.21794999999999998
22,2687,0.0,0.25244285714285714
22,2688,0.0,0.279
22,2689,0.0405,0.2933
22,2690,0.154,0.284
22,2691,0.247,0.3479
22,2692,0.40075000000000005,0.38560000000000005
22,2693,0.326,0.3799
22,2694,0.229,0.3474
22,2695,0.116,0.3155
22,2696,0.01,0.3465666666666667
22,2697,0.0,0.3837
22,2698,0.0,0.4082
22,2699,0.0,0.4123666666666667
22,2700,0.0,0.3479
22,2701,0.012,0.3242
22,2702,0.097,0.2996
22,2703,0.224,0.2913
22,2704,0.358,0.3141
22,2705,0.45675,0.298525
22,2706,0.343,0.2714
22,2707,0.241,0.2527
22,2708,0.132,0.2155
22,2709,0.011999999999999999,0.21736666666666668
22,2710,0.0,0.23835
22,2711,0.0,0.2238375
22,2712,0.037000000000000005,0.28600000000000003
22,2713,0.156,0.3405
22,2714,0.235,0.4357
22,2715,0.28450000000000003,0.54505
22,2716,0.1825,0.5604
22,2717,0.0475,0.5647500000000001
22,2718,0.0,0.488
22,2719,0.0,0.40715
22,2720,0.0,0.389875
22,2721,0.012,0.3287
22,2722,0.113,0.2785
22,2723,0.252,0.2637
22,2724,0.387,0.285
22,2725,0.476,0.26355
22,2726,0.4295,0.21760000000000002
22,2727,0.353,0.1871
22,2728,0.251,0.1734
22,2729,0.137,0.146
22,2730,0.00975,0.14535
22,2731,0.0,0.20875
22,2732,0.0,0.2602285714285714
22,2733,0.01,0.3073
22,2734,0.084,0.3205
22,2735,0.189,0.3685
22,2736,0.304,0.4265
22,2737,0.42125,0.4602
22,2738,0.329,0.431
22,2739,0.223,0.3972
22,2740,0.12,0.3585
22,2741,0.007,0.35665
22,2742,0.0,0.33094999999999997
22,2743,0.001625,0.327725
22,2744,0.122,0.3315
22,2745,0.267,0.2919
22,2746,0.394,0.3453
22,2747,0.5185,0.4646
22,2748,0.424,0.4649
22,2749,0.306,0.4546
22,2750,0.174,0.454
22,2751,0.01125,0.46415
22,2752,0.0,0.39990000000000003
22,2753,0.00125,0.356575
22,2754,0.106,0.3119
22,2755,0.237,0.2684
22,2756,0.349,0.2952
22,2757,0.46649999999999997,0.31679999999999997
22,2758,0.387,0.2606
22,2759,0.278,0.2377
22,2760,0.149,0.2168
22,2761,0.00775,0.24514999999999998
22,2762,0.0,0.2731
22,2763,0.0,0.2738
22,2764,0.0,0.2847
22,2765,0.009,0.2998
22,2766,0.105,0.2718
22,2767,0.228,0.2203
22,2768,0.338,0.2003
22,2769,0.41225,0.2716
22,2770,0.326,0.2567
22,2771,0.229,0.2429
22,2772,0.115,0.2439
22,2773,0.006666666666666667,0.24733333333333332
22,2774,0.0,0.2094
22,2775,0.0,0.1694
22,2776,0.0,0.08746666666666665
22,2777,0.0,0.0596
22,2778,0.0405,0.0621
22,2779,0.173,0.0463
22,2780,0.313,0.05086666666666667
22,2781,0.14450000000000002,0.0503
22,2782,0.005333333333333333,0.06943333333333333
22,2783,0.0,0.0808
22,2784,0.0,0.08615
22,2785,0.0,0.06711666666666667
22,2786,0.0,0.0516
22,2787,0.004,0.0582
22,2788,0.10099999999999999,0.06709999999999999
22,2789,0.273,0.07865
22,2790,0.35633333333333334,0.15716666666666668
22,2791,0.22,0.16599999999999998
22,2792,0.089,0.1551
22,2793,0.0065,0.16999999999999998
22,2794,0.0,0.19445
22,2795,0.0,0.2251
22,2796,0.0,0.263125
22,2797,0.0,0.31939999999999996
22,2798,0.0,0.3871
22,2799,0.0265,0.43195
22,2800,0.128,0.489
22,2801,0.215,0.5634
22,2802,0.307,0.6402
22,2803,0.3665,0.7692000000000001
22,2804,0.233,0.7808
22,2805,0.123,0.7557
22,2806,0.0075,0.6760999999999999
22,2807,0.0,0.5741499999999999
22,2808,0.0,0.5412
22,2809,0.0,0.5700625
22,2810,0.0305,0.5991500000000001
22,2811,0.1665,0.60385
22,2812,0.26625,0.597325
22,2813,0.134,0.53495
22,2814,0.016333333333333335,0.45416666666666666
22,2815,0.0,0.4032
22,2816,0.0,0.40625
22,2817,0.0,0.4317666666666667
22,2818,0.0,0.5407500000000001
22,2819,0.0006666666666666666,0.6245666666666666
22,2820,0.054,0.6861
22,2821,0.166,0.7283999999999999
22,2822,0.3048,0.7923800000000001
22,2823,0.169,0.7545
22,2824,0.073,0.7253
22,2825,0.002,0.6850333333333333
22,2826,0.0,0.6088
22,2827,0.0,0.62405
22,2828,0.0002,0.67608
22,2829,0.045,0.6944
22,2830,0.129,0.7186
22,2831,0.22820000000000001,0.76056
22,2832,0.16599999999999998,0.74075
22,2833,0.02075,0.732275
22,2834,0.0,0.6419
22,2835,0.0,0.59465
22,2836,0.0,0.5373333333333334
22,2837,0.0,0.466
22,2838,0.017,0.42635
22,2839,0.134,0.3709
22,2840,0.278,0.4118
22,2841,0.42024999999999996,0.41235
22,2842,0.329,0.4306
22,2843,0.213,0.4021
22,2844,0.084,0.3479
22,2845,0.002,0.3307
22,2846,0.0,0.316
22,2847,0.0,0.31694999999999995
22,2848,0.0,0.2999166666666666
22,2849,0.0,0.2117
22,2850,0.0165,0.17204999999999998
22,2851,0.1595,0.12838333333333332
22,2852,0.0935,0.1174
22,2853,0.0135,0.1587
22,2854,0.0,0.22794999999999999
22,2855,0.0,0.2642
22,2856,0.0,0.3153666666666667
22,2857,0.0,0.380275
22,2858,0.0,0.4358
22,2859,0.01,0.4951
22,2860,0.1015,0.5345
22,2861,0.21275,0.5549
22,2862,0.131,0.48395
22,2863,0.01025,0.379425
22,2864,0.0,0.36775
22,2865,0.0,0.38485
22,2866,0.0195,0.3921
22,2867,0.126,0.4248
22,2868,0.268,0.4838
22,2869,0.3403333333333333,0.5799666666666666
22,2870,0.219,0.5598
22,2871,0.124,0.4931
22,2872,0.013000000000000001,0.377975
22,2873,0.0,0.36019999999999996
22,2874,0.0,0.4102625
22,2875,0.0,0.395
22,2876,0.057999999999999996,0.3613
22,2877,0.196,0.37825
22,2878,0.285,0.46223333333333333
22,2879,0.198,0.4088
22,2880,0.127,0.3373
22,2881,0.018333333333333333,0.2342
22,2882,0.0,0.15375
22,2883,0.0,0.10600000000000001
22,2884,0.0,0.08162857142857143
22,2885,0.009,0.10925
22,2886,0.1335,0.1091
22,2887,0.29200000000000004,0.108425
22,2888,0.16349999999999998,0.07775
22,2889,0.0086,0.0708
22,2890,0.0,0.0706
22,2891,0.0,0.07224285714285715
22,2892,0.009,0.0994
22,2893,0.11649999999999999,0.09065000000000001
22,2894,0.24325,0.10585
22,2895,0.155,0.1105
22,2896,0.0665,0.10435
22,2897,0.0005,0.16765000000000002
22,2898,0.0,0.21305
22,2899,0.0,0.2284
22,2900,0.0,0.24394285714285716
22,2901,0.0,0.2551
22,2902,0.017,0.2652
22,2903,0.13,0.2424
22,2904,0.237,0.2364
22,2905,0.33999999999999997,0.28998
22,2906,0.192,0.286
22,2907,0.089,0.2994
22,2908,0.0006666666666666666,0.35733333333333334
22,2909,0.0,0.386
22,2910,0.0,0.38825000000000004
22,2911,0.017,0.3594
22,2912,0.13,0.3089
22,2913,0.254,0.2898
22,2914,0.37525,0.296025
22,2915,0.294,0.2648
22,2916,0.196,0.2317
22,2917,0.087,0.2214
22,2918,0.0003333333333333333,0.22846666666666668
22,2919,0.0,0.22694999999999999
22,2920,0.0,0.205675
22,2921,0.012,0.20205
22,2922,0.126,0.1943
22,2923,0.257,0.2175
22,2924,0.42250000000000004,0.29955
22,2925,0.329,0.336
22,2926,0.204,0.327
22,2927,0.082,0.334
22,2928,0.0003333333333333333,0.3812333333333333
22,2929,0.0,0.45175
22,2930,0.0,0.533575
22,2931,0.0,0.626025
22,2932,0.01,0.6329
22,2933,0.093,0.6118
22,2934,0.19524999999999998,0.5670999999999999
22,2935,0.10666666666666667,0.5229
22,2936,0.00625,0.5335749999999999
22,2937,0.0,0.5481
22,2938,0.0,0.5342
22,2939,0.0,0.52655
22,2940,0.0,0.621
22,2941,0.011,0.6644
22,2942,0.1475,0.6874
22,2943,0.28075000000000006,0.738225
22,2944,0.161,0.77085
22,2945,0.014,0.7451666666666666
22,2946,0.0,0.67975
22,2947,0.0,0.6288
22,2948,0.0,0.5749666666666666
22,2949,0.0,0.49150000000000005
22,2950,0.0,0.3879666666666666
22,2951,0.01,0.34285
22,2952,0.126,0.3025
22,2953,0.246,0.3041
22,2954,0.3356666666666666,0.36516666666666664
22,2955,0.2605,0.39225
22,2956,0.148,0.3434
22,2957,0.011,0.28968000000000005
22,2958,0.0,0.25335
22,2959,0.0,0.21707142857142858
22,2960,0.0085,0.1684
22,2961,0.097,0.1383
22,2962,0.204,0.1216
22,2963,0.2995,0.14684999999999998
22,2964,0.276,0.1815
22,2965,0.211,0.1977
22,2966,0.11099999999999999,0.22075
22,2967,0.008333333333333333,0.2999
22,2968,0.0,0.3962
22,2969,0.0,0.4492
22,2970,0.0,0.4305857142857143
22,2971,0.0,0.467
22,2972,0.0,0.4968
22,2973,0.033,0.551
22,2974,0.122,0.5949
22,2975,0.22225,0.62005
22,2976,0.11699999999999999,0.52205
22,2977,0.00525,0.436025
22,2978,0.0,0.4285
22,2979,0.0,0.44825000000000004
22,2980,0.0,0.5358999999999999
22,2981,0.0,0.5831
22,2982,0.0115,0.59325
22,2983,0.12,0.5993
22,2984,0.229,0.6467
22,2985,0.34299999999999997,0.6710999999999999
22,2986,0.262,0.6212
22,2987,0.158,0.5877
22,2988,0.018333333333333333,0.5431
22,2989,0.0,0.51425
22,2990,0.0,0.5043
22,2991,0.0,0.44356
22,2992,0.0,0.37263333333333337
22,2993,0.02333333333333333,0.32749999999999996
22,2994,0.127,0.3033
22,2995,0.21833333333333335,0.3405666666666667
22,2996,0.172,0.47885
22,2997,0.0495,0.5911
22,2998,0.0,0.6932
22,2999,0.0,0.7632
22,3000,0.0,0.7845
22,3001,0.0,0.7639375
22,3002,0.0,0.7227
22,3003,0.038500000000000006,0.7037
22,3004,0.167,0.6921
22,3005,0.29200000000000004,0.69445
22,3006,0.14650000000000002,0.72465
22,3007,0.006666666666666667,0.7568666666666667
22,3008,0.0,0.75335
22,3009,0.0,0.7331
22,3010,0.0,0.68352
22,3011,0.0,0.6185499999999999
22,3012,0.0,0.5629
22,3013,0.0,0.5085
22,3014,0.021500000000000002,0.4442
22,3015,0.099,0.3829
22,3016,0.21575,0.338275
22,3017,0.11099999999999999,0.3197
22,3018,0.005666666666666667,0.3078666666666667
22,3019,0.0,0.25625
22,3020,0.0,0.18745
22,3021,0.0,0.13338571428571427
22,3022,0.0015,0.1366
22,3023,0.04,0.1526
22,3024,0.1285,0.17654999999999998
22,3025,0.20866666666666667,0.24093333333333336
22,3026,0.11449999999999999,0.22999999999999998
22,3027,0.006333333333333333,0.24613333333333332
22,3028,0.0,0.27935
22,3029,0.0,0.27625
22,3030,0.0,0.3094333333333333
22,3031,0.00016666666666666666,0.3489333333333334
22,3032,0.029,0.3125
22,3033,0.0995,0.2755
22,3034,0.13999999999999999,0.20803333333333332
22,3035,0.04666666666666667,0.1483
22,3036,0.0,0.1956
22,3037,0.0,0.26935
22,3038,0.0,0.2715142857142857
22,3039,0.0,0.2323
22,3040,0.017,0.2145
22,3041,0.127,0.1913
22,3042,0.26,0.1656
22,3043,0.375,0.2196
22,3044,0.3275,0.32330000000000003
22,3045,0.215,0.3514
22,3046,0.118,0.3818
22,3047,0.009,0.4382333333333333
22,3048,0.0,0.4986
22,3049,0.0,0.5057499999999999
22,3050,0.0,0.5024714285714286
22,3051,0.0,0.5488
22,3052,0.003,0.5503
22,3053,0.0645,0.54765
22,3054,0.18933333333333335,0.5987333333333335
22,3055,0.14250000000000002,0.641
22,3056,0.035,0.64445
22,3057,0.0,0.5897
22,3058,0.0,0.5265500000000001
22,3059,0.0,0.5098499999999999
22,3060,0.0,0.4903857142857143
22,3061,0.0,0.4043
22,3062,0.02,0.3428
22,3063,0.128,0.3083
22,3064,0.168,0.37525
22,3065,0.036,0.37124999999999997
22,3066,0.0,0.3635
22,3067,0.0,0.3578
22,3068,0.0,0.39551428571428565
22,3069,0.0,0.489
22,3070,0.0155,0.5093000000000001
22,3071,0.0865,0.52195
22,3072,0.1185,0.60515
22,3073,0.0275,0.60585
22,3074,0.0,0.5208999999999999
22,3075,0.0,0.4479
22,3076,0.0,0.35734999999999995
22,3077,0.0,0.28215
22,3078,0.0,0.20984285714285716
22,3079,0.0245,0.20274999999999999
22,3080,0.156,0.1872
22,3081,0.3,0.2129
22,3082,0.39633333333333337,0.2541
22,3083,0.293,0.233
22,3084,0.165,0.2148
22,3085,0.009,0.24063333333333334
22,3086,0.0,0.3004
22,3087,0.0,0.32305
22,3088,0.0,0.33977999999999997
22,3089,0.0,0.4273
22,3090,0.002,0.49565000000000003
22,3091,0.057,0.5258
22,3092,0.153,0.5479
22,3093,0.28924999999999995,0.6334
22,3094,0.191,0.6216
22,3095,0.075,0.614
22,3096,0.00125,0.628125
22,3097,0.0,0.6313500000000001
22,3098,0.0,0.5742
22,3099,0.0,0.5073
22,3100,0.0,0.45308333333333334
22,3101,0.043000000000000003,0.41235
22,3102,0.09549999999999999,0.4119
22,3103,0.001,0.435025
22,3104,0.0,0.38344999999999996
22,3105,0.0,0.3497
22,3106,0.0,0.2847
22,3107,0.0,0.18795
22,3108,0.0,0.1425
22,3109,0.0085,0.12895
22,3110,0.078,0.10619999999999999
22,3111,0.1525,0.10769999999999999
22,3112,0.064,0.1181
22,3113,0.00175,0.16885
22,3114,0.0,0.15660000000000002
22,3115,0.0,0.124
22,3116,0.0,0.07409999999999999
22,3117,0.012,0.0708
22,3118,0.11399999999999999,0.06305
22,3119,0.21133333333333335,0.09386666666666667
22,3120,0.1185,0.1244
22,3121,0.0025,0.1758
22,3122,0.0,0.17725
22,3123,0.0,0.1651
22,3124,0.0,0.1467375
22,3125,0.023,0.1272
22,3126,0.161,0.1204
22,3127,0.288,0.1241
22,3128,0.37366666666666665,0.1355
22,3129,0.271,0.1336
22,3130,0.149,0.1341
22,3131,0.0034000000000000002,0.16166
22,3132,0.0,0.16835
22,3133,0.0,0.15547142857142857
22,3134,0.0,0.1173
22,3135,0.0135,0.10650000000000001
22,3136,0.1295,0.09345
22,3137,0.21999999999999997,0.100825
22,3138,0.089,0.1164
22,3139,0.0026666666666666666,0.16896666666666668
22,3140,0.0,0.21125
22,3141,0.0,0.2149
22,3142,0.0,0.21513749999999998
22,3143,0.005,0.21675
22,3144,0.07285714285714284,0.23727142857142858
22,3145,0.00025,0.25625
22,3146,0.0,0.24725
22,3147,0.0,0.2583
22,3148,0.0,0.2680125
22,3149,0.009,0.29685
22,3150,0.10949999999999999,0.276
22,3151,0.19266666666666668,0.3322
22,3152,0.0745,0.36124999999999996
22,3153,0.0004,0.44010000000000005
22,3154,0.0,0.42265
22,3155,0.0,0.34286666666666665
22,3156,0.0,0.26278333333333337
22,3157,0.026,0.2461
22,3158,0.097,0.1999
22,3159,0.21680000000000002,0.16052
22,3160,0.092,0.169
22,3161,0.001,0.241825
22,3162,0.0,0.28215
22,3163,0.0,0.2962
22,3164,0.0,0.3292
22,3165,0.0,0.3929666666666667
22,3166,0.0,0.4464
22,3167,0.0,0.4847
22,3168,0.027499999999999997,0.5267999999999999
22,3169,0.09325,0.564225
22,3170,0.031,0.5488
22,3171,0.0,0.5692999999999999
22,3172,0.0,0.54525
22,3173,0.0,0.4927
22,3174,0.0,0.4142142857142857
22,3175,0.0,0.3604
22,3176,0.0185,0.3251
22,3177,0.136,0.2671
22,3178,0.28025,0.19435000000000002
22,3179,0.175,0.118
22,3180,0.07,0.1155
22,3181,0.0005,0.135775
22,3182,0.0,0.16295
22,3183,0.0,0.1728
22,3184,0.0,0.18664999999999998
22,3185,0.0125,0.2502
22,3186,0.091,0.2525
22,3187,0.21739999999999998,0.2439
22,3188,0.07,0.2674
22,3189,0.0004,0.31698000000000004
22,3190,0.0,0.2945
22,3191,0.0,0.2452
22,3192,0.016,0.2506333333333333
22,3193,0.1225,0.2567
22,3194,0.0465,0.23445
22,3195,0.0,0.277175
22,3196,0.0,0.2838
22,3197,0.0,0.2663
22,3198,0.0,0.23109999999999997
22,3199,0.024333333333333335,0.22276666666666667
22,3200,0.132,0.2144
22,3201,0.21225,0.22560000000000002
22,3202,0.077,0.2198
22,3203,0.0006666666666666666,0.2594666666666667
22,3204,0.0,0.26754999999999995
22,3205,0.0,0.2651
22,3206,0.0,0.25261999999999996
22,3207,0.0,0.21336666666666668
22,3208,0.005,0.18585
22,3209,0.07,0.1629
22,3210,0.13,0.13106666666666666
22,3211,0.053,0.11595
22,3212,0.0,0.156575
22,3213,0.0,0.18285
22,3214,0.0,0.19136
22,3215,0.0,0.252575
22,3216,0.0105,0.2642
22,3217,0.103,0.2305
22,3218,0.21833333333333335,0.2299
22,3219,0.187,0.3311
22,3220,0.112,0.4037
22,3221,0.02,0.54155
22,3222,0.0,0.68265
22,3223,0.0,0.69855
22,3224,0.0,0.649525
22,3225,0.0,0.5862333333333333
22,3226,0.0,0.5509
22,3227,0.0,0.5404
22,3228,0.032,0.51755
22,3229,0.12625,0.4763
22,3230,0.035333333333333335,0.4276
22,3231,0.0,0.3862666666666667
22,3232,0.0,0.3527
22,3233,0.0,0.3448
22,3234,0.0,0.30272499999999997
22,3235,0.0,0.25293333333333334
22,3236,0.0,0.2323
22,3237,0.0075,0.21965
22,3238,0.11449999999999999,0.19219999999999998
22,3239,0.23199999999999998,0.15823333333333334
22,3240,0.148,0.1315
22,3241,0.053,0.1498
22,3242,0.0,0.19075999999999999
22,3243,0.0,0.183
22,3244,0.0,0.1806
22,3245,0.0,0.15969999999999998
22,3246,0.005,0.1547
22,3247,0.079,0.1381
22,3248,0.143,0.1508
22,3249,0.005666666666666667,0.18086666666666665
22,3250,0.0,0.19395
22,3251,0.0,0.21668750000000003
22,3252,0.010333333333333333,0.18033333333333335
22,3253,0.088,0.107125
22,3254,0.010285714285714287,0.09632857142857143
22,3255,0.0,0.098
22,3256,0.0,0.08232499999999998
22,3257,0.016666666666666666,0.09883333333333333
22,3258,0.13979999999999998,0.12040000000000002
22,3259,0.019,0.21415
22,3260,0.0,0.31726666666666664
22,3261,0.0,0.38249999999999995
22,3262,0.0,0.4103
22,3263,0.0,0.4419666666666667
22,3264,0.0,0.5570333333333334
22,3265,0.0215,0.5848
22,3266,0.09225,0.5963999999999999
22,3267,0.033,0.5589
22,3268,0.0,0.4928
22,3269,0.0,0.39505
22,3270,0.0,0.28335
22,3271,0.0,0.2284
22,3272,0.0,0.1928
22,3273,0.0,0.28025
22,3274,0.0,0.3997
22,3275,0.006,0.4892
22,3276,0.034,0.5586
22,3277,0.0905,0.65215
22,3278,0.1235,0.7584
22,3279,0.0495,0.8249
22,3280,0.0,0.860125
22,3281,0.0,0.8199000000000001
22,3282,0.0,0.735
22,3283,0.0,0.666725
22,3284,0.0,0.5567
22,3285,0.0,0.5685
22,3286,0.0,0.5999
22,3287,0.0535,0.68555
22,3288,0.17124999999999999,0.736625
22,3289,0.0495,0.6708
22,3290,0.0,0.6093333333333333
22,3291,0.0,0.53955
22,3292,0.0,0.5035000000000001
22,3293,0.0,0.5170999999999999
22,3294,0.0,0.66615
22,3295,0.0,0.7433
22,3296,0.001,0.7872
22,3297,0.04157142857142858,0.8418285714285714
22,3298,0.0,0.8564999999999999
22,3299,0.0,0.90635
22,3300,0.0,0.9371499999999999
22,3301,0.004,0.9032
22,3302,0.079,0.8588
22,3303,0.192,0.8257
22,3304,0.2723333333333333,0.7579333333333333
22,3305,0.167,0.6532
22,3306,0.057,0.5903
22,3307,0.0,0.4862666666666667
22,3308,0.0,0.38625
22,3309,0.0,0.34025
22,3310,0.0,0.342125
22,3311,0.0,0.42650000000000005
22,3312,0.0,0.4895
22,3313,0.02033333333333333,0.5305333333333333
22,3314,0.121,0.5475
22,3315,0.15766666666666665,0.6170666666666667
22,3316,0.0475,0.69705
22,3317,0.0,0.7101249999999999
22,3318,0.0,0.6643
22,3319,0.0,0.6627
22,3320,0.0,0.6751666666666667
22,3321,0.0,0.7205499999999999
22,3322,0.0,0.7536
22,3323,0.0,0.7859
22,3324,0.036500000000000005,0.822625
22,3325,0.056,0.7468
22,3326,0.0055000000000000005,0.6616833333333333
22,3327,0.0,0.7050000000000001
22,3328,0.0,0.7014
22,3329,0.0,0.6587666666666667
22,3330,0.0,0.5707
22,3331,0.0,0.4726666666666666
22,3332,0.002,0.4642
22,3333,0.0635,0.5445500000000001
22,3334,0.10166666666666667,0.6408
22,3335,0.014499999999999999,0.7449
22,3336,0.0,0.8231249999999999
22,3337,0.0,0.8825000000000001
22,3338,0.0,0.8746666666666667
22,3339,0.0,0.7883
22,3340,0.0,0.6954666666666666
22,3341,0.0,0.5680000000000001
22,3342,0.004,0.43905
22,3343,0.058,0.3386
22,3344,0.119,0.2458
22,3345,0.03666666666666667,0.1747
22,3346,0.0,0.12334
22,3347,0.0,0.09834999999999999
22,3348,0.0,0.1477
22,3349,0.0,0.23845
22,3350,0.0,0.2954
22,3351,0.0025,0.29785
22,3352,0.033,0.3084
22,3353,0.0605,0.3767
22,3354,0.0545,0.48885
22,3355,0.015,0.5873
22,3356,0.0,0.6872499999999999
22,3357,0.0,0.7668333333333334
22,3358,0.0,0.802
22,3359,0.0,0.8253
22,3360,0.0,0.83025
22,3361,0.003,0.7886
22,3362,0.062,0.7488
22,3363,0.191,0.6933500000000001
22,3364,0.102,0.6571
22,3365,0.004333333333333333,0.6810333333333333
22,3366,0.0,0.6904999999999999
22,3367,0.0,0.67062
22,3368,0.0,0.5977
22,3369,0.0,0.5528
22,3370,0.0005,0.5157
22,3371,0.02642857142857143,0.4458857142857143
22,3372,0.0,0.39825
22,3373,0.0,0.37565
22,3374,0.0,0.38245
22,3375,0.0,0.4335666666666667
22,3376,0.0,0.4103
22,3377,0.010333333333333333,0.4387666666666667
22,3378,0.08075,0.4424
22,3379,0.005,0.4040166666666667
22,3380,0.0,0.43465
22,3381,0.0,0.4429
22,3382,0.0,0.472375
22,3383,0.0015,0.4252
22,3384,0.044,0.3563
22,3385,0.12233333333333334,0.25553333333333333
22,3386,0.033666666666666664,0.20853333333333335
22,3387,0.0,0.22736666666666663
22,3388,0.0,0.3015
22,3389,0.0,0.3683
22,3390,0.0,0.4606
22,3391,0.0,0.5956333333333333
22,3392,0.0,0.6871799999999999
22,3393,0.002,0.7825
22,3394,0.039,0.7979
22,3395,0.1225,0.767325
22,3396,0.0395,0.72365
22,3397,0.0,0.6669999999999999
22,3398,0.0,0.5926
22,3399,0.0,0.5012
22,3400,0.0,0.39525
22,3401,0.0,0.34764
22,3402,0.0,0.5066
22,3403,0.0,0.6584
22,3404,0.0,0.7958
22,3405,0.0,0.89425
22,3406,0.006,0.9311
22,3407,0.036833333333333336,0.9522
22,3408,0.0,0.9211400000000001
22,3409,0.0,0.91505
22,3410,0.0,0.8545
22,3411,0.0,0.7702
22,3412,0.0,0.6756500000000001
22,3413,0.0,0.58705
22,3414,0.0,0.5368
22,3415,0.0,0.5015
22,3416,0.0315,0.4387
22,3417,0.14600000000000002,0.356575
22,3418,0.044,0.30884999999999996
22,3419,0.0,0.27064
22,3420,0.0,0.2422
22,3421,0.0,0.26255
22,3422,0.0,0.2424
22,3423,0.028,0.23155
22,3424,0.14725,0.190725
22,3425,0.043,0.20385
22,3426,0.0,0.267
22,3427,0.0,0.35550000000000004
22,3428,0.0,0.4176
22,3429,0.0,0.45357499999999995
22,3430,0.0,0.37390000000000007
22,3431,0.0,0.3339
22,3432,0.0,0.3306
22,3433,0.016,0.2904125
22,3434,0.0,0.25784
22,3435,0.0,0.30974999999999997
22,3436,0.0,0.37010000000000004
22,3437,0.0,0.42223999999999995
22,3438,0.011666666666666667,0.4195666666666667
22,3439,0.093,0.3932
22,3440,0.168,0.35696666666666665
22,3441,0.02266666666666667,0.4073333333333333
22,3442,0.0,0.5225
22,3443,0.0,0.6342
22,3444,0.0,0.7358
22,3445,0.0,0.8092999999999999
22,3446,0.0,0.7555000000000001
22,3447,0.0,0.67925
22,3448,0.0,0.7274
22,3449,0.006333333333333333,0.7709333333333332
22,3450,0.054,0.8240000000000001
22,3451,0.013111111111111112,0.9084444444444445
22,3452,0.0,0.8843
22,3453,0.0,0.845575
22,3454,0.0,0.7756
22,3455,0.0,0.71345
22,3456,0.012,0.6604
22,3457,0.0825,0.617825
22,3458,0.020499999999999997,0.6152500000000001
22,3459,0.0,0.5571
22,3460,0.0,0.46665
22,3461,0.0,0.36985
22,3462,0.0,0.2620222222222222
22,3463,0.014,0.2548
22,3464,0.11699999999999999,0.21735000000000002
22,3465,0.0325,0.17825000000000002
22,3466,0.0,0.14973333333333333
22,3467,0.0,0.10120000000000001
22,3468,0.0,0.06905
22,3469,0.0,0.06622857142857143
22,3470,0.0,0.0987
22,3471,0.0,0.1242
22,3472,0.021666666666666667,0.1810333333333333
22,3473,0.09033333333333333,0.23750000000000002
22,3474,0.007571428571428571,0.2709142857142857
22,3475,0.0,0.21765
22,3476,0.0,0.24438749999999998
22,3477,0.0,0.2707
22,3478,0.021333333333333333,0.2753333333333334
22,3479,0.09066666666666667,0.3012333333333333
22,3480,0.007142857142857143,0.33091428571428566
22,3481,0.0,0.2966
22,3482,0.0,0.2839285714285714
22,3483,0.0,0.2421
22,3484,0.01,0.2038333333333333
22,3485,0.10375,0.163825
22,3486,0.0265,0.20185
22,3487,0.0,0.2208
22,3488,0.0,0.17665
22,3489,0.0,0.1361
22,3490,0.0,0.1158375
22,3491,0.0,0.1756
22,3492,0.00675,0.2154
22,3493,0.0175,0.2776
22,3494,0.0045000000000000005,0.38475000000000004
22,3495,0.0,0.49255
22,3496,0.0,0.5647
22,3497,0.0,0.58285
22,3498,0.0,0.5937
22,3499,0.0,0.5736000000000001
22,3500,0.0,0.4954
22,3501,0.0,0.4208
22,3502,0.0125,0.3579
22,3503,0.08775000000000001,0.2744
22,3504,0.005333333333333333,0.21235000000000004
22,3505,0.0,0.16444999999999999
22,3506,0.0,0.1445
22,3507,0.0,0.1183625
22,3508,0.0,0.20245
22,3509,0.014,0.3029
22,3510,0.037500000000000006,0.40485000000000004
22,3511,0.018000000000000002,0.5209666666666667
22,3512,0.0,0.5888
22,3513,0.0,0.6286499999999999
22,3514,0.0,0.6334500000000001
22,3515,0.0,0.6445666666666666
22,3516,0.0,0.6018
22,3517,0.0,0.527
22,3518,0.001,0.48705
22,3519,0.068,0.4782
22,3520,0.16266666666666665,0.4731666666666667
22,3521,0.041999999999999996,0.5322
22,3522,0.0,0.6046799999999999
22,3523,0.0,0.6751
22,3524,0.0,0.6787000000000001
22,3525,0.0,0.5462
22,3526,0.0,0.41300000000000003
22,3527,0.0,0.38575
22,3528,0.028857142857142856,0.38499999999999995
22,3529,0.001,0.4896
22,3530,0.0,0.47955000000000003
22,3531,0.0,0.41927500000000006
22,3532,0.0005,0.50185
22,3533,0.029,0.6107499999999999
22,3534,0.061,0.7026
22,3535,0.022000000000000002,0.7596
22,3536,0.0,0.7180333333333334
22,3537,0.0,0.6313
22,3538,0.0,0.5817
22,3539,0.0,0.55185
22,3540,0.0,0.6391666666666667
22,3541,0.0005,0.7718
22,3542,0.014,0.8233
22,3543,0.0448,0.88232
22,3544,0.0005,0.8418
22,3545,0.0,0.7251000000000001
22,3546,0.0,0.636
22,3547,0.0,0.69795
22,3548,0.0,0.7754
22,3549,0.0003333333333333333,0.8172
22,3550,0.019,0.8257
22,3551,0.0595,0.8447499999999999
22,3552,0.0048000000000000004,0.84046
22,3553,0.0,0.77505
22,3554,0.0,0.6677
22,3555,0.0,0.5439
22,3556,0.0,0.44435
22,3557,0.0,0.33415
22,3558,0.0,0.19636666666666666
22,3559,0.0,0.11295
22,3560,0.051250000000000004,0.13017499999999999
22,3561,0.03,0.22475
22,3562,0.0005,0.34450000000000003
22,3563,0.0,0.45785
22,3564,0.0,0.59325
22,3565,0.0,0.6972
22,3566,0.0,0.7697666666666666
22,3567,0.0,0.8116
22,3568,0.001,0.8525
22,3569,0.031,0.8579
22,3570,0.07825,0.8905
22,3571,0.0235,0.9119999999999999
22,3572,0.0,0.9282
22,3573,0.0,0.9218333333333334
22,3574,0.0,0.8705
22,3575,0.0,0.78055
22,3576,0.0,0.6508166666666665
22,3577,0.0075,0.65305
22,3578,0.04,0.719
22,3579,0.035166666666666666,0.8255333333333333
22,3580,0.0,0.8113999999999999
22,3581,0.0,0.7673
22,3582,0.0,0.70255
22,3583,0.0,0.62235
22,3584,0.0,0.51205
22,3585,0.0,0.3898
22,3586,0.0,0.27565
22,3587,0.0015,0.1891
22,3588,0.05940000000000001,0.14484
22,3589,0.002,0.27063333333333334
22,3590,0.0,0.37105
22,3591,0.0,0.46720000000000006
22,3592,0.0,0.5095
22,3593,0.0,0.5168
22,3594,0.0,0.4389
22,3595,0.0,0.37155
22,3596,0.0255,0.37555000000000005
22,3597,0.057499999999999996,0.46914999999999996
22,3598,0.0074285714285714285,0.5351
22,3599,0.0,0.5630999999999999
22,3600,0.0,0.59185
