Y,T,year,PV,Wind
1,1,2009.0,0.00044444444444444447,0.07941111111111113
1,2,2009.0,0.14166666666666666,0.08763333333333333
1,3,2009.0,0.0026666666666666666,0.09081666666666666
1,4,2009.0,0.0,0.13002999999999998
1,5,2009.0,0.015,0.17726666666666668
1,6,2009.0,0.15375,0.115975
1,7,2009.0,0.012375,0.11699999999999999
1,8,2009.0,0.0,0.09252222222222221
1,9,2009.0,0.03666666666666667,0.12103333333333333
1,10,2009.0,0.20179999999999998,0.12394000000000001
1,11,2009.0,0.004666666666666667,0.18041666666666667
1,12,2009.0,0.0,0.19258999999999998
1,13,2009.0,0.015687499999999997,0.17751875
1,14,2009.0,0.006545454545454546,0.23397272727272728
1,15,2009.0,0.2002,0.18622
1,16,2009.0,0.0035714285714285718,0.16472857142857142
1,17,2009.0,0.0017272727272727272,0.2278181818181818
1,18,2009.0,0.20083333333333334,0.28948333333333337
1,19,2009.0,0.00425,0.2384875
1,20,2009.0,0.0,0.11197499999999999
1,21,2009.0,0.04111111111111111,0.0647888888888889
1,22,2009.0,0.0,0.14642
1,23,2009.0,0.0,0.23562
1,24,2009.0,0.0326875,0.255475
1,25,2009.0,0.0,0.2028
1,26,2009.0,0.030666666666666665,0.20596666666666666
1,27,2009.0,0.1944,0.23970000000000002
1,28,2009.0,0.004125,0.3526875
1,29,2009.0,0.0,0.5394874999999999
1,30,2009.0,0.035937500000000004,0.7367125
1,31,2009.0,0.0,0.752925
1,32,2009.0,0.026266666666666667,0.8897533333333333
1,33,2009.0,0.0,0.8768499999999999
1,34,2009.0,0.0,0.7590857142857143
1,35,2009.0,0.0514,0.60472
1,36,2009.0,0.006111111111111111,0.46120000000000005
1,37,2009.0,0.0020909090909090908,0.22816363636363635
1,38,2009.0,0.038,0.12245454545454545
1,39,2009.0,0.0,0.08455
1,40,2009.0,0.055374999999999994,0.11714999999999999
1,41,2009.0,0.0011666666666666668,0.3960333333333334
1,42,2009.0,0.0,0.58514
1,43,2009.0,0.0088,0.7013466666666667
1,44,2009.0,0.0,0.44533333333333336
1,45,2009.0,0.034199999999999994,0.4351
1,46,2009.0,0.02442857142857143,0.5995857142857143
1,47,2009.0,0.0,0.431825
1,48,2009.0,0.0,0.46902499999999997
1,49,2009.0,0.0,0.61105
1,50,2009.0,0.02266666666666667,0.6669
1,51,2009.0,0.186,0.5579600000000001
1,52,2009.0,0.0015,0.8768500000000001
1,53,2009.0,0.0,0.6487874999999999
1,54,2009.0,0.07614285714285715,0.5427
1,55,2009.0,0.012285714285714287,0.6510714285714286
1,56,2009.0,0.0,0.5871999999999999
1,57,2009.0,0.0,0.48070000000000007
1,58,2009.0,0.0196,0.30954666666666664
1,59,2009.0,0.0006000000000000001,0.4161
1,60,2009.0,0.10716666666666667,0.41103333333333336
1,61,2009.0,0.003,0.4455
1,62,2009.0,0.0,0.30497777777777774
1,63,2009.0,0.035666666666666666,0.23456666666666667
1,64,2009.0,0.22150000000000003,0.20675
1,65,2009.0,0.0315,0.35182499999999994
1,66,2009.0,0.0,0.5448333333333334
1,67,2009.0,0.0,0.7328100000000001
1,68,2009.0,0.04285714285714286,0.5574857142857141
1,69,2009.0,0.0,0.3913
1,70,2009.0,0.0,0.22388749999999996
1,71,2009.0,0.015333333333333332,0.2729333333333333
1,72,2009.0,0.1276,0.3941
1,73,2009.0,0.003625,0.356675
1,74,2009.0,0.0,0.252075
1,75,2009.0,0.053500000000000006,0.26457142857142857
1,76,2009.0,0.0,0.37065
1,77,2009.0,0.0,0.6030166666666666
1,78,2009.0,0.06174999999999999,0.507075
1,79,2009.0,0.0035,0.4116666666666666
1,80,2009.0,0.0,0.2852
1,81,2009.0,0.0009,0.14037
1,82,2009.0,0.08962500000000001,0.05305
1,83,2009.0,0.0,0.169425
1,84,2009.0,0.0004166666666666667,0.299675
1,85,2009.0,0.031083333333333334,0.14754166666666665
1,86,2009.0,0.0,0.09559999999999999
1,87,2009.0,0.072125,0.10276249999999999
1,88,2009.0,0.005833333333333334,0.18955
1,89,2009.0,0.0,0.22293000000000002
1,90,2009.0,0.03125,0.38705
1,91,2009.0,0.12175,0.49860000000000004
1,92,2009.0,0.0065,0.5642
1,93,2009.0,0.0,0.63158
1,94,2009.0,0.038250000000000006,0.66281875
1,95,2009.0,0.0,0.5977
1,96,2009.0,0.06735714285714287,0.6446642857142857
1,97,2009.0,0.0,0.5292800000000001
1,98,2009.0,0.0335,0.49685
1,99,2009.0,0.2615,0.5
1,100,2009.0,0.009,0.4564
1,101,2009.0,0.0,0.35144
1,102,2009.0,0.046714285714285715,0.48173571428571427
1,103,2009.0,0.0029090909090909093,0.5747545454545455
1,104,2009.0,0.18016666666666667,0.44644999999999996
1,105,2009.0,0.011000000000000001,0.2964333333333333
1,106,2009.0,0.0,0.13408
1,107,2009.0,0.023,0.1037
1,108,2009.0,0.17400000000000002,0.1391
1,109,2009.0,0.005875,0.203825
1,110,2009.0,0.0,0.2207
1,111,2009.0,0.034,0.24078666666666668
1,112,2009.0,0.0,0.24803333333333333
1,113,2009.0,0.10755555555555557,0.32299999999999995
1,114,2009.0,0.0008571428571428572,0.3179285714285714
1,115,2009.0,0.0,0.387525
1,116,2009.0,0.13377777777777777,0.4563888888888889
1,117,2009.0,0.0013333333333333333,0.3197
1,118,2009.0,0.0,0.1347111111111111
1,119,2009.0,0.05293333333333334,0.08686666666666669
1,120,2009.0,0.002181818181818182,0.0644181818181818
1,121,2009.0,0.11016666666666665,0.05636666666666667
1,122,2009.0,0.0065,0.1706833333333333
1,123,2009.0,0.00525,0.2655166666666666
1,124,2009.0,0.2382857142857143,0.15161428571428573
1,125,2009.0,0.0026666666666666666,0.18544999999999998
1,126,2009.0,0.0,0.21125555555555559
1,127,2009.0,0.029,0.21045
1,128,2009.0,0.21114285714285713,0.1625
1,129,2009.0,0.0036,0.20118
1,130,2009.0,0.0,0.13883
1,131,2009.0,0.09437499999999999,0.1999125
1,132,2009.0,0.004999999999999999,0.25508749999999997
1,133,2009.0,0.0,0.1376375
1,134,2009.0,0.076,0.07813333333333333
1,135,2009.0,0.29874999999999996,0.050824999999999995
1,136,2009.0,0.033,0.06356666666666667
1,137,2009.0,0.0,0.09698749999999999
1,138,2009.0,0.14011111111111113,0.1353888888888889
1,139,2009.0,0.0012857142857142856,0.25482857142857146
1,140,2009.0,0.0,0.2731
1,141,2009.0,0.07922222222222222,0.22476666666666667
1,142,2009.0,0.001142857142857143,0.2891285714285714
1,143,2009.0,0.0016,0.32571000000000006
1,144,2009.0,0.1125,0.36775
1,145,2009.0,0.006875,0.4190125
1,146,2009.0,0.00022222222222222223,0.3420222222222222
1,147,2009.0,0.12485714285714287,0.1803142857142857
1,148,2009.0,0.010714285714285714,0.10652857142857142
1,149,2009.0,0.0,0.07843333333333333
1,150,2009.0,0.113625,0.0704375
1,151,2009.0,0.012714285714285714,0.09601428571428572
1,152,2009.0,0.0,0.17277777777777778
1,153,2009.0,0.0365,0.2005
1,154,2009.0,0.24516666666666664,0.20719999999999997
1,155,2009.0,0.018571428571428572,0.15644285714285713
1,156,2009.0,0.0,0.08256666666666666
1,157,2009.0,0.042,0.11223333333333334
1,158,2009.0,0.15566666666666665,0.2101833333333333
1,159,2009.0,0.002285714285714286,0.31050000000000005
1,160,2009.0,0.0,0.30039999999999994
1,161,2009.0,0.053,0.3363
1,162,2009.0,0.21166666666666667,0.4936833333333333
1,163,2009.0,0.004714285714285714,0.5518142857142857
1,164,2009.0,0.0014444444444444444,0.5229222222222223
1,165,2009.0,0.2294285714285714,0.4703571428571429
1,166,2009.0,0.01125,0.3068625
1,167,2009.0,0.0007777777777777778,0.2601555555555556
1,168,2009.0,0.1202857142857143,0.2121714285714286
1,169,2009.0,0.012571428571428572,0.17254285714285716
1,170,2009.0,0.0007,0.10933
1,171,2009.0,0.11444444444444445,0.08111111111111109
1,172,2009.0,0.0,0.16576000000000002
1,173,2009.0,0.0,0.28526666666666667
1,174,2009.0,0.0,0.4472666666666667
1,175,2009.0,0.072,0.47409999999999997
1,176,2009.0,0.23083333333333333,0.6077666666666667
1,177,2009.0,0.005,0.6179857142857142
1,178,2009.0,0.0,0.6123375
1,179,2009.0,0.12487500000000001,0.5056375
1,180,2009.0,0.01575,0.2955125
1,181,2009.0,0.0014444444444444444,0.3460888888888889
1,182,2009.0,0.155,0.28768571428571427
1,183,2009.0,0.01175,0.2910375
1,184,2009.0,0.0,0.2728875
1,185,2009.0,0.06866666666666667,0.2086
1,186,2009.0,0.23283333333333336,0.23648333333333335
1,187,2009.0,0.005571428571428572,0.27778571428571425
1,188,2009.0,0.0,0.2198125
1,189,2009.0,0.0255,0.16355
1,190,2009.0,0.21285714285714288,0.2185142857142857
1,191,2009.0,0.00842857142857143,0.26602857142857145
1,192,2009.0,0.013363636363636362,0.23390000000000002
1,193,2009.0,0.25539999999999996,0.45822
1,194,2009.0,0.022333333333333334,0.5830000000000001
1,195,2009.0,0.0033333333333333335,0.39070833333333327
1,196,2009.0,0.08557142857142856,0.5321714285714286
1,197,2009.0,0.0015714285714285713,0.39597142857142853
1,198,2009.0,0.0,0.3428875
1,199,2009.0,0.0555,0.20124999999999998
1,200,2009.0,0.23699999999999996,0.09202857142857145
1,201,2009.0,0.008857142857142857,0.04412857142857143
1,202,2009.0,0.0,0.06847500000000001
1,203,2009.0,0.1195,0.12835000000000002
1,204,2009.0,0.30814285714285716,0.14301428571428573
1,205,2009.0,0.011285714285714286,0.1593142857142857
1,206,2009.0,0.0,0.16169999999999995
1,207,2009.0,0.13166666666666668,0.1234
1,208,2009.0,0.30916666666666665,0.18818333333333334
1,209,2009.0,0.010857142857142857,0.27041428571428566
1,210,2009.0,0.0,0.29407500000000003
1,211,2009.0,0.049999999999999996,0.2526333333333333
1,212,2009.0,0.18099999999999997,0.3669
1,213,2009.0,0.045571428571428575,0.5298714285714285
1,214,2009.0,0.0,0.68495
1,215,2009.0,0.00022222222222222223,0.7941777777777779
1,216,2009.0,0.1787777777777778,0.7601444444444444
1,217,2009.0,0.009833333333333333,0.7424666666666667
1,218,2009.0,0.0055,0.72331
1,219,2009.0,0.21250000000000002,0.70965
1,220,2009.0,0.39474999999999993,0.767425
1,221,2009.0,0.21649999999999997,0.68775
1,222,2009.0,0.0095,0.45165000000000005
1,223,2009.0,0.0050999999999999995,0.21416000000000004
1,224,2009.0,0.21250000000000002,0.1918
1,225,2009.0,0.4064,0.2343
1,226,2009.0,0.172,0.19755
1,227,2009.0,0.00425,0.13035000000000002
1,228,2009.0,0.0002,0.08246
1,229,2009.0,0.08566666666666667,0.24276666666666666
1,230,2009.0,0.2262,0.32702
1,231,2009.0,0.02366666666666667,0.4919166666666666
1,232,2009.0,0.0,0.53268
1,233,2009.0,0.07300000000000001,0.56385
1,234,2009.0,0.2937142857142857,0.6830999999999999
1,235,2009.0,0.0182,0.5139400000000001
1,236,2009.0,0.0,0.33194999999999997
1,237,2009.0,0.0,0.16723749999999998
1,238,2009.0,0.07133333333333335,0.09376666666666666
1,239,2009.0,0.1822,0.19998
1,240,2009.0,0.018142857142857145,0.35348571428571424
1,241,2009.0,0.00022222222222222223,0.5445888888888889
1,242,2009.0,0.116,0.6475
1,243,2009.0,0.375,0.7807
1,244,2009.0,0.181,0.75145
1,245,2009.0,0.0036,0.6311
1,246,2009.0,0.0,0.4474333333333333
1,247,2009.0,0.0,0.28244
1,248,2009.0,0.075,0.20966666666666667
1,249,2009.0,0.35633333333333334,0.24716666666666667
1,250,2009.0,0.03885714285714286,0.23985714285714285
1,251,2009.0,0.0066,0.17085
1,252,2009.0,0.267,0.2001375
1,253,2009.0,0.013857142857142858,0.1356142857142857
1,254,2009.0,0.0067777777777777775,0.1215
1,255,2009.0,0.21950000000000003,0.12755
1,256,2009.0,0.36450000000000005,0.16376666666666667
1,257,2009.0,0.017857142857142856,0.21951428571428572
1,258,2009.0,0.000875,0.173575
1,259,2009.0,0.1095,0.0978
1,260,2009.0,0.3981666666666667,0.07403333333333333
1,261,2009.0,0.21450000000000002,0.044
1,262,2009.0,0.005999999999999999,0.0223
1,263,2009.0,0.00125,0.06898750000000001
1,264,2009.0,0.149,0.12605
1,265,2009.0,0.5018333333333332,0.17489999999999997
1,266,2009.0,0.2515,0.1377
1,267,2009.0,0.007666666666666666,0.19003333333333336
1,268,2009.0,0.008777777777777777,0.14370000000000005
1,269,2009.0,0.27849999999999997,0.08710000000000001
1,270,2009.0,0.5194000000000001,0.06794
1,271,2009.0,0.2585,0.0606
1,272,2009.0,0.008333333333333333,0.09101666666666668
1,273,2009.0,0.002,0.1005375
1,274,2009.0,0.19099999999999998,0.11063333333333332
1,275,2009.0,0.42379999999999995,0.23708
1,276,2009.0,0.22849999999999998,0.31805
1,277,2009.0,0.007833333333333333,0.2944333333333333
1,278,2009.0,0.000875,0.3457
1,279,2009.0,0.114,0.4837
1,280,2009.0,0.36728571428571427,0.6725000000000001
1,281,2009.0,0.02666666666666667,0.61575
1,282,2009.0,0.016272727272727272,0.7231636363636365
1,283,2009.0,0.26987500000000003,0.8500374999999999
1,284,2009.0,0.0065,0.7340666666666666
1,285,2009.0,0.0,0.5069
1,286,2009.0,0.004200000000000001,0.3293
1,287,2009.0,0.1595,0.2089
1,288,2009.0,0.35500000000000004,0.260725
1,289,2009.0,0.23933333333333331,0.43496666666666667
1,290,2009.0,0.015,0.6240285714285714
1,291,2009.0,0.002,0.6361125000000001
1,292,2009.0,0.14150000000000001,0.60755
1,293,2009.0,0.4055,0.6426833333333334
1,294,2009.0,0.20350000000000001,0.5258
1,295,2009.0,0.0095,0.366925
1,296,2009.0,0.0,0.30906
1,297,2009.0,0.011666666666666667,0.6043666666666667
1,298,2009.0,0.2574444444444445,0.8017888888888889
1,299,2009.0,0.0085,0.7397
1,300,2009.0,0.002,0.7499375000000001
1,301,2009.0,0.2202222222222222,0.7035
1,302,2009.0,0.017285714285714286,0.6030285714285714
1,303,2009.0,0.0025,0.6612374999999999
1,304,2009.0,0.156,0.72125
1,305,2009.0,0.3872,0.6544
1,306,2009.0,0.2386666666666667,0.46163333333333334
1,307,2009.0,0.014,0.251575
1,308,2009.0,0.0050999999999999995,0.1463
1,309,2009.0,0.253,0.191
1,310,2009.0,0.5095,0.35538333333333333
1,311,2009.0,0.2495,0.4591
1,312,2009.0,0.014400000000000001,0.4061199999999999
1,313,2009.0,0.028272727272727272,0.3155454545454546
1,314,2009.0,0.32480000000000003,0.41622000000000003
1,315,2009.0,0.18400000000000002,0.3584333333333333
1,316,2009.0,0.006666666666666667,0.23146666666666668
1,317,2009.0,0.002625,0.22717500000000002
1,318,2009.0,0.1475,0.2226
1,319,2009.0,0.4185714285714286,0.25638571428571433
1,320,2009.0,0.03666666666666667,0.12501666666666666
1,321,2009.0,0.0,0.08984999999999999
1,322,2009.0,0.16666666666666666,0.0639
1,323,2009.0,0.466,0.12845714285714285
1,324,2009.0,0.041166666666666664,0.0997
1,325,2009.0,0.0,0.10287500000000001
1,326,2009.0,0.0845,0.09620000000000001
1,327,2009.0,0.314,0.094
1,328,2009.0,0.5565,0.1548
1,329,2009.0,0.35633333333333334,0.16219999999999998
1,330,2009.0,0.020200000000000003,0.10478000000000001
1,331,2009.0,0.0,0.12020000000000002
1,332,2009.0,0.13475,0.07757499999999999
1,333,2009.0,0.48819999999999997,0.12125999999999999
1,334,2009.0,0.259,0.14505
1,335,2009.0,0.0164,0.13279999999999997
1,336,2009.0,0.0,0.1378125
1,337,2009.0,0.046,0.1766
1,338,2009.0,0.254,0.2839
1,339,2009.0,0.4164,0.47222
1,340,2009.0,0.21450000000000002,0.5788
1,341,2009.0,0.014000000000000002,0.40449999999999997
1,342,2009.0,0.000125,0.2560375
1,343,2009.0,0.16866666666666666,0.24223333333333333
1,344,2009.0,0.4918,0.36185999999999996
1,345,2009.0,0.29433333333333334,0.2913
1,346,2009.0,0.02025,0.208225
1,347,2009.0,0.0018,0.17956
1,348,2009.0,0.1,0.2028
1,349,2009.0,0.25733333333333336,0.34645
1,350,2009.0,0.03766666666666667,0.32075000000000004
1,351,2009.0,0.0035000000000000005,0.23704000000000006
1,352,2009.0,0.193,0.4027
1,353,2009.0,0.46420000000000006,0.60084
1,354,2009.0,0.30266666666666664,0.5915333333333334
1,355,2009.0,0.0188,0.54902
1,356,2009.0,0.0,0.600375
1,357,2009.0,0.081,0.51755
1,358,2009.0,0.4167142857142857,0.5998857142857144
1,359,2009.0,0.2905,0.49515
1,360,2009.0,0.0256,0.24634
1,361,2009.0,0.0,0.256025
1,362,2009.0,0.05499999999999999,0.45603333333333335
1,363,2009.0,0.20625000000000002,0.6344875000000001
1,364,2009.0,0.01175,0.5778749999999999
1,365,2009.0,0.00011111111111111112,0.4521333333333333
1,366,2009.0,0.10733333333333332,0.33180000000000004
1,367,2009.0,0.25666666666666665,0.3086666666666667
1,368,2009.0,0.04357142857142857,0.17250000000000001
1,369,2009.0,0.0005,0.15469999999999998
1,370,2009.0,0.1245,0.14945
1,371,2009.0,0.45999999999999996,0.22834999999999997
1,372,2009.0,0.28099999999999997,0.1802
1,373,2009.0,0.0198,0.13052000000000002
1,374,2009.0,0.000375,0.07793749999999999
1,375,2009.0,0.1135,0.039599999999999996
1,376,2009.0,0.44057142857142856,0.037528571428571425
1,377,2009.0,0.19699999999999998,0.042133333333333335
1,378,2009.0,0.005,0.082325
1,379,2009.0,0.0218,0.08561
1,380,2009.0,0.43837499999999996,0.1847
1,381,2009.0,0.0644,0.21666
1,382,2009.0,0.0033,0.19366
1,383,2009.0,0.133,0.17125
1,384,2009.0,0.3101428571428571,0.14577142857142858
1,385,2009.0,0.03383333333333333,0.11368333333333332
1,386,2009.0,0.000125,0.152425
1,387,2009.0,0.136,0.21942499999999998
1,388,2009.0,0.33516666666666667,0.35273333333333334
1,389,2009.0,0.04360000000000001,0.40878
1,390,2009.0,0.00022222222222222223,0.3480333333333333
1,391,2009.0,0.0655,0.3497
1,392,2009.0,0.2515,0.40454999999999997
1,393,2009.0,0.42219999999999996,0.45533999999999997
1,394,2009.0,0.18166666666666664,0.4308666666666667
1,395,2009.0,0.00475,0.3957
1,396,2009.0,0.000375,0.3936375
1,397,2009.0,0.16475,0.4104
1,398,2009.0,0.4378,0.39239999999999997
1,399,2009.0,0.2675,0.33485
1,400,2009.0,0.029400000000000003,0.2591
1,401,2009.0,0.000875,0.182025
1,402,2009.0,0.1305,0.12685000000000002
1,403,2009.0,0.5395,0.08229999999999998
1,404,2009.0,0.20800000000000002,0.05475
1,405,2009.0,0.0095,0.086975
1,406,2009.0,0.001375,0.0765
1,407,2009.0,0.1445,0.0528
1,408,2009.0,0.406,0.04385
1,409,2009.0,0.5800000000000001,0.039233333333333335
1,410,2009.0,0.21649999999999997,0.04045
1,411,2009.0,0.01075,0.054650000000000004
1,412,2009.0,0.002,0.0490625
1,413,2009.0,0.157,0.032600000000000004
1,414,2009.0,0.49125,0.020825
1,415,2009.0,0.1875,0.04345
1,416,2009.0,0.0095,0.0864
1,417,2009.0,0.011000000000000001,0.15754444444444443
1,418,2009.0,0.267,0.19725
1,419,2009.0,0.48542857142857143,0.38377142857142854
1,420,2009.0,0.20600000000000002,0.37975000000000003
1,421,2009.0,0.0092,0.18778
1,422,2009.0,0.002857142857142857,0.07212857142857143
1,423,2009.0,0.178,0.06705
1,424,2009.0,0.5327999999999999,0.19636
1,425,2009.0,0.44366666666666665,0.32293333333333335
1,426,2009.0,0.064,0.31948333333333334
1,427,2009.0,0.00125,0.3034625
1,428,2009.0,0.1115,0.1718
1,429,2009.0,0.41537500000000005,0.156025
1,430,2009.0,0.05840000000000001,0.16316000000000003
1,431,2009.0,0.001,0.24186666666666662
1,432,2009.0,0.093,0.25239999999999996
1,433,2009.0,0.347,0.35275
1,434,2009.0,0.056600000000000004,0.19044
1,435,2009.0,0.002,0.16598888888888888
1,436,2009.0,0.1545,0.15594999999999998
1,437,2009.0,0.48137500000000005,0.214475
1,438,2009.0,0.0824,0.11206
1,439,2009.0,0.001888888888888889,0.1103888888888889
1,440,2009.0,0.19533333333333336,0.11736666666666666
1,441,2009.0,0.4182857142857142,0.24934285714285714
1,442,2009.0,0.0676,0.28184000000000003
1,443,2009.0,0.014636363636363637,0.26080000000000003
1,444,2009.0,0.28400000000000003,0.1969125
1,445,2009.0,0.044571428571428574,0.106
1,446,2009.0,0.01175,0.0766375
1,447,2009.0,0.229,0.13345
1,448,2009.0,0.38571428571428573,0.2230285714285714
1,449,2009.0,0.05499999999999999,0.21565
1,450,2009.0,0.002625,0.1385
1,451,2009.0,0.20766666666666667,0.1747
1,452,2009.0,0.5192857142857144,0.35204285714285716
1,453,2009.0,0.20600000000000002,0.40785
1,454,2009.0,0.0165,0.368675
1,455,2009.0,0.0015,0.3240625
1,456,2009.0,0.0755,0.28964999999999996
1,457,2009.0,0.28911111111111104,0.2909555555555555
1,458,2009.0,0.0322,0.11564
1,459,2009.0,0.00375,0.2110125
1,460,2009.0,0.165,0.34785
1,461,2009.0,0.45385714285714285,0.5448857142857143
1,462,2009.0,0.2685,0.4182
1,463,2009.0,0.0515,0.30655
1,464,2009.0,0.004,0.26987777777777777
1,465,2009.0,0.26899999999999996,0.21846666666666667
1,466,2009.0,0.5362857142857143,0.23325714285714283
1,467,2009.0,0.1965,0.18180000000000002
1,468,2009.0,0.013500000000000002,0.15825
1,469,2009.0,0.00275,0.19510000000000002
1,470,2009.0,0.1565,0.37265000000000004
1,471,2009.0,0.5028571428571429,0.4225857142857143
1,472,2009.0,0.273,0.3577666666666666
1,473,2009.0,0.014400000000000001,0.21713999999999997
1,474,2009.0,0.0015714285714285713,0.29881428571428575
1,475,2009.0,0.07,0.42595
1,476,2009.0,0.23875,0.593425
1,477,2009.0,0.034499999999999996,0.5787333333333334
1,478,2009.0,0.020300000000000002,0.42288999999999993
1,479,2009.0,0.3011428571428571,0.4792
1,480,2009.0,0.15233333333333332,0.5979666666666666
1,481,2009.0,0.0088,0.60062
1,482,2009.0,0.004428571428571428,0.3996285714285715
1,483,2009.0,0.14700000000000002,0.25245
1,484,2009.0,0.3253333333333333,0.3047666666666667
1,485,2009.0,0.307,0.5036
1,486,2009.0,0.19275,0.6595
1,487,2009.0,0.01475,0.66345
1,488,2009.0,0.004875,0.6754
1,489,2009.0,0.1855,0.70415
1,490,2009.0,0.488625,0.7267250000000001
1,491,2009.0,0.1825,0.781
1,492,2009.0,0.01175,0.7601500000000001
1,493,2009.0,0.00425,0.7070500000000001
1,494,2009.0,0.139,0.7254499999999999
1,495,2009.0,0.4135714285714286,0.7887285714285716
1,496,2009.0,0.27999999999999997,0.6862333333333334
1,497,2009.0,0.030333333333333334,0.4607333333333334
1,498,2009.0,0.003,0.39903333333333335
1,499,2009.0,0.18133333333333335,0.4288
1,500,2009.0,0.35371428571428576,0.4604857142857143
1,501,2009.0,0.1945,0.42865
1,502,2009.0,0.028666666666666663,0.27566666666666667
1,503,2009.0,0.004555555555555556,0.15008888888888888
1,504,2009.0,0.242,0.06133333333333333
1,505,2009.0,0.4986,0.031060000000000004
1,506,2009.0,0.3033333333333333,0.04533333333333334
1,507,2009.0,0.0385,0.12115
1,508,2009.0,0.008857142857142857,0.1371
1,509,2009.0,0.248,0.17165
1,510,2009.0,0.60625,0.2078625
1,511,2009.0,0.22199999999999998,0.25603333333333333
1,512,2009.0,0.009000000000000001,0.24889090909090913
1,513,2009.0,0.26,0.26
1,514,2009.0,0.60675,0.363325
1,515,2009.0,0.275,0.3872
1,516,2009.0,0.03,0.30867500000000003
1,517,2009.0,0.007375,0.2824625
1,518,2009.0,0.25733333333333336,0.32916666666666666
1,519,2009.0,0.41971428571428565,0.5023714285714286
1,520,2009.0,0.16949999999999998,0.4753
1,521,2009.0,0.01725,0.35505000000000003
1,522,2009.0,0.005875,0.2627875
1,523,2009.0,0.161,0.2605
1,524,2009.0,0.37925,0.42575
1,525,2009.0,0.1625,0.4068
1,526,2009.0,0.018250000000000002,0.31767499999999993
1,527,2009.0,0.0036249999999999998,0.3182375
1,528,2009.0,0.15633333333333332,0.47809999999999997
1,529,2009.0,0.28037500000000004,0.5592375
1,530,2009.0,0.023600000000000003,0.40078
1,531,2009.0,0.004375,0.310725
1,532,2009.0,0.14300000000000002,0.3382
1,533,2009.0,0.3805714285714286,0.5380142857142858
1,534,2009.0,0.22233333333333336,0.5544666666666668
1,535,2009.0,0.016800000000000002,0.42001999999999995
1,536,2009.0,0.005428571428571429,0.23887142857142857
1,537,2009.0,0.161,0.19795000000000001
1,538,2009.0,0.39749999999999996,0.3249875
1,539,2009.0,0.189,0.41659999999999997
1,540,2009.0,0.0184,0.30938
1,541,2009.0,0.005,0.2572
1,542,2009.0,0.1275,0.3601
1,543,2009.0,0.3546666666666667,0.47607777777777777
1,544,2009.0,0.047599999999999996,0.36469999999999997
1,545,2009.0,0.018000000000000002,0.2815333333333333
1,546,2009.0,0.3722,0.33746999999999994
1,547,2009.0,0.0522,0.21056
1,548,2009.0,0.006999999999999999,0.19161250000000002
1,549,2009.0,0.249,0.18463333333333334
1,550,2009.0,0.4558333333333333,0.25439999999999996
1,551,2009.0,0.2755,0.25665
1,552,2009.0,0.047599999999999996,0.13138
1,553,2009.0,0.0065,0.0931375
1,554,2009.0,0.22333333333333336,0.10486666666666666
1,555,2009.0,0.4351428571428571,0.18138571428571426
1,556,2009.0,0.17266666666666666,0.19086666666666666
1,557,2009.0,0.006666666666666667,0.16269999999999998
1,558,2009.0,0.007625,0.1601125
1,559,2009.0,0.22099999999999997,0.14024999999999999
1,560,2009.0,0.49687499999999996,0.15159999999999998
1,561,2009.0,0.16,0.08433333333333333
1,562,2009.0,0.007333333333333334,0.07396666666666667
1,563,2009.0,0.00825,0.16065
1,564,2009.0,0.1615,0.21825
1,565,2009.0,0.29710000000000003,0.3132400000000001
1,566,2009.0,0.031,0.22837500000000002
1,567,2009.0,0.01125,0.15325000000000003
1,568,2009.0,0.325,0.19713333333333335
1,569,2009.0,0.5626666666666668,0.31326666666666664
1,570,2009.0,0.3435,0.27695000000000003
1,571,2009.0,0.05166666666666667,0.18993333333333337
1,572,2009.0,0.010142857142857143,0.18057142857142858
1,573,2009.0,0.1885,0.108
1,574,2009.0,0.3968571428571429,0.11191428571428572
1,575,2009.0,0.1985,0.0655
1,576,2009.0,0.026000000000000002,0.06128
1,577,2009.0,0.007,0.19505
1,578,2009.0,0.16,0.3326
1,579,2009.0,0.45825,0.4729875
1,580,2009.0,0.255,0.51415
1,581,2009.0,0.035,0.3954
1,582,2009.0,0.022899999999999997,0.3912
1,583,2009.0,0.2609,0.45015
1,584,2009.0,0.02975,0.282325
1,585,2009.0,0.008749999999999999,0.1962625
1,586,2009.0,0.23666666666666666,0.14859999999999998
1,587,2009.0,0.423125,0.20591249999999997
1,588,2009.0,0.06020000000000001,0.1419
1,589,2009.0,0.014,0.11764999999999999
1,590,2009.0,0.2695,0.0849
1,591,2009.0,0.6008333333333333,0.16551666666666667
1,592,2009.0,0.453,0.2526333333333333
1,593,2009.0,0.16999999999999998,0.246
1,594,2009.0,0.010750000000000001,0.281625
1,595,2009.0,0.015857142857142858,0.2981428571428571
1,596,2009.0,0.273,0.19175
1,597,2009.0,0.6181666666666668,0.2699
1,598,2009.0,0.4689999999999999,0.2707333333333333
1,599,2009.0,0.0778,0.18728
1,600,2009.0,0.01425,0.16157500000000002
1,601,2009.0,0.272,0.0627
1,602,2009.0,0.6033333333333334,0.08736666666666666
1,603,2009.0,0.461,0.1087
1,604,2009.0,0.07819999999999999,0.12286000000000001
1,605,2009.0,0.013375,0.10266250000000002
1,606,2009.0,0.32833333333333337,0.043000000000000003
1,607,2009.0,0.5878571428571427,0.04817142857142857
1,608,2009.0,0.21733333333333335,0.05023333333333333
1,609,2009.0,0.029249999999999998,0.051699999999999996
1,610,2009.0,0.378,0.0293
1,611,2009.0,0.5655,0.05731666666666666
1,612,2009.0,0.349,0.09345
1,613,2009.0,0.06699999999999999,0.09766
1,614,2009.0,0.012750000000000001,0.1328625
1,615,2009.0,0.2475,0.10905000000000001
1,616,2009.0,0.5031111111111111,0.09044444444444445
1,617,2009.0,0.0706,0.11280000000000001
1,618,2009.0,0.012375,0.10138749999999998
1,619,2009.0,0.2385,0.07735
1,620,2009.0,0.47322222222222216,0.07686666666666667
1,621,2009.0,0.06140000000000001,0.08593999999999999
1,622,2009.0,0.010875,0.08575000000000002
1,623,2009.0,0.20550000000000002,0.1743
1,624,2009.0,0.358875,0.17835000000000004
1,625,2009.0,0.07,0.17711666666666667
1,626,2009.0,0.008625,0.25873749999999995
1,627,2009.0,0.1615,0.3224
1,628,2009.0,0.374125,0.325175
1,629,2009.0,0.07483333333333334,0.25961666666666666
1,630,2009.0,0.008,0.2133625
1,631,2009.0,0.17099999999999999,0.21685
1,632,2009.0,0.37155555555555553,0.18895555555555557
1,633,2009.0,0.0558,0.1548
1,634,2009.0,0.029444444444444447,0.1339111111111111
1,635,2009.0,0.3625,0.12459999999999999
1,636,2009.0,0.5277142857142858,0.11495714285714287
1,637,2009.0,0.166,0.12836666666666666
1,638,2009.0,0.011666666666666667,0.1542
1,639,2009.0,0.010625,0.1408
1,640,2009.0,0.20450000000000002,0.13455
1,641,2009.0,0.47787499999999994,0.0980125
1,642,2009.0,0.17333333333333334,0.07786666666666668
1,643,2009.0,0.010636363636363637,0.056790909090909086
1,644,2009.0,0.186,0.019549999999999998
1,645,2009.0,0.3428571428571428,0.025028571428571428
1,646,2009.0,0.13174999999999998,0.059575
1,647,2009.0,0.008333333333333333,0.08723333333333333
1,648,2009.0,0.013000000000000001,0.12431249999999999
1,649,2009.0,0.308,0.1549
1,650,2009.0,0.5483333333333333,0.2053666666666667
1,651,2009.0,0.27025,0.23954999999999999
1,652,2009.0,0.016,0.17186666666666664
1,653,2009.0,0.016,0.09127500000000001
1,654,2009.0,0.324,0.030266666666666667
1,655,2009.0,0.5238571428571428,0.031014285714285716
1,656,2009.0,0.17700000000000002,0.054733333333333335
1,657,2009.0,0.012666666666666668,0.10146666666666666
1,658,2009.0,0.009875,0.11558750000000001
1,659,2009.0,0.1905,0.0834
1,660,2009.0,0.4281111111111111,0.09577777777777777
1,661,2009.0,0.05900000000000001,0.07271999999999999
1,662,2009.0,0.013250000000000001,0.076875
1,663,2009.0,0.296,0.03833333333333334
1,664,2009.0,0.511,0.03665
1,665,2009.0,0.267,0.0432
1,666,2009.0,0.043333333333333335,0.0415
1,667,2009.0,0.009714285714285715,0.0434
1,668,2009.0,0.176,0.049100000000000005
1,669,2009.0,0.4018571428571428,0.05357142857142856
1,670,2009.0,0.17675,0.0819
1,671,2009.0,0.009250000000000001,0.10337500000000001
1,672,2009.0,0.034125,0.07089999999999999
1,673,2009.0,0.354,0.03925
1,674,2009.0,0.5344285714285715,0.08195714285714285
1,675,2009.0,0.221,0.1605
1,676,2009.0,0.03475,0.22297499999999998
1,677,2009.0,0.011666666666666667,0.3691222222222222
1,678,2009.0,0.22575,0.5752083333333333
1,679,2009.0,0.015,0.3990666666666667
1,680,2009.0,0.013125000000000001,0.3511000000000001
1,681,2009.0,0.26033333333333336,0.5120333333333333
1,682,2009.0,0.415,0.63965
1,683,2009.0,0.212,0.6363
1,684,2009.0,0.031,0.520675
1,685,2009.0,0.003857142857142857,0.5151571428571428
1,686,2009.0,0.1535,0.42055
1,687,2009.0,0.4382,0.54931
1,688,2009.0,0.124,0.50705
1,689,2009.0,0.009000000000000001,0.33244999999999997
1,690,2009.0,0.012857142857142857,0.19962857142857143
1,691,2009.0,0.26533333333333337,0.17720000000000002
1,692,2009.0,0.4711428571428571,0.20484285714285713
1,693,2009.0,0.07016666666666667,0.17678333333333332
1,694,2009.0,0.012625,0.11046250000000002
1,695,2009.0,0.283,0.0358
1,696,2009.0,0.4377142857142857,0.030628571428571425
1,697,2009.0,0.176,0.05265
1,698,2009.0,0.0218,0.077
1,699,2009.0,0.011714285714285715,0.1211
1,700,2009.0,0.197,0.10405
1,701,2009.0,0.40462499999999996,0.10798750000000001
1,702,2009.0,0.16266666666666665,0.07440000000000001
1,703,2009.0,0.029333333333333333,0.05508333333333334
1,704,2009.0,0.378,0.020249999999999997
1,705,2009.0,0.5321428571428571,0.024342857142857145
1,706,2009.0,0.2715,0.054900000000000004
1,707,2009.0,0.0445,0.12292499999999999
1,708,2009.0,0.0165,0.15398750000000003
1,709,2009.0,0.277,0.1007
1,710,2009.0,0.611,0.13863333333333336
1,711,2009.0,0.4633333333333332,0.17836666666666667
1,712,2009.0,0.08099999999999999,0.18868000000000001
1,713,2009.0,0.014374999999999999,0.1777125
1,714,2009.0,0.2936666666666667,0.16723333333333334
1,715,2009.0,0.5425714285714286,0.2853142857142857
1,716,2009.0,0.21,0.2822
1,717,2009.0,0.015999999999999997,0.24076666666666666
1,718,2009.0,0.0035714285714285718,0.2208857142857143
1,719,2009.0,0.14200000000000002,0.15295
1,720,2009.0,0.359,0.18795
1,721,2009.0,0.5188,0.25514000000000003
1,722,2009.0,0.33499999999999996,0.27299999999999996
1,723,2009.0,0.06200000000000001,0.20950000000000002
1,724,2009.0,0.011375,0.158275
1,725,2009.0,0.20650000000000002,0.1219
1,726,2009.0,0.43300000000000005,0.13645555555555555
1,727,2009.0,0.057999999999999996,0.12933333333333333
1,728,2009.0,0.013857142857142858,0.1303857142857143
1,729,2009.0,0.2536666666666667,0.10023333333333334
1,730,2009.0,0.383125,0.09434999999999999
1,731,2009.0,0.04057142857142858,0.09658571428571429
1,732,2009.0,0.014666666666666666,0.09918333333333335
1,733,2009.0,0.199,0.0562
1,734,2009.0,0.4626666666666666,0.06029999999999999
1,735,2009.0,0.07339999999999999,0.1313
1,736,2009.0,0.002857142857142857,0.12875714285714285
1,737,2009.0,0.15566666666666665,0.06916666666666667
1,738,2009.0,0.40900000000000003,0.07731111111111112
1,739,2009.0,0.05333333333333334,0.0909
1,740,2009.0,0.013428571428571429,0.07641428571428573
1,741,2009.0,0.21200000000000002,0.03345
1,742,2009.0,0.45588888888888895,0.06267777777777778
1,743,2009.0,0.1535,0.05105
1,744,2009.0,0.01,0.066175
1,745,2009.0,0.014142857142857143,0.0739857142857143
1,746,2009.0,0.226,0.0614
1,747,2009.0,0.45933333333333337,0.14287777777777777
1,748,2009.0,0.06639999999999999,0.15006
1,749,2009.0,0.010125,0.1688875
1,750,2009.0,0.22999999999999998,0.1922
1,751,2009.0,0.41287500000000005,0.23992500000000003
1,752,2009.0,0.06699999999999999,0.14144
1,753,2009.0,0.014624999999999999,0.1234375
1,754,2009.0,0.237,0.08245
1,755,2009.0,0.46462499999999995,0.14751250000000002
1,756,2009.0,0.2265,0.1782
1,757,2009.0,0.03375,0.1406
1,758,2009.0,0.012750000000000001,0.1265625
1,759,2009.0,0.22699999999999998,0.1031
1,760,2009.0,0.497875,0.13527499999999998
1,761,2009.0,0.17400000000000002,0.11993333333333334
1,762,2009.0,0.0075,0.104825
1,763,2009.0,0.028124999999999997,0.1000625
1,764,2009.0,0.35744444444444445,0.11585555555555554
1,765,2009.0,0.07383333333333335,0.13035
1,766,2009.0,0.02344444444444445,0.19214444444444448
1,767,2009.0,0.31989999999999996,0.24505
1,768,2009.0,0.0468,0.27144
1,769,2009.0,0.011875,0.256325
1,770,2009.0,0.23099999999999998,0.27759999999999996
1,771,2009.0,0.41475,0.268575
1,772,2009.0,0.07616666666666667,0.2266166666666667
1,773,2009.0,0.01175,0.21742499999999998
1,774,2009.0,0.2375,0.2383
1,775,2009.0,0.45928571428571424,0.28265714285714283
1,776,2009.0,0.29600000000000004,0.3217
1,777,2009.0,0.0546,0.26558000000000004
1,778,2009.0,0.011625,0.20524999999999996
1,779,2009.0,0.2823333333333333,0.12390000000000001
1,780,2009.0,0.5032,0.08386
1,781,2009.0,0.3265,0.10495
1,782,2009.0,0.06716666666666667,0.09433333333333334
1,783,2009.0,0.012875000000000001,0.0661625
1,784,2009.0,0.284,0.039066666666666666
1,785,2009.0,0.5247999999999999,0.0653
1,786,2009.0,0.353,0.1478
1,787,2009.0,0.12533333333333332,0.22240000000000001
1,788,2009.0,0.006000000000000001,0.35366666666666663
1,789,2009.0,0.007,0.3327875
1,790,2009.0,0.1815,0.29245
1,791,2009.0,0.48014285714285715,0.32949999999999996
1,792,2009.0,0.32,0.2883
1,793,2009.0,0.06080000000000001,0.17228
1,794,2009.0,0.03077777777777778,0.10469999999999999
1,795,2009.0,0.42344444444444446,0.13584444444444443
1,796,2009.0,0.13033333333333333,0.12426666666666668
1,797,2009.0,0.0038,0.13764
1,798,2009.0,0.038,0.12864285714285714
1,799,2009.0,0.3415,0.1406
1,800,2009.0,0.49933333333333335,0.1938
1,801,2009.0,0.2785,0.16885
1,802,2009.0,0.042666666666666665,0.13228333333333334
1,803,2009.0,0.009999999999999998,0.11258571428571429
1,804,2009.0,0.188,0.11649999999999999
1,805,2009.0,0.4468888888888889,0.128
1,806,2009.0,0.05900000000000001,0.12194
1,807,2009.0,0.011125,0.1043
1,808,2009.0,0.1975,0.054599999999999996
1,809,2009.0,0.41171428571428575,0.051671428571428576
1,810,2009.0,0.18366666666666667,0.02903333333333333
1,811,2009.0,0.016,0.032799999999999996
1,812,2009.0,0.0055,0.1271625
1,813,2009.0,0.125,0.2303
1,814,2009.0,0.29857142857142854,0.3652571428571429
1,815,2009.0,0.13025,0.4698
1,816,2009.0,0.005,0.5212
1,817,2009.0,0.0072499999999999995,0.45636249999999995
1,818,2009.0,0.215,0.3647666666666667
1,819,2009.0,0.4105714285714286,0.34012857142857145
1,820,2009.0,0.185,0.3056
1,821,2009.0,0.02425,0.24125
1,822,2009.0,0.0075,0.23665
1,823,2009.0,0.238,0.26980000000000004
1,824,2009.0,0.41100000000000003,0.3543285714285714
1,825,2009.0,0.149,0.36086666666666667
1,826,2009.0,0.00575,0.28285
1,827,2009.0,0.032625,0.28305
1,828,2009.0,0.4486666666666667,0.4185
1,829,2009.0,0.2255,0.36560000000000004
1,830,2009.0,0.0236,0.20212
1,831,2009.0,0.008571428571428572,0.1596714285714286
1,832,2009.0,0.17333333333333334,0.15263333333333332
1,833,2009.0,0.33599999999999997,0.33465
1,834,2009.0,0.2192,0.44328
1,835,2009.0,0.02325,0.37435
1,836,2009.0,0.010249999999999999,0.26389999999999997
1,837,2009.0,0.20400000000000001,0.28135
1,838,2009.0,0.4751428571428572,0.3863857142857143
1,839,2009.0,0.2625,0.34919999999999995
1,840,2009.0,0.0432,0.2343
1,841,2009.0,0.023444444444444445,0.20420000000000002
1,842,2009.0,0.3205,0.271
1,843,2009.0,0.49157142857142855,0.3235
1,844,2009.0,0.21250000000000002,0.26485
1,845,2009.0,0.025,0.18270000000000003
1,846,2009.0,0.006625,0.170875
1,847,2009.0,0.1515,0.16655
1,848,2009.0,0.30277777777777776,0.25537777777777776
1,849,2009.0,0.046,0.25296
1,850,2009.0,0.010374999999999999,0.17463749999999997
1,851,2009.0,0.243,0.1065
1,852,2009.0,0.5415,0.0822875
1,853,2009.0,0.17433333333333334,0.06526666666666665
1,854,2009.0,0.0045,0.1268
1,855,2009.0,0.004142857142857143,0.2506
1,856,2009.0,0.10700000000000001,0.33705
1,857,2009.0,0.26822222222222225,0.5055000000000001
1,858,2009.0,0.03180000000000001,0.39032
1,859,2009.0,0.0308,0.28579999999999994
1,860,2009.0,0.4502857142857143,0.3682714285714286
1,861,2009.0,0.289,0.3717
1,862,2009.0,0.028,0.242725
1,863,2009.0,0.021666666666666667,0.24297777777777776
1,864,2009.0,0.2305,0.3748
1,865,2009.0,0.3726,0.47905999999999993
1,866,2009.0,0.216,0.5017333333333334
1,867,2009.0,0.031000000000000007,0.46925999999999995
1,868,2009.0,0.008375,0.3552
1,869,2009.0,0.193,0.28295000000000003
1,870,2009.0,0.41500000000000004,0.2607428571428571
1,871,2009.0,0.1955,0.1872
1,872,2009.0,0.033600000000000005,0.18338000000000002
1,873,2009.0,0.0085,0.2590875
1,874,2009.0,0.22849999999999998,0.2912
1,875,2009.0,0.45214285714285707,0.42532857142857144
1,876,2009.0,0.29033333333333333,0.45260000000000006
1,877,2009.0,0.0216,0.26522000000000007
1,878,2009.0,0.007857142857142858,0.15718571428571426
1,879,2009.0,0.247,0.13086666666666666
1,880,2009.0,0.4616666666666667,0.35133333333333333
1,881,2009.0,0.194,0.42825
1,882,2009.0,0.0248,0.4525
1,883,2009.0,0.003375,0.45624999999999993
1,884,2009.0,0.11599999999999999,0.34215
1,885,2009.0,0.3288888888888889,0.44204444444444446
1,886,2009.0,0.0372,0.34722000000000003
1,887,2009.0,0.0073750000000000005,0.32922499999999993
1,888,2009.0,0.21350000000000002,0.34985
1,889,2009.0,0.5443333333333333,0.33431666666666665
1,890,2009.0,0.398,0.22949999999999998
1,891,2009.0,0.176,0.1622
1,892,2009.0,0.01625,0.11282500000000001
1,893,2009.0,0.005875,0.119075
1,894,2009.0,0.1875,0.15889999999999999
1,895,2009.0,0.45887500000000003,0.33352499999999996
1,896,2009.0,0.06416666666666666,0.3821333333333334
1,897,2009.0,0.0262,0.36221000000000003
1,898,2009.0,0.31037499999999996,0.474075
1,899,2009.0,0.06383333333333334,0.37295000000000006
1,900,2009.0,0.006500000000000001,0.296
1,901,2009.0,0.195,0.25670000000000004
1,902,2009.0,0.48912500000000003,0.34135000000000004
1,903,2009.0,0.21700000000000003,0.3039
1,904,2009.0,0.02,0.213225
1,905,2009.0,0.006875,0.1355625
1,906,2009.0,0.2823333333333333,0.08123333333333334
1,907,2009.0,0.53,0.07833999999999999
1,908,2009.0,0.3265,0.08465
1,909,2009.0,0.04028571428571429,0.06555714285714286
1,910,2009.0,0.004,0.050371428571428574
1,911,2009.0,0.1575,0.03665
1,912,2009.0,0.4568750000000001,0.043625
1,913,2009.0,0.181,0.06334999999999999
1,914,2009.0,0.0124,0.0651
1,915,2009.0,0.006857142857142858,0.09072857142857145
1,916,2009.0,0.203,0.07325000000000001
1,917,2009.0,0.4716250000000001,0.1493875
1,918,2009.0,0.176,0.16745
1,919,2009.0,0.0106,0.11244000000000001
1,920,2009.0,0.004285714285714286,0.06191428571428571
1,921,2009.0,0.14700000000000002,0.029150000000000002
1,922,2009.0,0.382875,0.06459999999999999
1,923,2009.0,0.04171428571428572,0.10512857142857143
1,924,2009.0,0.02822222222222222,0.14380000000000004
1,925,2009.0,0.3174,0.16227
1,926,2009.0,0.0165,0.129275
1,927,2009.0,0.005125,0.08108749999999999
1,928,2009.0,0.1785,0.0859
1,929,2009.0,0.40349999999999997,0.16966666666666666
1,930,2009.0,0.2745,0.35965
1,931,2009.0,0.014,0.317525
1,932,2009.0,0.00325,0.245625
1,933,2009.0,0.1565,0.2223
1,934,2009.0,0.413875,0.33362499999999995
1,935,2009.0,0.1805,0.35555000000000003
1,936,2009.0,0.013250000000000001,0.218875
1,937,2009.0,0.01577777777777778,0.11016666666666666
1,938,2009.0,0.316,0.0419
1,939,2009.0,0.5598,0.01784
1,940,2009.0,0.3735,0.024399999999999998
1,941,2009.0,0.057666666666666665,0.053516666666666664
1,942,2009.0,0.002125,0.07725
1,943,2009.0,0.128,0.11636666666666666
1,944,2009.0,0.2871666666666666,0.3123666666666667
1,945,2009.0,0.05542857142857144,0.38548571428571426
1,946,2009.0,0.001875,0.3304625
1,947,2009.0,0.122,0.3386
1,948,2009.0,0.34700000000000003,0.42665
1,949,2009.0,0.41025,0.6340749999999999
1,950,2009.0,0.1755,0.64915
1,951,2009.0,0.012,0.6129
1,952,2009.0,0.00325,0.5708125000000001
1,953,2009.0,0.14900000000000002,0.5156499999999999
1,954,2009.0,0.43942857142857145,0.5876714285714286
1,955,2009.0,0.2715,0.4734
1,956,2009.0,0.020166666666666666,0.23588333333333333
1,957,2009.0,0.03155555555555556,0.16937777777777777
1,958,2009.0,0.3625,0.2316
1,959,2009.0,0.5518000000000001,0.2524
1,960,2009.0,0.3385,0.20450000000000002
1,961,2009.0,0.039,0.11543999999999999
1,962,2009.0,0.0249,0.09369000000000001
1,963,2009.0,0.2575,0.1506
1,964,2009.0,0.37633333333333335,0.30335
1,965,2009.0,0.05033333333333334,0.3453166666666667
1,966,2009.0,0.001875,0.34558750000000005
1,967,2009.0,0.11699999999999999,0.4515
1,968,2009.0,0.379875,0.5201625000000001
1,969,2009.0,0.059666666666666666,0.3062333333333333
1,970,2009.0,0.0,0.3089
1,971,2009.0,0.004333333333333333,0.4869666666666666
1,972,2009.0,0.0955,0.5244500000000001
1,973,2009.0,0.33375,0.48808749999999995
1,974,2009.0,0.0686,0.46698000000000006
1,975,2009.0,0.0014444444444444444,0.3282888888888889
1,976,2009.0,0.11599999999999999,0.2761
1,977,2009.0,0.34575,0.3899375
1,978,2009.0,0.174,0.3851
1,979,2009.0,0.01025,0.34125
1,980,2009.0,0.003,0.29967499999999997
1,981,2009.0,0.179,0.2105
1,982,2009.0,0.47575,0.1661125
1,983,2009.0,0.05600000000000001,0.14586
1,984,2009.0,0.0,0.29553333333333337
1,985,2009.0,0.0014999999999999998,0.4198333333333333
1,986,2009.0,0.14333333333333334,0.40820000000000006
1,987,2009.0,0.2996,0.49463999999999997
1,988,2009.0,0.17825,0.597075
1,989,2009.0,0.006,0.48963999999999996
1,990,2009.0,0.02311111111111111,0.15262222222222224
1,991,2009.0,0.40537500000000004,0.1387
1,992,2009.0,0.17149999999999999,0.20395000000000002
1,993,2009.0,0.0068000000000000005,0.23103999999999997
1,994,2009.0,0.03344444444444444,0.2288888888888889
1,995,2009.0,0.44962500000000005,0.31932499999999997
1,996,2009.0,0.06083333333333334,0.19288333333333332
1,997,2009.0,0.003777777777777778,0.26191111111111115
1,998,2009.0,0.1,0.5111
1,999,2009.0,0.2638571428571429,0.5641428571428572
1,1000,2009.0,0.044500000000000005,0.30701666666666666
1,1001,2009.0,0.00125,0.2257625
1,1002,2009.0,0.1315,0.1137
1,1003,2009.0,0.3978571428571428,0.17034285714285713
1,1004,2009.0,0.16,0.3945666666666667
1,1005,2009.0,0.004,0.55975
1,1006,2009.0,0.008555555555555556,0.5916111111111112
1,1007,2009.0,0.1825,0.6368
1,1008,2009.0,0.350375,0.66845
1,1009,2009.0,0.03175,0.6102749999999999
1,1010,2009.0,0.0108,0.58039
1,1011,2009.0,0.2875,0.5486500000000001
1,1012,2009.0,0.4528571428571429,0.6083428571428572
1,1013,2009.0,0.14200000000000002,0.5205
1,1014,2009.0,0.0038,0.42676
1,1015,2009.0,0.0105,0.2930375
1,1016,2009.0,0.28725,0.22490000000000002
1,1017,2009.0,0.04942857142857143,0.3229285714285714
1,1018,2009.0,0.0067777777777777775,0.3124
1,1019,2009.0,0.23199999999999998,0.4256
1,1020,2009.0,0.40549999999999997,0.46895
1,1021,2009.0,0.2315,0.48555
1,1022,2009.0,0.023142857142857142,0.39780000000000004
1,1023,2009.0,0.011375,0.290725
1,1024,2009.0,0.2825,0.3672
1,1025,2009.0,0.42300000000000004,0.48771666666666663
1,1026,2009.0,0.054714285714285715,0.3098285714285714
1,1027,2009.0,0.000375,0.258125
1,1028,2009.0,0.079,0.17385
1,1029,2009.0,0.3285,0.18789999999999998
1,1030,2009.0,0.12125,0.186475
1,1031,2009.0,0.001,0.255025
1,1032,2009.0,0.0,0.2870875
1,1033,2009.0,0.063,0.41665
1,1034,2009.0,0.313,0.57645
1,1035,2009.0,0.041,0.6285000000000001
1,1036,2009.0,0.00011111111111111112,0.5944444444444444
1,1037,2009.0,0.1605,0.599025
1,1038,2009.0,0.4144,0.5756600000000001
1,1039,2009.0,0.2325,0.5317000000000001
1,1040,2009.0,0.026,0.44215
1,1041,2009.0,0.00022222222222222223,0.32341111111111115
1,1042,2009.0,0.119,0.2384
1,1043,2009.0,0.3198750000000001,0.43998750000000003
1,1044,2009.0,0.0372,0.45282
1,1045,2009.0,0.0,0.3459222222222222
1,1046,2009.0,0.06033333333333333,0.24376666666666666
1,1047,2009.0,0.2545714285714286,0.36065714285714284
1,1048,2009.0,0.02916666666666667,0.4294
1,1049,2009.0,0.0,0.5221499999999999
1,1050,2009.0,0.16233333333333333,0.39103333333333334
1,1051,2009.0,0.46299999999999997,0.29962
1,1052,2009.0,0.285,0.227
1,1053,2009.0,0.036000000000000004,0.12717499999999998
1,1054,2009.0,0.0,0.27143333333333336
1,1055,2009.0,0.0,0.43084999999999996
1,1056,2009.0,0.0055,0.60755
1,1057,2009.0,0.12,0.6675500000000001
1,1058,2009.0,0.33314285714285713,0.7575857142857142
1,1059,2009.0,0.03983333333333334,0.5916166666666666
1,1060,2009.0,0.000125,0.419075
1,1061,2009.0,0.131,0.3171
1,1062,2009.0,0.376,0.33
1,1063,2009.0,0.552,0.284225
1,1064,2009.0,0.3446666666666667,0.18999999999999997
1,1065,2009.0,0.0214,0.12969999999999998
1,1066,2009.0,0.0,0.136675
1,1067,2009.0,0.18466666666666667,0.11616666666666668
1,1068,2009.0,0.4685714285714285,0.12862857142857145
1,1069,2009.0,0.045500000000000006,0.10791666666666666
1,1070,2009.0,0.0,0.072825
1,1071,2009.0,0.15633333333333335,0.049166666666666664
1,1072,2009.0,0.3788571428571429,0.050499999999999996
1,1073,2009.0,0.0502,0.05988
1,1074,2009.0,0.0,0.10977777777777781
1,1075,2009.0,0.14,0.13845000000000002
1,1076,2009.0,0.5321666666666666,0.1487
1,1077,2009.0,0.36133333333333334,0.148
1,1078,2009.0,0.026250000000000002,0.13565
1,1079,2009.0,0.0,0.1479111111111111
1,1080,2009.0,0.143,0.10316666666666667
1,1081,2009.0,0.318125,0.1254625
1,1082,2009.0,0.0145,0.13105
1,1083,2009.0,0.0028,0.12291
1,1084,2009.0,0.1815,0.11225
1,1085,2009.0,0.48342857142857143,0.10537142857142857
1,1086,2009.0,0.0596,0.12698
1,1087,2009.0,0.002,0.12581
1,1088,2009.0,0.14100000000000001,0.13424999999999998
1,1089,2009.0,0.3775,0.15218333333333334
1,1090,2009.0,0.06349999999999999,0.16716666666666669
1,1091,2009.0,0.0,0.1912444444444444
1,1092,2009.0,0.0645,0.18964999999999999
1,1093,2009.0,0.309,0.1864
1,1094,2009.0,0.4978000000000001,0.1636
1,1095,2009.0,0.255,0.1653
1,1096,2009.0,0.016,0.12925
1,1097,2009.0,0.0,0.08364444444444444
1,1098,2009.0,0.072,0.07035
1,1099,2009.0,0.38725,0.06258749999999999
1,1100,2009.0,0.0364,0.0733
1,1101,2009.0,0.0,0.08425555555555556
1,1102,2009.0,0.107,0.1074
1,1103,2009.0,0.33571428571428574,0.12767142857142857
1,1104,2009.0,0.030000000000000006,0.13069999999999998
1,1105,2009.0,0.0,0.1484666666666667
1,1106,2009.0,0.13225,0.16645
1,1107,2009.0,0.3806,0.25623999999999997
1,1108,2009.0,0.177,0.26139999999999997
1,1109,2009.0,0.01,0.18342
1,1110,2009.0,0.0,0.17516250000000003
1,1111,2009.0,0.0555,0.1401
1,1112,2009.0,0.2925,0.12995
1,1113,2009.0,0.49575,0.21055000000000001
1,1114,2009.0,0.329,0.29305
1,1115,2009.0,0.0402,0.30776
1,1116,2009.0,0.0010999999999999998,0.41108
1,1117,2009.0,0.0945,0.3278
1,1118,2009.0,0.23442857142857146,0.49482857142857145
1,1119,2009.0,0.013571428571428571,0.6227857142857143
1,1120,2009.0,0.002375,0.708325
1,1121,2009.0,0.154,0.68455
1,1122,2009.0,0.3253333333333333,0.6709666666666667
1,1123,2009.0,0.146,0.51705
1,1124,2009.0,0.0064,0.42386
1,1125,2009.0,0.0,0.3809875
1,1126,2009.0,0.13225,0.350525
1,1127,2009.0,0.34450000000000003,0.49708333333333327
1,1128,2009.0,0.029599999999999998,0.40906000000000003
1,1129,2009.0,0.0,0.39015555555555553
1,1130,2009.0,0.123,0.33466666666666667
1,1131,2009.0,0.34500000000000003,0.38825000000000004
1,1132,2009.0,0.03985714285714286,0.3426
1,1133,2009.0,0.0,0.328275
1,1134,2009.0,0.1355,0.31772500000000004
1,1135,2009.0,0.36533333333333334,0.40839999999999993
1,1136,2009.0,0.027333333333333334,0.34926666666666667
1,1137,2009.0,0.0,0.2629625
1,1138,2009.0,0.13574999999999998,0.1802
1,1139,2009.0,0.41600000000000004,0.1973
1,1140,2009.0,0.191,0.2106
1,1141,2009.0,0.00775,0.2198
1,1142,2009.0,0.0,0.3143
1,1143,2009.0,0.047999999999999994,0.29615
1,1144,2009.0,0.3187142857142858,0.36604285714285706
1,1145,2009.0,0.057,0.42219999999999996
1,1146,2009.0,0.0007,0.34797
1,1147,2009.0,0.133,0.28405
1,1148,2009.0,0.30283333333333334,0.40208333333333335
1,1149,2009.0,0.041857142857142864,0.4201857142857143
1,1150,2009.0,0.0,0.35405999999999993
1,1151,2009.0,0.0142,0.21368
1,1152,2009.0,0.27487500000000004,0.12265000000000001
1,1153,2009.0,0.0188,0.10032
1,1154,2009.0,0.0,0.1441222222222222
1,1155,2009.0,0.05433333333333334,0.16066666666666665
1,1156,2009.0,0.26471428571428574,0.25434285714285715
1,1157,2009.0,0.014333333333333332,0.2870833333333333
1,1158,2009.0,0.0,0.24334999999999998
1,1159,2009.0,0.042,0.1621
1,1160,2009.0,0.35525,0.14825
1,1161,2009.0,0.021666666666666667,0.20253333333333332
1,1162,2009.0,0.0,0.1434625
1,1163,2009.0,0.04466666666666667,0.07836666666666667
1,1164,2009.0,0.18433333333333332,0.19843333333333332
1,1165,2009.0,0.035,0.491525
1,1166,2009.0,0.0,0.6457333333333333
1,1167,2009.0,0.0,0.7884125000000001
1,1168,2009.0,0.08600000000000001,0.871575
1,1169,2009.0,0.309,0.9224600000000001
1,1170,2009.0,0.054400000000000004,0.8435
1,1171,2009.0,0.0,0.71925
1,1172,2009.0,0.0,0.6137333333333334
1,1173,2009.0,0.0,0.41690000000000005
1,1174,2009.0,0.0375,0.27085000000000004
1,1175,2009.0,0.339,0.19813750000000002
1,1176,2009.0,0.018166666666666668,0.09181666666666667
1,1177,2009.0,0.0031,0.05730999999999999
1,1178,2009.0,0.24075,0.057624999999999996
1,1179,2009.0,0.014499999999999999,0.19531666666666667
1,1180,2009.0,0.0021999999999999997,0.31144000000000005
1,1181,2009.0,0.1235,0.25934999999999997
1,1182,2009.0,0.25342857142857145,0.37141428571428575
1,1183,2009.0,0.0021999999999999997,0.38494
1,1184,2009.0,0.0,0.3393125
1,1185,2009.0,0.05366666666666667,0.2413
1,1186,2009.0,0.265,0.22203999999999996
1,1187,2009.0,0.03925,0.2173875
1,1188,2009.0,0.0,0.3192125
1,1189,2009.0,0.09200000000000001,0.2711666666666666
1,1190,2009.0,0.46440000000000003,0.17404
1,1191,2009.0,0.327,0.061399999999999996
1,1192,2009.0,0.021,0.07393333333333334
1,1193,2009.0,0.0,0.2252875
1,1194,2009.0,0.04957142857142858,0.44232857142857146
1,1195,2009.0,0.0,0.32655
1,1196,2009.0,0.0,0.163825
1,1197,2009.0,0.11249999999999999,0.090075
1,1198,2009.0,0.322,0.13366666666666666
1,1199,2009.0,0.009666666666666667,0.19135
1,1200,2009.0,0.0,0.28759999999999997
1,1201,2009.0,0.05533333333333334,0.37456666666666666
1,1202,2009.0,0.3025,0.50625
1,1203,2009.0,0.04883333333333334,0.4440166666666667
1,1204,2009.0,0.0,0.33475
1,1205,2009.0,0.003888888888888889,0.1834666666666667
1,1206,2009.0,0.301625,0.03065
1,1207,2009.0,0.0158,0.04846
1,1208,2009.0,0.0017272727272727272,0.10926363636363638
1,1209,2009.0,0.17275,0.0860375
1,1210,2009.0,0.0073999999999999995,0.1129
1,1211,2009.0,0.0,0.1224111111111111
1,1212,2009.0,0.06575,0.0673
1,1213,2009.0,0.23500000000000001,0.038450000000000005
1,1214,2009.0,0.007666666666666666,0.037283333333333335
1,1215,2009.0,0.0,0.035725
1,1216,2009.0,0.03825,0.043375
1,1217,2009.0,0.18099999999999997,0.05456666666666666
1,1218,2009.0,0.006166666666666667,0.14848333333333333
1,1219,2009.0,0.0,0.19768750000000002
1,1220,2009.0,0.10950000000000001,0.2106
1,1221,2009.0,0.40266666666666673,0.2076333333333333
1,1222,2009.0,0.017833333333333333,0.19291666666666665
1,1223,2009.0,0.0,0.121625
1,1224,2009.0,0.052,0.07080000000000002
1,1225,2009.0,0.354,0.05371428571428571
1,1226,2009.0,0.013666666666666667,0.10863333333333332
1,1227,2009.0,0.0,0.1952875
1,1228,2009.0,0.0105,0.2449
1,1229,2009.0,0.21185714285714288,0.19154285714285715
1,1230,2009.0,0.018571428571428572,0.12402857142857142
1,1231,2009.0,0.0007,0.09820999999999999
1,1232,2009.0,0.196375,0.2029125
1,1233,2009.0,0.0066,0.29218
1,1234,2009.0,0.001090909090909091,0.4240818181818181
1,1235,2009.0,0.12087500000000001,0.6184499999999999
1,1236,2009.0,0.0023333333333333335,0.5381333333333334
1,1237,2009.0,0.0,0.409775
1,1238,2009.0,0.0045,0.418
1,1239,2009.0,0.159,0.37344999999999995
1,1240,2009.0,0.005,0.34723999999999994
1,1241,2009.0,0.0,0.2522777777777778
1,1242,2009.0,0.019,0.23996666666666666
1,1243,2009.0,0.17266666666666666,0.25458333333333333
1,1244,2009.0,0.017166666666666667,0.26256666666666667
1,1245,2009.0,0.0,0.22712222222222225
1,1246,2009.0,0.03233333333333333,0.2018
1,1247,2009.0,0.25542857142857145,0.14745714285714287
1,1248,2009.0,0.0068000000000000005,0.16468
1,1249,2009.0,0.0,0.17767500000000003
1,1250,2009.0,0.00525,0.39365
1,1251,2009.0,0.15414285714285716,0.6998142857142858
1,1252,2009.0,0.0052,0.7285199999999998
1,1253,2009.0,0.0,0.6972444444444444
1,1254,2009.0,0.0625,0.658125
1,1255,2009.0,0.2191666666666667,0.6601499999999999
1,1256,2009.0,0.0056,0.58252
1,1257,2009.0,0.0,0.46092000000000005
1,1258,2009.0,0.0,0.31977500000000003
1,1259,2009.0,0.029666666666666664,0.22383333333333333
1,1260,2009.0,0.23500000000000001,0.08765714285714286
1,1261,2009.0,0.002285714285714286,0.09547142857142857
1,1262,2009.0,0.0003333333333333333,0.2393555555555556
1,1263,2009.0,0.09625,0.33818750000000003
1,1264,2009.0,0.0018,0.46936
1,1265,2009.0,0.0,0.4431
1,1266,2009.0,0.0,0.30501999999999996
1,1267,2009.0,0.044000000000000004,0.25905
1,1268,2009.0,0.2487142857142857,0.1743142857142857
1,1269,2009.0,0.004,0.10701666666666665
1,1270,2009.0,0.0,0.13016666666666668
1,1271,2009.0,0.13844444444444443,0.1944
1,1272,2009.0,0.0028,0.2901
1,1273,2009.0,0.0,0.34984
1,1274,2009.0,0.06666666666666667,0.4142333333333334
1,1275,2009.0,0.1654,0.54832
1,1276,2009.0,0.005,0.5635166666666667
1,1277,2009.0,0.0,0.4451
1,1278,2009.0,0.0,0.310875
1,1279,2009.0,0.0265,0.24359999999999998
1,1280,2009.0,0.21585714285714283,0.2583857142857143
1,1281,2009.0,0.0018571428571428571,0.2816571428571429
1,1282,2009.0,0.0,0.2770888888888889
1,1283,2009.0,0.046875,0.45611250000000003
1,1284,2009.0,0.0014,0.6358
1,1285,2009.0,9.090909090909092e-05,0.6669727272727273
1,1286,2009.0,0.17216666666666666,0.5694166666666666
1,1287,2009.0,0.06666666666666667,0.38356666666666667
1,1288,2009.0,0.0,0.21866666666666668
1,1289,2009.0,0.0,0.286875
1,1290,2009.0,0.004333333333333334,0.45178333333333337
1,1291,2009.0,0.12214285714285714,0.4224571428571428
1,1292,2009.0,0.0012000000000000001,0.31904000000000005
1,1293,2009.0,0.0,0.23932000000000003
1,1294,2009.0,0.10044444444444445,0.1592888888888889
1,1295,2009.0,0.0004285714285714286,0.12257142857142858
1,1296,2009.0,0.0,0.1552125
1,1297,2009.0,0.12877777777777777,0.16344444444444442
1,1298,2009.0,0.001,0.16086
1,1299,2009.0,0.0,0.08841
1,1300,2009.0,0.02766666666666667,0.23863333333333334
1,1301,2009.0,0.05818181818181818,0.38043636363636363
1,1302,2009.0,0.0,0.28590000000000004
1,1303,2009.0,0.0,0.2172
1,1304,2009.0,0.11644444444444448,0.1328222222222222
1,1305,2009.0,0.00014285714285714287,0.13758571428571428
1,1306,2009.0,0.0,0.15617499999999998
1,1307,2009.0,0.011,0.1128
1,1308,2009.0,0.18866666666666665,0.06753333333333333
1,1309,2009.0,0.012,0.0613375
1,1310,2009.0,0.0,0.0700888888888889
1,1311,2009.0,0.18757142857142858,0.11392857142857142
1,1312,2009.0,0.01225,0.20083749999999997
1,1313,2009.0,0.0008,0.13172999999999999
1,1314,2009.0,0.039928571428571424,0.03553571428571428
1,1315,2009.0,0.0,0.032587500000000005
1,1316,2009.0,0.0898888888888889,0.09581111111111112
1,1317,2009.0,0.0002,0.28076
1,1318,2009.0,0.0,0.3624
1,1319,2009.0,0.0,0.42318750000000005
1,1320,2009.0,0.08957142857142857,0.31538571428571427
1,1321,2009.0,0.008125,0.6107125
1,1322,2009.0,0.0,0.30085555555555554
1,1323,2009.0,0.0818888888888889,0.19225555555555554
1,1324,2009.0,0.0,0.313
1,1325,2009.0,0.0,0.52035
1,1326,2009.0,0.0,0.6060875
1,1327,2009.0,0.03833333333333333,0.5915933333333333
1,1328,2009.0,0.0,0.39974444444444446
1,1329,2009.0,0.10737500000000001,0.27645
1,1330,2009.0,0.009,0.3219666666666667
1,1331,2009.0,0.00025,0.35391666666666666
1,1332,2009.0,0.04581818181818182,0.49419090909090907
1,1333,2009.0,0.0015384615384615385,0.6019461538461539
1,1334,2009.0,0.197,0.54018
1,1335,2009.0,0.02,0.5482111111111112
1,1336,2009.0,0.0,0.4482625
1,1337,2009.0,0.04377777777777778,0.35662222222222223
1,1338,2009.0,0.0,0.5630999999999999
1,1339,2009.0,0.0,0.7684500000000001
1,1340,2009.0,0.0,0.8176222222222224
1,1341,2009.0,0.04693333333333334,0.78354
1,1342,2009.0,0.0,0.6366111111111111
1,1343,2009.0,0.09825,0.6046625
1,1344,2009.0,0.008499999999999999,0.43211666666666665
1,1345,2009.0,0.0,0.25961999999999996
1,1346,2009.0,0.032999999999999995,0.42772000000000004
1,1347,2009.0,0.016625,0.75165
1,1348,2009.0,0.0,0.6624333333333333
1,1349,2009.0,0.0,0.68255
1,1350,2009.0,0.032,0.6340749999999999
1,1351,2009.0,0.025,0.7667818181818181
1,1352,2009.0,0.0,0.723625
1,1353,2009.0,0.0016666666666666668,0.49826666666666664
1,1354,2009.0,0.08419999999999998,0.42862
1,1355,2009.0,0.008555555555555556,0.5499222222222222
1,1356,2009.0,0.0007272727272727273,0.37620000000000003
1,1357,2009.0,0.033666666666666664,0.6451666666666668
1,1358,2009.0,0.009571428571428573,0.7885142857142855
1,1359,2009.0,0.0,0.5901333333333334
1,1360,2009.0,0.0,0.6915625
1,1361,2009.0,0.03878571428571429,0.8803071428571428
1,1362,2009.0,0.0,0.8028
1,1363,2009.0,0.0,0.7052625
1,1364,2009.0,0.058444444444444445,0.6566666666666666
1,1365,2009.0,0.0,0.5477399999999999
1,1366,2009.0,0.0,0.45775
1,1367,2009.0,0.0,0.3669374999999999
1,1368,2009.0,0.03828571428571429,0.30625714285714284
1,1369,2009.0,0.0,0.12507
1,1370,2009.0,0.03892857142857143,0.12535714285714286
1,1371,2009.0,0.0,0.27344999999999997
1,1372,2009.0,0.0,0.42838750000000003
1,1373,2009.0,0.023125,0.5634562500000001
1,1374,2009.0,0.00030000000000000003,0.4766000000000001
1,1375,2009.0,0.14514285714285716,0.29785714285714293
1,1376,2009.0,0.0,0.1696
1,1377,2009.0,0.00036363636363636367,0.15596363636363633
1,1378,2009.0,0.0512,0.38932
1,1379,2009.0,0.004888888888888889,0.6194444444444445
1,1380,2009.0,0.0,0.38388750000000005
1,1381,2009.0,0.0215,0.22672857142857142
1,1382,2009.0,0.0,0.16209999999999997
1,1383,2009.0,0.02175,0.31947500000000006
1,1384,2009.0,0.0,0.23027499999999998
1,1385,2009.0,0.029,0.14356666666666665
1,1386,2009.0,0.1825,0.08954999999999999
1,1387,2009.0,0.013285714285714286,0.21389999999999998
1,1388,2009.0,0.0,0.37465
1,1389,2009.0,0.0,0.40083749999999996
1,1390,2009.0,0.052888888888888895,0.28436666666666666
1,1391,2009.0,0.0,0.42626
1,1392,2009.0,0.0,0.5616000000000001
1,1393,2009.0,0.07942857142857143,0.44570000000000004
1,1394,2009.0,0.01457142857142857,0.6842285714285714
1,1395,2009.0,0.0,0.622525
1,1396,2009.0,0.0,0.444325
1,1397,2009.0,0.026571428571428572,0.3661857142857143
1,1398,2009.0,0.0,0.22627999999999998
1,1399,2009.0,0.0023846153846153848,0.1752923076923077
1,1400,2009.0,0.0925,0.27625
1,1401,2009.0,0.005999999999999999,0.5132428571428572
1,1402,2009.0,0.0,0.3898500000000001
1,1403,2009.0,0.04977777777777778,0.30816666666666664
1,1404,2009.0,0.0,0.18905714285714284
1,1405,2009.0,0.0,0.1896875
1,1406,2009.0,0.018666666666666665,0.1422
1,1407,2009.0,0.173,0.10088
1,1408,2009.0,0.0036666666666666666,0.07075000000000001
1,1409,2009.0,0.0,0.07467
1,1410,2009.0,0.033625,0.10733125
1,1411,2009.0,0.0,0.09946250000000001
1,1412,2009.0,0.052642857142857144,0.11043571428571428
1,1413,2009.0,0.0,0.09023
1,1414,2009.0,0.039,0.09647142857142857
1,1415,2009.0,8.333333333333333e-05,0.15899166666666667
1,1416,2009.0,0.021692307692307695,0.24341538461538462
1,1417,2009.0,0.00018181818181818183,0.24479090909090911
1,1418,2009.0,0.029615384615384616,0.20359999999999998
1,1419,2009.0,0.0,0.20775555555555558
1,1420,2009.0,0.015749999999999997,0.28365625
1,1421,2009.0,0.0,0.31093750000000003
1,1422,2009.0,0.036312500000000004,0.31734374999999987
1,1423,2009.0,0.0,0.30336250000000003
1,1424,2009.0,0.046785714285714285,0.1734
1,1425,2009.0,0.0,0.14309000000000002
1,1426,2009.0,0.03475,0.22205000000000003
1,1427,2009.0,0.03872727272727273,0.36467272727272726
1,1428,2009.0,0.0,0.31537777777777776
1,1429,2009.0,0.035437500000000004,0.2867875
1,1430,2009.0,0.0001,0.27704000000000006
1,1431,2009.0,0.03292857142857143,0.13002857142857144
1,1432,2009.0,0.0002,0.07331000000000001
1,1433,2009.0,0.1196,0.10482
1,1434,2009.0,0.009333333333333332,0.1451222222222222
1,1435,2009.0,0.0,0.2225333333333333
1,1436,2009.0,0.08916666666666667,0.1852
1,1437,2009.0,0.0074444444444444445,0.10342222222222222
1,1438,2009.0,0.0,0.11497500000000001
1,1439,2009.0,0.025714285714285714,0.0946785714285714
1,1440,2009.0,0.0036923076923076922,0.13575384615384617
1,1441,2009.0,0.156,0.10628
1,1442,2009.0,0.0023333333333333335,0.13555
1,1443,2009.0,0.0,0.15639166666666668
1,1444,2009.0,0.027071428571428573,0.16484999999999997
1,1445,2009.0,0.0,0.1800375
1,1446,2009.0,0.008333333333333333,0.25016666666666665
1,1447,2009.0,0.05211111111111111,0.28455555555555556
1,1448,2009.0,0.0,0.15659999999999996
1,1449,2009.0,0.0002,0.053180000000000005
1,1450,2009.0,0.1244,0.04204000000000001
1,1451,2009.0,0.01,0.09291428571428573
1,1452,2009.0,0.0,0.17932857142857142
1,1453,2009.0,0.0013333333333333333,0.29284999999999994
1,1454,2009.0,0.01381818181818182,0.35573636363636363
1,1455,2009.0,0.0,0.4559249999999999
1,1456,2009.0,0.0095,0.6043714285714286
1,1457,2009.0,0.0,0.42943749999999997
1,1458,2009.0,0.008,0.3212
1,1459,2009.0,0.040400000000000005,0.24276999999999999
1,1460,2009.0,0.0,0.222275
